t,anio,semana,week_start,ALMIRANTE BROWN,AVELLANEDA,BERAZATEGUI,ESTEBAN ECHEVERRÍA,EZEIZA,FLORENCIO VARELA,GENERAL SAN MARTÍN,HURLINGHAM,ITUZAINGÓ,JOSÉ C. PAZ,LA MATANZA,LANÚS,LOMAS DE ZAMORA,MALVINAS ARGENTINAS,MERLO,MORENO,MORÓN,QUILMES,SAN FERNANDO,SAN ISIDRO,SAN MIGUEL,TIGRE,TRES DE FEBRERO,VICENTE LÓPEZ
0,2022,1,2022-01-02,31.0,116.0,,,153.0,545.0,15.0,21.0,,54.0,84.0,163.0,9.0,10.0,43.0,,33.0,3.0,,30.0,79.0,,60.0,372.0
1,2022,2,2022-01-09,26.0,62.0,,,115.0,569.0,30.0,14.0,,125.0,60.0,119.0,1.0,11.0,19.0,,69.0,0.0,,128.0,67.0,,65.0,230.0
2,2022,3,2022-01-16,31.0,70.0,,,111.0,307.0,33.0,12.0,,66.0,62.0,85.0,5.0,15.0,39.0,,97.0,2.0,,132.0,71.0,,52.0,313.0
3,2022,4,2022-01-23,28.0,72.0,,3.0,155.0,361.0,22.0,36.0,,10.0,52.0,99.0,13.0,13.0,25.0,,88.0,0.0,,103.0,77.0,3.0,34.0,214.0
4,2022,5,2022-01-30,29.0,117.0,2.0,,62.0,368.0,18.0,22.0,,20.0,75.0,119.0,1.0,16.0,117.0,,72.0,2.0,,135.0,62.0,1.0,47.0,120.0
5,2022,6,2022-02-06,30.0,97.0,4.0,,77.0,388.0,17.0,23.0,,17.0,36.0,102.0,4.0,9.0,34.0,,68.0,1.0,,131.0,42.0,0.0,33.0,117.0
6,2022,7,2022-02-13,51.0,138.0,5.0,,103.0,34.0,62.0,30.0,,23.0,70.0,150.0,8.0,8.0,40.0,,19.0,4.0,,66.0,62.0,0.0,64.0,136.0
7,2022,8,2022-02-20,53.0,188.0,3.0,,77.0,0.0,54.0,44.0,,19.0,72.0,176.0,13.0,12.0,37.0,,26.0,0.0,,130.0,75.0,1.0,80.0,150.0
8,2022,9,2022-02-27,69.0,258.0,3.0,,58.0,154.0,88.0,77.0,,32.0,77.0,180.0,7.0,31.0,38.0,,39.0,0.0,,74.0,63.0,6.0,177.0,167.0
9,2022,10,2022-03-06,103.0,253.0,14.0,2.0,186.0,160.0,110.0,144.0,,58.0,76.0,383.0,24.0,23.0,51.0,,86.0,4.0,,99.0,80.0,3.0,206.0,192.0
10,2022,11,2022-03-13,100.0,244.0,14.0,4.0,153.0,103.0,138.0,175.0,,70.0,91.0,309.0,26.0,28.0,106.0,,55.0,10.0,,89.0,98.0,38.0,165.0,179.0
11,2022,12,2022-03-20,74.0,236.0,0.0,1.0,114.0,101.0,118.0,101.0,,37.0,93.0,374.0,21.0,31.0,59.0,,33.0,8.0,,84.0,92.0,28.0,101.0,137.0
12,2022,13,2022-03-27,79.0,185.0,0.0,2.0,160.0,111.0,141.0,117.0,,28.0,114.0,278.0,20.0,35.0,142.0,,47.0,17.0,,192.0,105.0,11.0,115.0,152.0
13,2022,14,2022-04-03,112.0,228.0,8.0,2.0,172.0,1.0,124.0,79.0,,37.0,96.0,363.0,28.0,14.0,91.0,,21.0,24.0,,92.0,92.0,19.0,48.0,142.0
14,2022,15,2022-04-10,67.0,209.0,0.0,3.0,88.0,67.0,112.0,67.0,,26.0,79.0,385.0,16.0,0.0,158.0,,20.0,11.0,,105.0,96.0,14.0,155.0,126.0
15,2022,16,2022-04-17,68.0,206.0,22.0,0.0,71.0,52.0,139.0,61.0,,27.0,93.0,297.0,23.0,4.0,196.0,,30.0,21.0,,78.0,99.0,9.0,137.0,155.0
16,2022,17,2022-04-24,145.0,153.0,20.0,1.0,107.0,42.0,111.0,42.0,,17.0,123.0,340.0,14.0,17.0,253.0,,38.0,145.0,,75.0,86.0,8.0,140.0,131.0
17,2022,18,2022-05-01,159.0,315.0,351.0,2.0,150.0,44.0,139.0,60.0,,415.0,114.0,350.0,36.0,263.0,489.0,169.0,31.0,165.0,,28.0,90.0,21.0,347.0,204.0
18,2022,19,2022-05-08,146.0,681.0,316.0,4.0,188.0,82.0,205.0,70.0,,425.0,246.0,497.0,27.0,651.0,538.0,116.0,34.0,221.0,,40.0,136.0,26.0,550.0,360.0
19,2022,20,2022-05-15,165.0,787.0,355.0,3.0,237.0,626.0,220.0,82.0,,395.0,350.0,311.0,30.0,587.0,499.0,143.0,25.0,211.0,,24.0,115.0,16.0,585.0,330.0
20,2022,21,2022-05-22,143.0,672.0,190.0,6.0,225.0,558.0,234.0,78.0,,320.0,257.0,471.0,30.0,429.0,600.0,261.0,22.0,536.0,,34.0,129.0,22.0,467.0,329.0
21,2022,22,2022-05-29,199.0,854.0,205.0,10.0,198.0,476.0,229.0,63.0,,495.0,141.0,394.0,102.0,320.0,536.0,262.0,46.0,495.0,34.0,8.0,131.0,211.0,518.0,345.0
22,2022,23,2022-06-05,173.0,650.0,226.0,4.0,188.0,518.0,252.0,47.0,,431.0,210.0,349.0,65.0,505.0,462.0,479.0,49.0,467.0,35.0,27.0,91.0,80.0,464.0,317.0
23,2022,24,2022-06-12,122.0,644.0,136.0,2.0,218.0,339.0,168.0,58.0,,582.0,164.0,327.0,85.0,75.0,506.0,484.0,49.0,408.0,15.0,35.0,105.0,107.0,362.0,329.0
24,2022,25,2022-06-19,93.0,587.0,111.0,2.0,216.0,269.0,228.0,59.0,,381.0,110.0,340.0,83.0,39.0,697.0,387.0,43.0,353.0,38.0,39.0,87.0,45.0,268.0,220.0
25,2022,26,2022-06-26,168.0,598.0,183.0,6.0,257.0,390.0,214.0,54.0,,412.0,160.0,476.0,42.0,16.0,952.0,922.0,28.0,251.0,37.0,46.0,81.0,31.0,358.0,258.0
26,2022,27,2022-07-03,143.0,664.0,226.0,2.0,210.0,411.0,292.0,69.0,,601.0,135.0,521.0,75.0,21.0,1192.0,284.0,46.0,192.0,27.0,49.0,72.0,12.0,435.0,245.0
27,2022,28,2022-07-10,224.0,662.0,201.0,0.0,229.0,419.0,280.0,33.0,,773.0,167.0,455.0,54.0,12.0,1282.0,281.0,36.0,201.0,58.0,60.0,107.0,41.0,280.0,297.0
28,2022,29,2022-07-17,212.0,636.0,169.0,2.0,221.0,340.0,273.0,47.0,,551.0,206.0,326.0,32.0,48.0,1245.0,56.0,32.0,280.0,33.0,15.0,103.0,36.0,326.0,289.0
29,2022,30,2022-07-24,186.0,511.0,122.0,0.0,219.0,291.0,179.0,44.0,,518.0,162.0,229.0,20.0,27.0,691.0,80.0,31.0,232.0,35.0,45.0,76.0,55.0,216.0,275.0
30,2022,31,2022-07-31,197.0,531.0,100.0,1.0,210.0,327.0,141.0,35.0,,544.0,160.0,185.0,65.0,14.0,81.0,43.0,37.0,198.0,27.0,57.0,66.0,75.0,236.0,241.0
31,2022,32,2022-08-07,164.0,600.0,187.0,4.0,238.0,215.0,208.0,15.0,,516.0,150.0,281.0,41.0,18.0,110.0,42.0,25.0,232.0,21.0,46.0,55.0,39.0,298.0,177.0
32,2022,33,2022-08-14,147.0,484.0,71.0,2.0,197.0,290.0,185.0,14.0,,465.0,172.0,263.0,48.0,4.0,101.0,46.0,33.0,297.0,80.0,57.0,53.0,52.0,245.0,186.0
33,2022,34,2022-08-21,202.0,617.0,62.0,2.0,251.0,329.0,234.0,14.0,,192.0,238.0,358.0,30.0,11.0,135.0,92.0,46.0,334.0,114.0,42.0,64.0,22.0,324.0,212.0
34,2022,35,2022-08-28,256.0,542.0,41.0,,181.0,142.0,178.0,37.0,,141.0,203.0,392.0,47.0,7.0,132.0,41.0,43.0,334.0,19.0,35.0,52.0,22.0,283.0,217.0
35,2022,36,2022-09-04,219.0,376.0,51.0,,177.0,108.0,231.0,38.0,,103.0,189.0,465.0,22.0,7.0,93.0,62.0,48.0,345.0,16.0,43.0,67.0,17.0,273.0,198.0
36,2022,37,2022-09-11,264.0,412.0,,,219.0,132.0,188.0,0.0,,100.0,200.0,481.0,17.0,14.0,149.0,65.0,65.0,505.0,35.0,75.0,54.0,16.0,340.0,220.0
37,2022,38,2022-09-18,263.0,374.0,,,254.0,162.0,167.0,51.0,,93.0,169.0,630.0,28.0,13.0,134.0,45.0,51.0,340.0,18.0,79.0,63.0,32.0,206.0,188.0
38,2022,39,2022-09-25,211.0,401.0,,,241.0,170.0,229.0,51.0,,151.0,182.0,676.0,39.0,0.0,39.0,21.0,66.0,402.0,28.0,106.0,54.0,39.0,202.0,220.0
39,2022,40,2022-10-02,244.0,443.0,,,159.0,143.0,197.0,64.0,,45.0,237.0,639.0,30.0,1.0,42.0,8.0,75.0,319.0,16.0,99.0,85.0,54.0,109.0,169.0
40,2022,41,2022-10-09,195.0,485.0,,,226.0,90.0,257.0,95.0,,46.0,214.0,678.0,73.0,0.0,56.0,28.0,70.0,284.0,16.0,111.0,76.0,83.0,187.0,185.0
41,2022,42,2022-10-16,214.0,408.0,,,315.0,152.0,467.0,105.0,,57.0,319.0,624.0,10.0,2.0,37.0,19.0,138.0,344.0,39.0,115.0,92.0,98.0,142.0,211.0
42,2022,43,2022-10-23,50.0,451.0,,,289.0,236.0,288.0,95.0,,42.0,268.0,547.0,23.0,34.0,12.0,9.0,121.0,222.0,43.0,61.0,94.0,50.0,129.0,173.0
43,2022,44,2022-10-30,46.0,259.0,,,139.0,78.0,146.0,57.0,,40.0,235.0,382.0,41.0,29.0,29.0,14.0,89.0,186.0,27.0,103.0,73.0,122.0,113.0,124.0
44,2022,45,2022-11-06,33.0,227.0,,,179.0,79.0,141.0,55.0,,33.0,172.0,379.0,36.0,2.0,9.0,3.0,68.0,102.0,,31.0,87.0,96.0,97.0,104.0
45,2022,46,2022-11-13,31.0,211.0,,,120.0,29.0,102.0,48.0,,29.0,183.0,293.0,39.0,0.0,15.0,0.0,24.0,84.0,,37.0,88.0,16.0,107.0,90.0
46,2022,47,2022-11-20,32.0,201.0,,,111.0,263.0,66.0,31.0,1.0,15.0,134.0,264.0,35.0,13.0,10.0,18.0,19.0,92.0,,12.0,89.0,52.0,89.0,135.0
47,2022,48,2022-11-27,23.0,212.0,,,100.0,246.0,82.0,52.0,,16.0,121.0,302.0,13.0,2.0,27.0,0.0,16.0,106.0,,80.0,92.0,35.0,66.0,174.0
48,2022,49,2022-12-04,24.0,192.0,,,121.0,14.0,61.0,37.0,,15.0,161.0,260.0,14.0,0.0,13.0,17.0,18.0,67.0,,51.0,50.0,27.0,71.0,
49,2022,50,2022-12-11,32.0,243.0,,,42.0,35.0,107.0,94.0,,20.0,145.0,279.0,12.0,1.0,15.0,13.0,46.0,106.0,,46.0,68.0,31.0,53.0,
50,2022,51,2022-12-18,17.0,178.0,,,42.0,28.0,56.0,64.0,,24.0,118.0,158.0,21.0,0.0,9.0,12.0,33.0,47.0,,31.0,88.0,18.0,55.0,
51,2022,52,2022-12-25,11.0,219.0,,,39.0,25.0,66.0,45.0,,19.0,112.0,198.0,9.0,0.0,3.0,7.0,42.0,51.0,,34.0,77.0,3.0,140.0,
52,2023,1,2023-01-01,22.0,249.0,13.0,9.0,24.0,154.0,66.0,20.0,1.0,189.0,90.0,127.0,9.0,1.0,7.0,37.0,24.0,50.0,5.0,60.0,37.0,53.0,127.0,69.0
53,2023,2,2023-01-08,13.0,145.0,18.0,5.0,42.0,124.0,57.0,14.0,0.0,124.0,124.0,94.0,20.0,0.0,3.0,33.0,20.0,35.0,2.0,55.0,47.0,14.0,65.0,33.0
54,2023,3,2023-01-15,17.0,153.0,8.0,4.0,56.0,108.0,49.0,14.0,0.0,98.0,70.0,119.0,16.0,0.0,6.0,30.0,12.0,24.0,2.0,59.0,47.0,6.0,67.0,34.0
55,2023,4,2023-01-22,15.0,185.0,7.0,0.0,46.0,119.0,67.0,17.0,2.0,76.0,91.0,155.0,11.0,5.0,2.0,20.0,13.0,50.0,3.0,51.0,49.0,4.0,54.0,23.0
56,2023,5,2023-01-29,20.0,221.0,12.0,10.0,47.0,109.0,41.0,16.0,0.0,113.0,113.0,127.0,7.0,10.0,2.0,26.0,14.0,16.0,0.0,51.0,61.0,5.0,63.0,27.0
57,2023,6,2023-02-05,27.0,167.0,7.0,7.0,47.0,134.0,65.0,11.0,1.0,69.0,75.0,137.0,34.0,0.0,3.0,43.0,17.0,28.0,2.0,58.0,68.0,6.0,33.0,21.0
58,2023,7,2023-02-12,13.0,160.0,9.0,11.0,80.0,129.0,93.0,16.0,2.0,73.0,80.0,145.0,31.0,5.0,3.0,30.0,10.0,40.0,2.0,57.0,48.0,12.0,67.0,24.0
59,2023,8,2023-02-19,14.0,126.0,8.0,9.0,87.0,120.0,75.0,10.0,5.0,54.0,81.0,139.0,26.0,28.0,4.0,37.0,16.0,60.0,3.0,76.0,67.0,11.0,59.0,34.0
60,2023,9,2023-02-26,88.0,142.0,9.0,1.0,87.0,108.0,72.0,13.0,5.0,58.0,63.0,214.0,16.0,2.0,5.0,44.0,16.0,73.0,4.0,62.0,75.0,10.0,53.0,38.0
61,2023,10,2023-03-05,86.0,249.0,10.0,1.0,70.0,167.0,84.0,11.0,6.0,69.0,71.0,169.0,15.0,0.0,1.0,44.0,10.0,93.0,8.0,64.0,61.0,21.0,66.0,74.0
62,2023,11,2023-03-12,190.0,610.0,6.0,5.0,99.0,145.0,96.0,15.0,6.0,80.0,67.0,177.0,7.0,0.0,3.0,69.0,20.0,144.0,9.0,21.0,53.0,19.0,121.0,69.0
63,2023,12,2023-03-19,40.0,589.0,7.0,3.0,118.0,130.0,101.0,21.0,8.0,78.0,89.0,229.0,14.0,10.0,2.0,81.0,11.0,104.0,6.0,60.0,69.0,6.0,139.0,62.0
64,2023,13,2023-03-26,61.0,480.0,7.0,9.0,117.0,184.0,143.0,21.0,7.0,96.0,113.0,247.0,45.0,0.0,4.0,91.0,21.0,147.0,7.0,56.0,105.0,0.0,177.0,100.0
65,2023,14,2023-04-02,149.0,738.0,7.0,5.0,129.0,187.0,118.0,21.0,4.0,156.0,100.0,281.0,55.0,3.0,3.0,274.0,28.0,142.0,19.0,61.0,86.0,8.0,148.0,111.0
66,2023,15,2023-04-09,147.0,763.0,15.0,17.0,133.0,199.0,135.0,30.0,5.0,173.0,81.0,399.0,82.0,2.0,24.0,286.0,26.0,214.0,21.0,82.0,90.0,12.0,140.0,89.0
67,2023,16,2023-04-16,173.0,830.0,166.0,10.0,160.0,296.0,223.0,28.0,2.0,499.0,92.0,432.0,98.0,0.0,18.0,475.0,29.0,141.0,73.0,33.0,103.0,10.0,188.0,113.0
68,2023,17,2023-04-23,144.0,802.0,144.0,7.0,219.0,301.0,247.0,35.0,5.0,451.0,93.0,527.0,42.0,18.0,23.0,346.0,21.0,91.0,116.0,157.0,106.0,15.0,89.0,138.0
69,2023,18,2023-04-30,191.0,783.0,115.0,25.0,218.0,264.0,185.0,34.0,4.0,651.0,294.0,459.0,45.0,21.0,48.0,426.0,37.0,242.0,32.0,87.0,95.0,19.0,138.0,153.0
70,2023,19,2023-05-07,192.0,975.0,118.0,12.0,297.0,346.0,286.0,62.0,15.0,583.0,299.0,577.0,53.0,51.0,708.0,668.0,17.0,321.0,155.0,118.0,126.0,26.0,193.0,120.0
71,2023,20,2023-05-14,279.0,1473.0,79.0,8.0,252.0,386.0,376.0,49.0,30.0,501.0,559.0,1058.0,51.0,11.0,325.0,705.0,54.0,527.0,298.0,102.0,9.0,45.0,355.0,143.0
72,2023,21,2023-05-21,276.0,2407.0,68.0,0.0,324.0,632.0,420.0,36.0,14.0,539.0,472.0,986.0,55.0,24.0,567.0,616.0,45.0,349.0,270.0,143.0,143.0,212.0,307.0,163.0
73,2023,22,2023-05-28,334.0,1059.0,53.0,9.0,318.0,561.0,403.0,369.0,44.0,714.0,593.0,793.0,64.0,4.0,668.0,872.0,51.0,469.0,202.0,118.0,133.0,309.0,354.0,190.0
74,2023,23,2023-06-04,332.0,950.0,47.0,29.0,401.0,613.0,641.0,562.0,79.0,991.0,623.0,972.0,69.0,1.0,471.0,1079.0,45.0,450.0,289.0,160.0,190.0,332.0,282.0,250.0
75,2023,24,2023-06-11,222.0,1140.0,49.0,5.0,343.0,450.0,340.0,381.0,95.0,833.0,740.0,894.0,51.0,9.0,313.0,862.0,17.0,306.0,219.0,57.0,123.0,206.0,277.0,244.0
76,2023,25,2023-06-18,356.0,652.0,15.0,0.0,225.0,360.0,190.0,353.0,59.0,1023.0,476.0,744.0,81.0,28.0,615.0,821.0,44.0,241.0,220.0,94.0,99.0,369.0,139.0,254.0
77,2023,26,2023-06-25,233.0,603.0,15.0,3.0,243.0,367.0,246.0,191.0,53.0,533.0,336.0,696.0,44.0,28.0,556.0,596.0,38.0,277.0,156.0,88.0,144.0,202.0,142.0,238.0
78,2023,27,2023-07-02,232.0,689.0,16.0,15.0,256.0,323.0,253.0,387.0,72.0,479.0,414.0,607.0,78.0,2.0,139.0,547.0,46.0,254.0,116.0,103.0,123.0,160.0,157.0,176.0
79,2023,28,2023-07-09,302.0,547.0,17.0,11.0,200.0,281.0,163.0,461.0,74.0,369.0,203.0,607.0,17.0,4.0,822.0,471.0,45.0,237.0,125.0,77.0,105.0,124.0,140.0,126.0
80,2023,29,2023-07-16,329.0,426.0,7.0,14.0,212.0,313.0,174.0,345.0,49.0,398.0,217.0,522.0,25.0,3.0,785.0,439.0,80.0,176.0,209.0,61.0,117.0,110.0,145.0,147.0
81,2023,30,2023-07-23,260.0,484.0,12.0,13.0,238.0,332.0,146.0,300.0,28.0,379.0,180.0,424.0,32.0,28.0,242.0,441.0,18.0,181.0,158.0,58.0,94.0,98.0,87.0,136.0
82,2023,31,2023-07-30,204.0,582.0,10.0,13.0,126.0,286.0,158.0,396.0,35.0,343.0,141.0,515.0,41.0,9.0,291.0,393.0,24.0,121.0,91.0,75.0,83.0,62.0,93.0,124.0
83,2023,32,2023-08-06,201.0,704.0,10.0,14.0,161.0,353.0,143.0,523.0,39.0,390.0,161.0,564.0,48.0,24.0,297.0,528.0,54.0,262.0,149.0,49.0,96.0,31.0,112.0,108.0
84,2023,33,2023-08-13,232.0,712.0,7.0,13.0,231.0,359.0,246.0,231.0,63.0,411.0,264.0,547.0,44.0,9.0,278.0,454.0,70.0,130.0,125.0,61.0,79.0,69.0,151.0,119.0
85,2023,34,2023-08-20,233.0,595.0,8.0,15.0,106.0,320.0,206.0,309.0,8.0,291.0,189.0,511.0,42.0,23.0,166.0,418.0,33.0,165.0,131.0,65.0,106.0,47.0,158.0,158.0
86,2023,35,2023-08-27,235.0,652.0,5.0,5.0,262.0,415.0,274.0,484.0,46.0,152.0,184.0,460.0,36.0,31.0,285.0,899.0,55.0,163.0,187.0,27.0,124.0,17.0,167.0,166.0
87,2023,36,2023-09-03,202.0,458.0,5.0,15.0,200.0,374.0,298.0,416.0,46.0,165.0,150.0,428.0,48.0,34.0,216.0,652.0,57.0,182.0,187.0,83.0,140.0,30.0,165.0,114.0
88,2023,37,2023-09-10,232.0,607.0,5.0,19.0,184.0,770.0,271.0,461.0,113.0,147.0,145.0,394.0,41.0,34.0,138.0,713.0,55.0,108.0,143.0,49.0,124.0,24.0,172.0,138.0
89,2023,38,2023-09-17,201.0,331.0,6.0,27.0,169.0,599.0,239.0,425.0,117.0,141.0,141.0,351.0,43.0,2.0,112.0,528.0,46.0,75.0,128.0,72.0,148.0,22.0,161.0,151.0
90,2023,39,2023-09-24,191.0,619.0,7.0,22.0,193.0,422.0,303.0,,83.0,89.0,94.0,252.0,30.0,3.0,97.0,525.0,83.0,118.0,112.0,48.0,89.0,40.0,164.0,104.0
91,2023,40,2023-10-01,139.0,521.0,6.0,16.0,101.0,218.0,273.0,,55.0,26.0,93.0,312.0,38.0,14.0,94.0,549.0,39.0,124.0,98.0,0.0,123.0,23.0,167.0,95.0
92,2023,41,2023-10-08,127.0,568.0,7.0,18.0,74.0,226.0,214.0,,74.0,81.0,105.0,252.0,36.0,11.0,126.0,428.0,28.0,119.0,142.0,23.0,100.0,2.0,135.0,90.0
93,2023,42,2023-10-15,101.0,440.0,6.0,9.0,111.0,239.0,174.0,,90.0,15.0,68.0,214.0,22.0,20.0,146.0,478.0,25.0,69.0,154.0,0.0,119.0,17.0,191.0,90.0
94,2023,43,2023-10-22,114.0,422.0,2.0,14.0,78.0,172.0,169.0,,64.0,39.0,100.0,239.0,35.0,10.0,148.0,409.0,40.0,51.0,95.0,0.0,111.0,20.0,167.0,91.0
95,2023,44,2023-10-29,62.0,379.0,3.0,17.0,68.0,117.0,184.0,,52.0,16.0,100.0,215.0,29.0,15.0,122.0,316.0,26.0,102.0,83.0,12.0,77.0,10.0,123.0,59.0
96,2023,45,2023-11-05,85.0,292.0,6.0,9.0,102.0,103.0,135.0,,52.0,0.0,114.0,246.0,15.0,14.0,206.0,376.0,33.0,87.0,113.0,0.0,101.0,13.0,60.0,112.0
97,2023,46,2023-11-12,64.0,399.0,5.0,14.0,72.0,78.0,219.0,,61.0,0.0,80.0,259.0,34.0,11.0,203.0,294.0,28.0,100.0,66.0,0.0,99.0,6.0,79.0,87.0
98,2023,47,2023-11-19,64.0,418.0,5.0,18.0,89.0,160.0,142.0,,76.0,6.0,115.0,296.0,21.0,9.0,227.0,373.0,24.0,91.0,75.0,5.0,92.0,3.0,125.0,73.0
99,2023,48,2023-11-26,59.0,339.0,5.0,0.0,57.0,96.0,149.0,,62.0,,72.0,232.0,21.0,10.0,128.0,363.0,31.0,93.0,63.0,2.0,103.0,3.0,82.0,67.0
100,2023,49,2023-12-03,64.0,240.0,,19.0,47.0,64.0,142.0,,20.0,,77.0,170.0,8.0,,157.0,316.0,27.0,83.0,53.0,2.0,77.0,2.0,115.0,35.0
101,2023,50,2023-12-10,26.0,263.0,,0.0,68.0,93.0,141.0,,31.0,,106.0,187.0,11.0,,136.0,272.0,37.0,73.0,60.0,8.0,79.0,6.0,76.0,47.0
102,2023,51,2023-12-17,37.0,248.0,,16.0,73.0,60.0,20.0,,44.0,,52.0,114.0,13.0,,83.0,180.0,30.0,66.0,48.0,0.0,65.0,3.0,103.0,36.0
103,2023,52,2023-12-24,36.0,332.0,,0.0,79.0,98.0,24.0,,41.0,,51.0,77.0,5.0,,102.0,192.0,22.0,75.0,30.0,0.0,76.0,8.0,80.0,28.0
104,2024,1,2023-12-31,41.0,369.0,17.0,0.0,134.0,108.0,75.0,27.0,32.0,,103.0,136.0,16.0,8.0,115.0,160.0,27.0,42.0,70.0,40.0,73.0,9.0,116.0,63.0
105,2024,2,2024-01-07,41.0,397.0,25.0,1.0,148.0,83.0,76.0,21.0,35.0,,110.0,158.0,16.0,10.0,114.0,238.0,37.0,69.0,64.0,15.0,61.0,11.0,144.0,81.0
106,2024,3,2024-01-14,34.0,464.0,25.0,0.0,98.0,100.0,118.0,33.0,26.0,,125.0,159.0,26.0,7.0,109.0,193.0,67.0,96.0,89.0,18.0,88.0,7.0,131.0,59.0
107,2024,4,2024-01-21,34.0,451.0,52.0,3.0,120.0,104.0,131.0,33.0,21.0,,111.0,138.0,21.0,5.0,135.0,241.0,50.0,63.0,87.0,91.0,52.0,14.0,192.0,76.0
108,2024,5,2024-01-28,38.0,449.0,34.0,1.0,160.0,90.0,96.0,13.0,26.0,,138.0,163.0,8.0,6.0,140.0,253.0,49.0,48.0,35.0,96.0,69.0,27.0,81.0,206.0
109,2024,6,2024-02-04,30.0,472.0,37.0,,125.0,60.0,115.0,13.0,19.0,6.0,71.0,186.0,12.0,,160.0,230.0,79.0,63.0,30.0,77.0,86.0,18.0,99.0,145.0
110,2024,7,2024-02-11,31.0,338.0,41.0,,120.0,87.0,113.0,11.0,10.0,2.0,45.0,107.0,10.0,,113.0,241.0,53.0,94.0,27.0,101.0,61.0,16.0,99.0,168.0
111,2024,8,2024-02-18,20.0,349.0,19.0,,78.0,73.0,117.0,15.0,5.0,4.0,71.0,115.0,6.0,,130.0,166.0,31.0,86.0,21.0,76.0,61.0,6.0,104.0,139.0
112,2024,9,2024-02-25,22.0,557.0,19.0,,162.0,33.0,95.0,12.0,3.0,2.0,74.0,149.0,0.0,5.0,92.0,189.0,72.0,72.0,36.0,73.0,58.0,7.0,83.0,142.0
113,2024,10,2024-03-03,38.0,508.0,16.0,,144.0,62.0,161.0,16.0,7.0,2.0,120.0,186.0,1.0,31.0,162.0,304.0,44.0,107.0,97.0,80.0,67.0,5.0,53.0,145.0
114,2024,11,2024-03-10,62.0,664.0,18.0,2.0,173.0,67.0,114.0,9.0,13.0,0.0,74.0,230.0,0.0,4.0,215.0,300.0,50.0,152.0,82.0,66.0,75.0,13.0,71.0,163.0
115,2024,12,2024-03-17,61.0,487.0,13.0,,128.0,107.0,189.0,7.0,22.0,18.0,129.0,243.0,12.0,34.0,315.0,308.0,22.0,101.0,69.0,1.0,75.0,8.0,107.0,141.0
116,2024,13,2024-03-24,79.0,511.0,24.0,,86.0,100.0,146.0,10.0,27.0,8.0,70.0,297.0,6.0,28.0,290.0,367.0,26.0,173.0,51.0,91.0,84.0,10.0,174.0,195.0
117,2024,14,2024-03-31,77.0,615.0,49.0,,148.0,101.0,136.0,12.0,11.0,5.0,88.0,214.0,0.0,18.0,238.0,279.0,49.0,106.0,94.0,58.0,90.0,8.0,99.0,174.0
118,2024,15,2024-04-07,95.0,623.0,14.0,6.0,175.0,120.0,194.0,21.0,46.0,4.0,91.0,175.0,5.0,4.0,504.0,205.0,45.0,118.0,64.0,26.0,79.0,16.0,54.0,203.0
119,2024,16,2024-04-14,77.0,411.0,22.0,7.0,152.0,135.0,176.0,140.0,34.0,25.0,126.0,195.0,18.0,5.0,323.0,244.0,51.0,79.0,78.0,1.0,84.0,16.0,109.0,279.0
120,2024,17,2024-04-21,88.0,385.0,46.0,0.0,140.0,151.0,239.0,49.0,48.0,14.0,111.0,292.0,40.0,8.0,326.0,574.0,60.0,138.0,125.0,5.0,93.0,17.0,152.0,361.0
121,2024,18,2024-04-28,70.0,642.0,31.0,2.0,183.0,198.0,280.0,72.0,46.0,176.0,113.0,255.0,13.0,14.0,122.0,389.0,68.0,111.0,147.0,0.0,113.0,16.0,179.0,227.0
122,2024,19,2024-05-05,185.0,671.0,53.0,2.0,224.0,334.0,332.0,140.0,47.0,187.0,157.0,308.0,58.0,20.0,431.0,778.0,89.0,153.0,51.0,0.0,104.0,28.0,202.0,286.0
123,2024,20,2024-05-12,208.0,1089.0,99.0,16.0,251.0,499.0,464.0,137.0,102.0,206.0,323.0,468.0,23.0,28.0,364.0,549.0,120.0,176.0,125.0,3.0,157.0,44.0,268.0,379.0
124,2024,21,2024-05-19,328.0,1257.0,139.0,18.0,357.0,606.0,697.0,210.0,149.0,183.0,541.0,746.0,41.0,21.0,272.0,985.0,150.0,281.0,137.0,3.0,215.0,69.0,458.0,497.0
125,2024,22,2024-05-26,498.0,1462.0,157.0,22.0,423.0,563.0,676.0,199.0,156.0,245.0,930.0,742.0,50.0,10.0,340.0,1195.0,215.0,283.0,273.0,4.0,172.0,58.0,595.0,608.0
126,2024,23,2024-06-02,339.0,1233.0,102.0,,416.0,585.0,571.0,105.0,121.0,73.0,867.0,675.0,63.0,63.0,304.0,953.0,360.0,210.0,375.0,6.0,143.0,60.0,620.0,501.0
127,2024,24,2024-06-09,269.0,1327.0,91.0,,363.0,588.0,508.0,127.0,149.0,314.0,855.0,589.0,46.0,76.0,225.0,1127.0,257.0,157.0,335.0,7.0,165.0,73.0,426.0,436.0
128,2024,25,2024-06-16,223.0,929.0,58.0,,324.0,371.0,324.0,85.0,69.0,239.0,753.0,484.0,45.0,57.0,386.0,728.0,130.0,95.0,242.0,6.0,137.0,61.0,359.0,404.0
129,2024,26,2024-06-23,214.0,877.0,51.0,,282.0,291.0,314.0,72.0,71.0,272.0,994.0,399.0,41.0,60.0,295.0,682.0,65.0,149.0,166.0,6.0,184.0,58.0,230.0,286.0
130,2024,27,2024-06-30,235.0,843.0,65.0,2.0,221.0,324.0,301.0,66.0,98.0,273.0,851.0,424.0,24.0,55.0,505.0,610.0,86.0,136.0,173.0,14.0,182.0,68.0,229.0,345.0
131,2024,28,2024-07-07,152.0,676.0,55.0,0.0,243.0,339.0,304.0,69.0,80.0,1172.0,772.0,399.0,14.0,62.0,141.0,677.0,49.0,90.0,210.0,14.0,165.0,49.0,193.0,410.0
132,2024,29,2024-07-14,218.0,685.0,70.0,5.0,254.0,187.0,377.0,50.0,98.0,923.0,803.0,259.0,10.0,69.0,184.0,645.0,113.0,125.0,189.0,9.0,157.0,36.0,197.0,377.0
133,2024,30,2024-07-21,140.0,749.0,57.0,5.0,161.0,285.0,306.0,92.0,111.0,539.0,619.0,321.0,7.0,41.0,215.0,351.0,91.0,115.0,203.0,4.0,116.0,32.0,179.0,308.0
134,2024,31,2024-07-28,230.0,579.0,47.0,0.0,164.0,237.0,308.0,72.0,119.0,588.0,467.0,289.0,6.0,52.0,187.0,420.0,156.0,87.0,153.0,6.0,106.0,25.0,171.0,33.0
135,2024,32,2024-08-04,196.0,655.0,31.0,3.0,135.0,311.0,191.0,64.0,77.0,580.0,456.0,286.0,5.0,49.0,118.0,275.0,99.0,103.0,119.0,0.0,89.0,10.0,169.0,21.0
136,2024,33,2024-08-11,264.0,731.0,69.0,10.0,197.0,243.0,378.0,55.0,69.0,705.0,479.0,322.0,13.0,55.0,201.0,498.0,143.0,126.0,134.0,5.0,139.0,11.0,279.0,16.0
137,2024,34,2024-08-18,266.0,770.0,23.0,6.0,117.0,223.0,344.0,0.0,94.0,1532.0,470.0,308.0,18.0,68.0,215.0,418.0,58.0,98.0,154.0,10.0,105.0,15.0,261.0,13.0
138,2024,35,2024-08-25,246.0,660.0,20.0,0.0,131.0,307.0,265.0,0.0,94.0,908.0,488.0,396.0,2.0,30.0,249.0,355.0,121.0,154.0,155.0,5.0,113.0,15.0,255.0,43.0
139,2024,36,2024-09-01,153.0,788.0,21.0,13.0,167.0,246.0,241.0,14.0,102.0,1233.0,481.0,298.0,3.0,52.0,181.0,373.0,173.0,151.0,184.0,4.0,3.0,20.0,231.0,59.0
140,2024,37,2024-09-08,77.0,762.0,17.0,5.0,129.0,279.0,336.0,21.0,60.0,1015.0,487.0,265.0,1.0,11.0,227.0,402.0,98.0,149.0,148.0,2.0,86.0,10.0,255.0,37.0
141,2024,38,2024-09-15,172.0,706.0,19.0,7.0,177.0,215.0,278.0,7.0,86.0,1116.0,444.0,306.0,1.0,40.0,166.0,338.0,93.0,110.0,135.0,4.0,67.0,19.0,281.0,29.0
142,2024,39,2024-09-22,158.0,759.0,27.0,2.0,204.0,195.0,337.0,6.0,38.0,1142.0,461.0,319.0,4.0,30.0,210.0,337.0,132.0,118.0,80.0,7.0,96.0,15.0,257.0,32.0
143,2024,40,2024-09-29,150.0,655.0,27.0,0.0,165.0,259.0,302.0,11.0,83.0,911.0,442.0,289.0,6.0,15.0,166.0,280.0,72.0,57.0,165.0,8.0,89.0,33.0,267.0,22.0
144,2024,41,2024-10-06,231.0,694.0,12.0,2.0,223.0,150.0,202.0,12.0,73.0,890.0,378.0,245.0,9.0,32.0,110.0,272.0,56.0,76.0,153.0,6.0,74.0,12.0,183.0,8.0
145,2024,42,2024-10-13,152.0,612.0,26.0,,153.0,234.0,198.0,6.0,59.0,867.0,339.0,258.0,3.0,25.0,112.0,346.0,62.0,94.0,114.0,3.0,57.0,29.0,217.0,25.0
146,2024,43,2024-10-20,165.0,623.0,24.0,,97.0,187.0,202.0,3.0,48.0,607.0,330.0,116.0,5.0,34.0,20.0,253.0,28.0,53.0,94.0,8.0,81.0,20.0,190.0,20.0
147,2024,44,2024-10-27,47.0,431.0,16.0,,123.0,210.0,145.0,8.0,48.0,664.0,295.0,72.0,4.0,20.0,127.0,305.0,76.0,40.0,70.0,1.0,61.0,20.0,224.0,8.0
148,2024,45,2024-11-03,36.0,350.0,12.0,,90.0,158.0,173.0,5.0,41.0,584.0,283.0,239.0,2.0,19.0,118.0,231.0,81.0,76.0,40.0,4.0,49.0,12.0,164.0,27.0
149,2024,46,2024-11-10,44.0,402.0,5.0,,73.0,236.0,167.0,4.0,63.0,505.0,302.0,218.0,10.0,19.0,64.0,256.0,76.0,59.0,29.0,3.0,72.0,14.0,182.0,43.0
150,2024,47,2024-11-17,118.0,390.0,10.0,,72.0,176.0,174.0,3.0,32.0,488.0,293.0,203.0,5.0,32.0,55.0,236.0,29.0,85.0,54.0,4.0,67.0,16.0,163.0,23.0
151,2024,48,2024-11-24,116.0,478.0,13.0,5.0,43.0,133.0,141.0,3.0,21.0,474.0,251.0,221.0,2.0,31.0,31.0,295.0,41.0,95.0,45.0,7.0,58.0,13.0,103.0,22.0
152,2024,49,2024-12-01,122.0,312.0,9.0,1.0,86.0,138.0,172.0,9.0,63.0,479.0,207.0,204.0,1.0,14.0,129.0,257.0,30.0,95.0,32.0,11.0,52.0,9.0,120.0,12.0
153,2024,50,2024-12-08,92.0,338.0,15.0,,68.0,150.0,118.0,10.0,53.0,403.0,189.0,158.0,6.0,16.0,97.0,208.0,32.0,75.0,24.0,5.0,49.0,9.0,85.0,0.0
154,2024,51,2024-12-15,50.0,255.0,8.0,,58.0,121.0,90.0,8.0,43.0,315.0,193.0,186.0,,1.0,139.0,210.0,20.0,77.0,19.0,27.0,36.0,5.0,81.0,27.0
155,2024,52,2024-12-22,67.0,245.0,7.0,,69.0,101.0,72.0,5.0,10.0,337.0,180.0,118.0,,5.0,61.0,162.0,17.0,40.0,23.0,2.0,37.0,7.0,61.0,28.0
156,2025,1,2024-12-29,14.0,301.0,8.0,,75.0,83.0,42.0,3.0,7.0,255.0,157.0,141.0,,2.0,29.0,44.0,28.0,62.0,16.0,13.0,24.0,3.0,43.0,26.0
157,2025,2,2025-01-05,26.0,251.0,25.0,,59.0,140.0,69.0,17.0,9.0,273.0,226.0,154.0,3.0,17.0,66.0,72.0,26.0,66.0,41.0,4.0,34.0,6.0,69.0,11.0
158,2025,3,2025-01-12,20.0,313.0,21.0,,82.0,86.0,53.0,4.0,12.0,209.0,219.0,128.0,0.0,5.0,27.0,87.0,29.0,56.0,46.0,5.0,20.0,2.0,68.0,22.0
159,2025,4,2025-01-19,13.0,346.0,15.0,,77.0,97.0,50.0,1.0,13.0,205.0,172.0,132.0,3.0,4.0,16.0,95.0,36.0,62.0,50.0,5.0,56.0,4.0,60.0,30.0
160,2025,5,2025-01-26,88.0,356.0,16.0,,83.0,98.0,45.0,1.0,2.0,319.0,206.0,129.0,2.0,12.0,38.0,100.0,24.0,73.0,33.0,1.0,50.0,6.0,55.0,20.0
161,2025,6,2025-02-02,66.0,374.0,13.0,,107.0,108.0,44.0,0.0,3.0,256.0,197.0,96.0,,9.0,0.0,96.0,47.0,61.0,51.0,0.0,28.0,7.0,61.0,24.0
162,2025,7,2025-02-09,65.0,317.0,9.0,,83.0,94.0,62.0,0.0,3.0,456.0,239.0,126.0,,18.0,26.0,82.0,24.0,80.0,39.0,30.0,31.0,6.0,57.0,18.0
163,2025,8,2025-02-16,75.0,308.0,9.0,,77.0,132.0,76.0,6.0,7.0,494.0,291.0,132.0,,15.0,12.0,94.0,36.0,62.0,52.0,34.0,48.0,7.0,74.0,20.0
164,2025,9,2025-02-23,77.0,313.0,13.0,,100.0,90.0,77.0,3.0,3.0,441.0,294.0,146.0,,18.0,30.0,70.0,71.0,53.0,64.0,30.0,45.0,5.0,80.0,35.0
165,2025,10,2025-03-02,81.0,266.0,10.0,,84.0,100.0,60.0,0.0,20.0,389.0,225.0,156.0,,6.0,18.0,103.0,34.0,70.0,48.0,42.0,22.0,4.0,72.0,18.0
166,2025,11,2025-03-09,114.0,475.0,17.0,,130.0,160.0,160.0,13.0,2.0,635.0,315.0,200.0,,18.0,35.0,193.0,32.0,220.0,85.0,49.0,70.0,10.0,91.0,59.0
167,2025,12,2025-03-16,171.0,690.0,30.0,,150.0,221.0,213.0,28.0,9.0,887.0,458.0,277.0,,26.0,25.0,252.0,53.0,173.0,88.0,72.0,103.0,7.0,160.0,38.0
168,2025,13,2025-03-23,147.0,559.0,21.0,,152.0,230.0,168.0,17.0,11.0,935.0,472.0,312.0,,3.0,35.0,212.0,44.0,188.0,135.0,81.0,82.0,12.0,143.0,84.0
169,2025,14,2025-03-30,112.0,647.0,19.0,,126.0,178.0,133.0,19.0,7.0,656.0,423.0,324.0,,19.0,62.0,279.0,56.0,177.0,99.0,89.0,115.0,15.0,131.0,68.0
170,2025,15,2025-04-06,97.0,511.0,22.0,,130.0,182.0,151.0,10.0,5.0,657.0,364.0,304.0,8.0,28.0,51.0,284.0,36.0,153.0,122.0,2.0,79.0,16.0,123.0,41.0
171,2025,16,2025-04-13,103.0,386.0,18.0,,181.0,161.0,109.0,31.0,11.0,591.0,248.0,275.0,2.0,22.0,36.0,261.0,72.0,218.0,118.0,0.0,79.0,14.0,197.0,23.0
172,2025,17,2025-04-20,143.0,577.0,22.0,,170.0,231.0,184.0,105.0,27.0,841.0,479.0,332.0,0.0,51.0,67.0,488.0,70.0,182.0,129.0,1.0,81.0,5.0,269.0,87.0
173,2025,18,2025-04-27,115.0,686.0,22.0,,202.0,242.0,185.0,55.0,18.0,828.0,517.0,432.0,8.0,270.0,54.0,415.0,85.0,134.0,132.0,1.0,98.0,14.0,195.0,51.0
174,2025,19,2025-05-04,118.0,517.0,23.0,,201.0,229.0,221.0,59.0,19.0,1266.0,546.0,410.0,1.0,325.0,66.0,414.0,73.0,185.0,111.0,1.0,108.0,11.0,251.0,89.0
175,2025,20,2025-05-11,143.0,674.0,18.0,,215.0,297.0,303.0,0.0,20.0,1273.0,716.0,397.0,2.0,425.0,86.0,541.0,94.0,193.0,134.0,0.0,78.0,13.0,196.0,103.0
176,2025,21,2025-05-18,174.0,798.0,21.0,,257.0,352.0,361.0,133.0,17.0,1339.0,734.0,540.0,1.0,377.0,102.0,556.0,84.0,189.0,186.0,1.0,152.0,12.0,293.0,117.0
177,2025,22,2025-05-25,221.0,969.0,42.0,,311.0,511.0,398.0,220.0,22.0,2422.0,550.0,642.0,2.0,367.0,129.0,633.0,123.0,235.0,187.0,1.0,144.0,11.0,268.0,324.0
178,2025,23,2025-06-01,231.0,1190.0,45.0,,274.0,610.0,446.0,230.0,15.0,1866.0,979.0,791.0,4.0,268.0,200.0,788.0,135.0,238.0,236.0,1.0,140.0,34.0,417.0,203.0
179,2025,24,2025-06-08,243.0,998.0,29.0,,375.0,727.0,382.0,62.0,16.0,2302.0,942.0,714.0,1.0,482.0,174.0,676.0,179.0,251.0,298.0,11.0,177.0,54.0,355.0,248.0
180,2025,25,2025-06-15,137.0,805.0,48.0,,307.0,499.0,248.0,239.0,12.0,1295.0,734.0,507.0,11.0,417.0,350.0,586.0,125.0,212.0,311.0,38.0,125.0,83.0,222.0,170.0
181,2025,26,2025-06-22,154.0,695.0,25.0,,331.0,521.0,268.0,137.0,16.0,1312.0,634.0,679.0,10.0,475.0,270.0,758.0,91.0,233.0,369.0,9.0,127.0,90.0,209.0,76.0
182,2025,27,2025-06-29,177.0,653.0,39.0,,258.0,520.0,272.0,51.0,19.0,1090.0,614.0,445.0,0.0,63.0,173.0,897.0,120.0,196.0,345.0,28.0,134.0,89.0,221.0,123.0
183,2025,28,2025-07-06,211.0,770.0,44.0,,308.0,350.0,208.0,56.0,7.0,1296.0,655.0,511.0,4.0,48.0,242.0,1050.0,101.0,194.0,192.0,14.0,131.0,122.0,281.0,66.0
184,2025,29,2025-07-13,161.0,750.0,45.0,,248.0,499.0,259.0,8.0,0.0,1186.0,826.0,583.0,0.0,18.0,319.0,1136.0,89.0,197.0,129.0,8.0,165.0,182.0,241.0,12.0
185,2025,30,2025-07-20,168.0,757.0,26.0,,276.0,469.0,211.0,1.0,0.0,1014.0,854.0,488.0,4.0,28.0,186.0,881.0,123.0,184.0,137.0,28.0,187.0,153.0,251.0,18.0
186,2025,31,2025-07-27,156.0,514.0,25.0,,264.0,445.0,125.0,6.0,5.0,1117.0,754.0,398.0,1.0,52.0,158.0,855.0,77.0,172.0,105.0,18.0,307.0,125.0,174.0,44.0
187,2025,32,2025-08-03,94.0,541.0,27.0,,228.0,323.0,204.0,1.0,10.0,1103.0,706.0,404.0,1.0,34.0,191.0,678.0,40.0,120.0,125.0,0.0,299.0,147.0,186.0,32.0
188,2025,33,2025-08-10,120.0,633.0,23.0,,226.0,285.0,44.0,5.0,11.0,1145.0,617.0,328.0,5.0,53.0,173.0,709.0,79.0,171.0,119.0,3.0,289.0,141.0,244.0,49.0
189,2025,34,2025-08-17,121.0,532.0,20.0,,244.0,307.0,224.0,0.0,7.0,918.0,770.0,301.0,3.0,80.0,272.0,661.0,54.0,135.0,134.0,10.0,260.0,123.0,219.0,56.0
190,2025,35,2025-08-24,136.0,596.0,23.0,,227.0,372.0,0.0,2.0,8.0,1325.0,656.0,391.0,8.0,45.0,178.0,796.0,63.0,132.0,136.0,0.0,267.0,61.0,220.0,59.0
191,2025,36,2025-08-31,141.0,677.0,16.0,,218.0,351.0,187.0,7.0,16.0,975.0,583.0,321.0,3.0,92.0,166.0,664.0,86.0,145.0,106.0,9.0,246.0,33.0,253.0,78.0
192,2025,37,2025-09-07,147.0,696.0,29.0,,221.0,335.0,321.0,1.0,10.0,952.0,461.0,427.0,7.0,57.0,131.0,659.0,76.0,144.0,128.0,12.0,224.0,24.0,165.0,90.0
193,2025,38,2025-09-14,145.0,575.0,23.0,,241.0,378.0,114.0,4.0,11.0,1110.0,333.0,364.0,5.0,73.0,103.0,603.0,84.0,130.0,84.0,11.0,244.0,41.0,263.0,93.0
194,2025,39,2025-09-21,92.0,624.0,19.0,,197.0,290.0,274.0,2.0,10.0,817.0,310.0,434.0,9.0,42.0,93.0,446.0,65.0,100.0,112.0,6.0,234.0,33.0,131.0,73.0
195,2025,40,2025-09-28,118.0,567.0,21.0,,171.0,333.0,250.0,3.0,11.0,752.0,286.0,397.0,4.0,58.0,93.0,433.0,67.0,178.0,66.0,4.0,209.0,33.0,181.0,31.0
196,2025,41,2025-10-05,86.0,416.0,24.0,,204.0,260.0,196.0,0.0,8.0,786.0,233.0,338.0,6.0,31.0,95.0,400.0,53.0,172.0,41.0,1.0,194.0,9.0,142.0,54.0
197,2025,42,2025-10-12,107.0,466.0,15.0,,144.0,278.0,184.0,2.0,15.0,786.0,243.0,281.0,3.0,56.0,61.0,440.0,38.0,118.0,36.0,1.0,167.0,13.0,165.0,40.0
198,2025,43,2025-10-19,102.0,406.0,8.0,,113.0,237.0,177.0,0.0,7.0,724.0,250.0,279.0,7.0,48.0,92.0,387.0,48.0,96.0,33.0,,203.0,4.0,127.0,20.0
199,2025,44,2025-10-26,103.0,395.0,14.0,,127.0,290.0,213.0,1.0,7.0,748.0,388.0,312.0,6.0,65.0,55.0,453.0,36.0,106.0,29.0,,170.0,7.0,119.0,24.0
200,2025,45,2025-11-02,103.0,319.0,17.0,,107.0,224.0,136.0,,6.0,756.0,189.0,244.0,1.0,18.0,39.0,476.0,28.0,76.0,26.0,,169.0,8.0,128.0,50.0
201,2025,46,2025-11-09,88.0,443.0,11.0,,114.0,220.0,86.0,,6.0,748.0,335.0,288.0,4.0,27.0,53.0,322.0,34.0,69.0,34.0,,162.0,3.0,132.0,32.0
202,2025,47,2025-11-16,102.0,388.0,23.0,,86.0,152.0,160.0,,1.0,690.0,271.0,273.0,3.0,29.0,62.0,295.0,16.0,48.0,27.0,,184.0,2.0,92.0,22.0
203,2025,48,2025-11-23,85.0,332.0,14.0,,106.0,117.0,120.0,3.0,12.0,541.0,215.0,216.0,2.0,17.0,45.0,311.0,19.0,67.0,16.0,,184.0,3.0,70.0,30.0
204,2025,49,2025-11-30,83.0,419.0,2.0,,116.0,87.0,117.0,2.0,4.0,488.0,244.0,191.0,2.0,43.0,94.0,302.0,15.0,59.0,12.0,,178.0,4.0,70.0,10.0
205,2025,50,2025-12-07,59.0,435.0,12.0,,119.0,94.0,63.0,4.0,9.0,293.0,264.0,186.0,0.0,42.0,33.0,224.0,14.0,43.0,30.0,,166.0,3.0,46.0,4.0
206,2025,51,2025-12-14,74.0,353.0,8.0,,117.0,82.0,62.0,0.0,12.0,658.0,233.0,178.0,2.0,16.0,60.0,201.0,17.0,31.0,11.0,,170.0,4.0,44.0,35.0
207,2025,52,2025-12-21,40.0,235.0,7.0,,82.0,60.0,49.0,1.0,0.0,345.0,184.0,139.0,0.0,12.0,61.0,106.0,4.0,23.0,16.0,,139.0,2.0,24.0,8.0
208,2025,53,2025-12-28,44.0,193.0,6.0,,56.0,27.0,46.0,,0.0,0.0,118.0,156.0,0.0,10.0,28.0,119.0,8.0,15.0,25.0,4.0,132.0,3.0,20.0,
209,2026,1,2026-01-04,46.0,240.0,12.0,,44.0,68.0,59.0,,1.0,373.0,244.0,138.0,2.0,7.0,25.0,210.0,19.0,56.0,33.0,4.0,122.0,6.0,21.0,
210,2026,2,2026-01-11,32.0,296.0,13.0,,75.0,102.0,40.0,,1.0,373.0,128.0,121.0,,15.0,35.0,158.0,18.0,44.0,30.0,,126.0,3.0,17.0,
211,2026,3,2026-01-18,35.0,298.0,3.0,,61.0,83.0,65.0,,4.0,344.0,207.0,84.0,,10.0,69.0,153.0,16.0,30.0,45.0,,138.0,3.0,50.0,
212,2026,4,2026-01-25,40.0,269.0,2.0,,75.0,57.0,43.0,,1.0,556.0,224.0,151.0,,,22.0,156.0,22.0,49.0,,,160.0,4.0,43.0,
213,2026,5,2026-02-01,45.0,301.0,8.0,,41.0,93.0,44.0,,2.0,477.0,118.0,121.0,,,42.0,166.0,21.0,29.0,,,205.0,2.0,92.0,
214,2026,6,2026-02-08,44.0,289.0,3.0,,18.0,94.0,,,5.0,529.0,120.0,118.0,,,33.0,174.0,31.0,35.0,,,196.0,2.0,81.0,
215,2026,7,2026-02-15,41.0,81.0,5.0,,16.0,46.0,,,,610.0,84.0,145.0,,,100.0,147.0,39.0,49.0,,,153.0,2.0,57.0,
216,2026,8,2026-02-22,68.0,83.0,3.0,,0.0,6.0,,,,342.0,52.0,147.0,,,43.0,149.0,46.0,30.0,,,19.0,0.0,31.0,
217,2026,9,2026-03-01,0.0,0.0,0.0,,0.0,0.0,,,,500.0,0.0,0.0,,,0.0,0.0,0.0,0.0,,,0.0,0.0,0.0,
