model,variant,neighborhood,CI_coverage_flu_season,CI_coverage_off_season,CI_coverage_overall,Corr_flu_season,Corr_off_season,Corr_overall,MAE_flu_season,MAE_off_season,MAE_overall,MAPE_flu_season,MAPE_off_season,MAPE_overall,RMSE_flu_season,RMSE_off_season,RMSE_overall,target_kind,normalize,n_params,git_sha,kg_co2,kwh,runtime_s,mean_rank
gnn_st,post_covid,Agler/Cassidy,88.46153846153845,88.88888888888889,88.67924528301887,0.6503814257774867,0.5112627069666634,0.7817730189166598,11.009732503157396,7.953692877734149,9.45288212794178,26.825829963098325,68.75009856610356,48.18347623255383,14.64793646748876,9.721088129055264,12.385400017757108,blend,train,15734,,,,,1.6666666666666667
gnn_st_v2,post_covid,Agler/Cassidy,88.46153846153845,92.5925925925926,90.56603773584906,0.6530812757942845,0.5077056026475082,0.781590549394137,11.108509027040922,7.987697230445014,9.518661508020363,26.872723631915452,68.9891308587405,48.328251841807464,14.70816384760994,9.745111981916049,12.429952246871569,blend,train,15734,69b537f,,,,2.6666666666666665
gat,post_covid,Agler/Cassidy,84.61538461538461,88.88888888888889,86.79245283018868,0.4423270952639554,0.7122495537473356,0.7316049893933575,12.448290494772104,7.669789137663664,10.013959614735729,32.04776228842246,76.72311796305948,54.80690574531302,17.288646205376747,8.684336101803211,13.603278741335629,level,,8129,,,,,2.3333333333333335
xgboost,post_covid,Agler/Cassidy,92.3076923076923,88.88888888888889,90.56603773584906,0.3873225803648696,0.5397297999233284,0.6851787021357914,13.123895225044269,7.944665607706656,10.485419759608126,30.10356207128134,60.78441127661001,45.73342864758084,18.444413363995988,9.92178714276804,14.732223836384971,climatology,,,,,,,4.666666666666667
lstm,post_covid,Agler/Cassidy,88.46153846153845,88.88888888888889,88.67924528301887,0.3922100166639216,0.3954834712065882,0.6531039838634372,11.70790185515541,9.668669267970913,10.669047518287837,29.48220029458338,105.46037336871537,68.18806204932986,17.632517506026005,11.31073077747407,14.754422773477833,level,train,22353,,,,,5.0
persistence,post_covid,Agler/Cassidy,92.3076923076923,88.88888888888889,90.56603773584906,0.38114659044871,0.3972610195047478,0.5969859202566956,14.421451554561555,9.789424916818346,12.061739871182938,31.312453278986464,86.74402757736091,59.55117980834703,21.05308452237163,12.822996967909074,17.355131560745928,level,none,0,,7.84148068840472e-08,2.122342008321236e-07,0.01578966691158712,6.333333333333333
arima,post_covid,Agler/Cassidy,69.23076923076923,74.07407407407408,71.69811320754717,0.2944507886126346,0.1992160883301392,0.436658459896866,14.90113085807563,11.806295780703683,13.32451676205596,31.02467389532971,125.603043998064,79.20610772125094,21.56582778517628,13.51968958180123,17.924012723549474,level,none,,,0.00014088415528574583,0.00038131109793069,28.303558083018288,7.333333333333333
dualtopo,post_covid,Agler/Cassidy,50.0,51.85185185185185,50.943396226415096,0.4466600210688558,0.3237448360551276,0.67067046978993,17.106158366570106,13.150958555716056,15.091245255380306,35.86995760965374,163.09728934877913,100.68388132581194,23.461394928255963,14.842596621853923,19.551352586711054,level,train,479905,,,,,8.333333333333334
seasonal_naive,post_covid,Agler/Cassidy,96.15384615384616,96.29629629629628,96.22641509433964,0.2355696674350447,0.6197718227117702,0.5785993780517176,20.68650837744485,6.829831337315125,13.627446489076878,54.578153539824015,61.61816578483245,58.164574872186805,27.002843845186625,9.277012978186283,20.038497454991735,level,none,0,,7.727352984933185e-08,2.0914526866464357e-07,0.015560207888484001,6.666666666666667
gnn_st_v2,post_covid,Bexley,92.3076923076923,88.88888888888889,90.56603773584906,0.5341223373468217,0.025481640774117,0.6191373713420596,7.585355942065899,4.935711622238159,6.235537137625353,64.37605386262166,52.414868807674594,58.893844045770926,9.49724161812312,6.795746271795906,8.232535633514102,blend,train,15734,69b537f,,,,2.6666666666666665
gnn_st,post_covid,Bexley,92.3076923076923,88.88888888888889,90.56603773584906,0.5278538105668134,0.0312344936363622,0.6169094546486015,7.598832992406992,4.925176390895137,6.236781516165103,65.1459043324047,52.319532915501114,59.26715076632389,9.536033267614132,6.7903891651593185,8.252258224832332,blend,train,15734,,,,,3.0
lstm,post_covid,Bexley,88.46153846153845,92.5925925925926,90.56603773584906,0.4195766026496206,0.3382754263967136,0.5898465827150288,7.850956560501344,4.95224979004653,6.374256884986627,71.03648945662127,62.872336605304255,67.29458606643432,10.104366829421316,6.341709389905491,8.400831562875494,level,train,22353,,,,,3.0
gat,post_covid,Bexley,65.38461538461539,92.5925925925926,79.24528301886792,0.3783960631681906,0.471108911182329,0.6051068274120219,8.616478479825533,4.22783844559281,6.380756198235278,93.70276673271113,49.94001049324456,73.64483678962227,10.805618424122104,5.531742035310445,8.53627190536356,level,,8129,,,,,3.3333333333333335
xgboost,post_covid,Bexley,92.3076923076923,92.5925925925926,92.45283018867924,0.2549635221482291,0.2754028490028256,0.5406554793048992,8.28056652855055,4.531720619083044,6.370777102972764,79.43307640216683,42.9040191040078,62.690591807177285,10.973884680856592,6.345994968749329,8.921475444412781,climatology,,,,,,,5.0
arima,post_covid,Bexley,88.46153846153845,88.88888888888889,88.67924528301887,0.3677056461341869,-0.0843122141073045,0.4624502769630907,8.229100519250318,5.642351987744098,6.911322965464131,69.05442765887653,69.8586764315618,69.42304167969061,10.698361012312349,7.416106565396637,9.174196098662138,level,none,,,0.00014088415528574583,0.00038131109793069,28.303558083018288,5.666666666666667
dualtopo,post_covid,Bexley,61.53846153846154,74.07407407407408,67.9245283018868,0.3471951395532718,0.329792233486785,0.5768834873418622,9.208238399945772,6.651212692260742,7.905602662068493,64.15429524426295,102.1751728026288,81.58053079184731,12.525618725576512,7.664502555917851,10.338856384079069,level,train,479905,,,,,7.333333333333333
persistence,post_covid,Bexley,80.76923076923077,70.37037037037037,75.47169811320755,0.3249814336170283,-0.0875806102166858,0.4040875821441724,10.68714269094136,6.7740351233721166,8.693672798028727,96.48892773892776,94.53463203463204,95.5932088744589,12.886468133764996,9.330454149276278,11.216679544391482,level,none,0,,7.84148068840472e-08,2.122342008321236e-07,0.01578966691158712,8.333333333333334
seasonal_naive,post_covid,Bexley,92.3076923076923,88.88888888888889,90.56603773584906,-0.0735297616054969,0.6061665028592496,0.2971265973305661,12.71634699934795,4.559446717654308,8.560944969051189,106.37487512487512,58.11688311688312,84.25662878787881,17.368640239071688,5.540684025948915,12.791719833215042,level,none,0,,7.727352984933185e-08,2.0914526866464357e-07,0.015560207888484001,6.666666666666667
gnn_st,post_covid,Clintonville/Near North,100.0,100.0,100.0,0.7986658972069312,0.7021910163289207,0.8652904118601109,3.5469723848196177,2.0887288649876914,2.8040936105656176,26.625169745546973,48.283656456840866,37.65873844752689,4.436196701798463,2.708600467712913,3.659471597935168,blend,train,15734,,,,,1.3333333333333333
gnn_st_v2,post_covid,Clintonville/Near North,100.0,100.0,100.0,0.7964306897763781,0.7034786340837612,0.8645465493493103,3.583977405841534,2.081920751818904,2.818778733037553,26.599484629506176,48.18831946074892,37.59757029825248,4.494950859431236,2.705905272305486,3.6934697451677594,blend,train,15734,69b537f,,,,1.6666666666666667
gat,post_covid,Clintonville/Near North,92.3076923076923,96.29629629629628,94.33962264150944,0.7174431158661583,0.6892501476025004,0.8179855345267879,3.9413127165574298,2.0810305454112865,2.9936217991810925,32.5262630779744,57.7015794862841,45.35142426711331,4.92705596702025,2.7858551205529194,3.982792206714988,level,,8129,,,,,3.3333333333333335
seasonal_naive,post_covid,Clintonville/Near North,100.0,100.0,100.0,0.7042519857881168,0.3733280043700085,0.7888703779147123,3.7137621754112593,3.005542753465219,3.352971149136862,30.657098439839153,52.87384426273315,41.975063293011566,4.809615260096321,3.776801267298355,4.314470001001961,level,none,0,,7.727352984933185e-08,2.0914526866464357e-07,0.015560207888484001,5.0
arima,post_covid,Clintonville/Near North,92.3076923076923,100.0,96.22641509433964,0.6253287570184982,0.5573294886735617,0.7487872156900682,4.6421061201584015,2.4976528276173244,3.5496487824487963,34.101881471232616,71.23567312485304,53.01909608722792,5.785489201146162,2.93667413286725,4.562187702835005,level,none,,,0.00014088415528574583,0.00038131109793069,28.303558083018288,5.0
lstm,post_covid,Clintonville/Near North,100.0,100.0,100.0,0.5978340172806106,0.5597470475616214,0.7502074775747972,4.532723474094211,2.337023541944605,3.4141593577161102,33.23666781040108,74.79838691401733,54.40961905186595,5.861694539970653,2.8714232228726995,4.588671367390066,level,train,22353,,,,,5.666666666666667
persistence,post_covid,Clintonville/Near North,100.0,100.0,100.0,0.6253287570184982,0.5573294886735619,0.7487872156900682,4.859497314633882,2.625094303659495,3.7212165354582503,39.65811466757604,58.84733579178023,49.433755617642326,5.835175055504398,3.360675828094091,4.7388853094200485,level,none,0,,7.84148068840472e-08,2.122342008321236e-07,0.01578966691158712,6.666666666666667
xgboost,post_covid,Clintonville/Near North,100.0,100.0,100.0,0.522472898705914,0.7697807643957421,0.7065857139205579,5.661651077913418,2.487922216714125,4.04484580900057,41.80914161213099,53.753953320556725,47.894234369253525,7.584241633708329,3.1419134912939883,5.765990890907133,climatology,,,,,,,7.333333333333333
dualtopo,post_covid,Clintonville/Near North,57.692307692307686,100.0,79.24528301886792,0.7366194321750609,0.5763779413725761,0.8215746519804935,7.083413399182833,3.1661454836527505,5.0878240837241115,42.03215318416164,116.62116956003506,80.03033133790846,9.212493273100474,3.8323321974892512,7.008301858647147,level,train,479905,,,,,9.0
gat,post_covid,Dublin,96.15384615384616,92.5925925925926,94.33962264150944,0.4752899218877707,0.4744524678688035,0.6776445226156829,2.183166980743408,1.660710096359253,1.9170097000194048,33.870436908599174,63.857463613110056,48.86395026085462,3.1196068765545912,2.167631920672879,2.6772753805168734,level,,8129,,,,,2.0
gnn_st,post_covid,Dublin,100.0,100.0,100.0,0.5450775224956883,0.6099537599895039,0.7184228940069118,2.5751984898860636,1.6897823258682534,2.124137425197745,39.12660329570629,24046615.440667596,12250181.777164351,3.1944255689172327,2.2012854461477747,2.733944479897377,blend,train,15734,,,,,3.0
gnn_st_v2,post_covid,Dublin,100.0,100.0,100.0,0.5279745769080243,0.608852779510438,0.7098974999258924,2.609930849992312,1.6884973424452323,2.140521327279649,39.33681629310393,23960820.84052389,12206475.197195636,3.2657392125229094,2.206204683540779,2.77695884819707,blend,train,15734,69b537f,,,,4.0
arima,post_covid,Dublin,96.15384615384616,100.0,98.1132075471698,0.2311401696676908,0.6133831389475505,0.5811249302781097,2.7269261102505573,1.5109889424165128,2.10748642097661,44.09850563015208,64.22084109430854,54.15967336223031,3.810282208892694,1.8610411367030075,2.981035385326149,level,none,,,0.00014088415528574583,0.00038131109793069,28.303558083018288,3.3333333333333335
lstm,post_covid,Dublin,96.15384615384616,100.0,98.1132075471698,0.3170038709983523,0.3520775680342849,0.5785927150173635,2.9155099399582367,1.813120833391921,2.3539154894433216,45.64835903911778,73.32680168947545,59.48758036429661,3.7893270357558326,2.2124572777388014,3.0883166891415006,level,train,22353,,,,,5.333333333333333
persistence,post_covid,Dublin,100.0,96.29629629629628,98.1132075471698,0.2410758398921808,0.5654723616441127,0.5708282212618888,3.1362479922150706,1.637058488148261,2.372509942973488,54.71574177456531,65.99511599511601,60.35542888484065,4.229894646971859,2.02159839900986,3.2953295972303107,level,none,0,,7.84148068840472e-08,2.122342008321236e-07,0.01578966691158712,4.666666666666667
xgboost,post_covid,Dublin,96.15384615384616,100.0,98.1132075471698,0.2592642398056652,0.4641157018003125,0.5227383661249404,3.0992047986119697,1.790329578083744,2.4324193089089112,46.203251742019475,45868898.67487875,23367197.46238248,4.363773148504782,2.1548618348605473,3.421568700200152,climatology,,,,,,,5.666666666666667
seasonal_naive,post_covid,Dublin,100.0,92.5925925925926,96.22641509433964,0.478536023564598,0.4940758575950877,0.6319926900369003,3.751773299098401,1.834634512579948,2.7751176908720208,57.24665857018798,51.72161172161173,54.48413514589985,4.582233535193463,2.342006924069727,3.618645040181206,level,none,0,,7.727352984933185e-08,2.0914526866464357e-07,0.015560207888484001,8.333333333333334
dualtopo,post_covid,Dublin,69.23076923076923,96.29629629629628,83.01886792452831,0.4972992198922764,0.0849580950693307,0.641529477238911,3.954466819763184,1.975386796174226,2.9462562417084315,48.69734499768536,105.5423401313506,77.11984256451798,5.050102529198743,2.327098235553836,3.907678343169171,level,train,479905,,,,,8.666666666666666
gnn_st,post_covid,Eastside,96.15384615384616,85.18518518518519,90.56603773584906,0.7041467993117867,0.6383936494315592,0.8128702093985608,9.994243621826172,7.195501256872107,8.568469209491083,21.555244325412534,39.93841366504271,30.920255121073193,13.551218616780629,9.115509857815564,11.507193578758834,blend,train,15734,,,,,1.6666666666666667
gnn_st_v2,post_covid,Eastside,96.15384615384616,85.18518518518519,90.56603773584906,0.7020080185280838,0.6392659758623459,0.8121011446753238,10.000056706942043,7.1859987223589865,8.566479997814826,21.397460857471813,40.02167654146262,30.8852688474294,13.657471081689229,9.1050939149931,11.564473309797028,blend,train,15734,69b537f,,,,2.0
gat,post_covid,Eastside,84.61538461538461,88.88888888888889,86.79245283018868,0.5884714210630386,0.4624188533587987,0.7469191154276377,12.29737582573524,8.00304490548593,10.109697809759176,30.260963132693018,51.83055153478624,41.24924401677824,15.73230976907059,9.858825786155816,13.074134681296224,level,,8129,,,,,3.3333333333333335
xgboost,post_covid,Eastside,88.46153846153845,81.48148148148148,84.90566037735849,0.5517744615091577,0.5303015301904651,0.7223864268808583,12.361670422421431,8.684438659940575,10.488363675497226,25.024205432824132,44.81745845477743,35.10756074589468,17.106683319372685,11.313939024089777,14.448832823152106,climatology,,,,,,,5.333333333333333
lstm,post_covid,Eastside,96.15384615384616,81.48148148148148,88.67924528301887,0.5309430113798652,0.1890030878532438,0.6725331160641502,12.35691388561133,10.160373075718448,11.237921397552691,29.72439196692297,76.07169582740978,53.33528261283135,16.424978176592195,12.410050734566484,14.519037801407864,level,train,22353,,,,,5.666666666666667
persistence,post_covid,Eastside,88.46153846153845,92.5925925925926,90.56603773584906,0.4153780344580112,0.5113722440265284,0.637927165927628,14.405732597786644,8.255227814500776,11.272456576112708,30.433585464588063,48.289919956586616,39.53020869636091,20.309039315704265,10.76878130316676,16.16832659366797,level,none,0,,7.84148068840472e-08,2.122342008321236e-07,0.01578966691158712,5.666666666666667
arima,post_covid,Eastside,76.92307692307693,96.29629629629628,86.79245283018868,0.2822619967998712,0.4243250497034934,0.4603726842330411,13.849788724002368,9.590809194528768,11.680119907100725,25.215972459955204,77.8881523352358,52.04896975490948,21.83797087211977,10.851093398451294,17.144485565683343,level,none,,,0.00014088415528574583,0.00038131109793069,28.303558083018288,6.666666666666667
dualtopo,post_covid,Eastside,65.38461538461539,66.66666666666666,66.0377358490566,0.5729877708679917,0.0545960093817657,0.6697949870407915,16.588038737957294,11.202153311835396,13.844285785027273,30.796696559115883,108.54379990432707,70.40371147082723,24.082488170967434,13.063703694484932,19.273087949600804,level,train,479905,,,,,8.333333333333334
seasonal_naive,post_covid,Eastside,100.0,100.0,100.0,0.4262461545706366,0.6246278003792555,0.627777240457106,17.85250297394418,7.148857076474898,12.399702233723982,42.02707819241888,48.21903405236739,45.18147080031717,27.21089025662239,8.77783314959294,20.061982182661257,level,none,0,,7.727352984933185e-08,2.0914526866464357e-07,0.015560207888484001,6.333333333333333
gnn_st,post_covid,Far East,88.46153846153845,92.5925925925926,90.56603773584906,0.7180108826937678,0.6873751613583566,0.8353483004980712,13.574119641230656,6.627381995872215,10.035215557746168,21.47478587956588,22.679805695985173,22.088663899251177,17.59105521480528,8.867540342031523,13.851417848005603,blend,train,15734,,,,,2.0
gnn_st_v2,post_covid,Far East,88.46153846153845,92.5925925925926,90.56603773584906,0.7126111944692328,0.6888226659820871,0.8329892948064729,13.749463081359863,6.598320289894387,10.106428074386884,21.60651632429544,22.602336723979946,22.11382105621019,17.82314463313676,8.839364805173508,13.987126557139312,blend,train,15734,69b537f,,,,2.3333333333333335
gat,post_covid,Far East,80.76923076923077,96.29629629629628,88.67924528301887,0.5681443204807503,0.6989005615824192,0.7707892375803107,15.455352416405312,7.120208669591833,11.20914711142486,26.690230653505253,26.953680036644283,26.824440716613815,21.36180738846937,8.581725492124162,16.167133865107594,level,,8129,,,,,2.6666666666666665
xgboost,post_covid,Far East,92.3076923076923,88.88888888888889,90.56603773584906,0.5890863424301116,0.7939772880484274,0.787174570044968,14.494201799978145,8.860859214359142,11.62438576579488,22.494234311102687,25.27781664920296,23.91228569088962,20.51816092492292,11.177849114296563,16.43705231886831,climatology,,,,,,,4.333333333333333
lstm,post_covid,Far East,92.3076923076923,92.5925925925926,92.45283018867924,0.5125157460008101,0.3806478047500847,0.6890443538093951,16.18460631562107,10.955747241640491,13.520847919442284,26.21130537587223,41.60132895723458,34.05150606826437,21.919252657491423,12.760860225989964,17.85077690489011,level,train,22353,,,,,5.666666666666667
persistence,post_covid,Far East,88.46153846153845,100.0,94.33962264150944,0.5056748726842784,0.5834711031141109,0.7018849262215376,18.606309330581745,8.715273561155893,13.567479787666688,28.40727638823032,31.32471254560122,29.89351744953247,24.79139122955002,10.620495006758077,18.946500020092987,level,none,0,,7.84148068840472e-08,2.122342008321236e-07,0.01578966691158712,5.666666666666667
arima,post_covid,Far East,80.76923076923077,92.5925925925926,86.79245283018868,0.4601246099275294,0.35206937197699,0.588491593975231,17.65511796708872,11.340885623023317,14.438433565395025,25.27894350274519,48.18687079299348,36.94901966947544,25.55012957166993,13.147509660885936,20.20656367628559,level,none,,,0.00014088415528574583,0.00038131109793069,28.303558083018288,7.333333333333333
dualtopo,post_covid,Far East,53.84615384615385,66.66666666666666,60.37735849056604,0.5699631921882882,0.3346101791208735,0.7304508607309242,22.186991104712853,13.634993305912724,17.830312980795807,29.71470666534707,64.37034320489752,47.369464902476544,31.175795746724276,16.405222393974007,24.777017630070393,level,train,479905,,,,,8.333333333333334
seasonal_naive,post_covid,Far East,96.15384615384616,100.0,98.1132075471698,0.3515302736900443,0.6971738312525148,0.647984074926679,22.764015489637668,7.144754721455212,14.807033588865472,39.4702362693048,23.76600628515749,31.469968164173157,35.220583351633216,8.676928371492155,25.43416662954487,level,none,0,,7.727352984933185e-08,2.0914526866464357e-07,0.015560207888484001,6.666666666666667
gnn_st,post_covid,Far South,84.61538461538461,85.18518518518519,84.90566037735849,0.5625693044276895,0.5538848714085592,0.8034612589809051,12.308769005995533,7.977302833839699,10.10217303150105,19.577853087775672,32.97470097072861,26.27627702925215,16.845939514268174,10.085479694755447,13.821492662515016,blend,train,15734,,,,,1.3333333333333333
gnn_st_v2,post_covid,Far South,84.61538461538461,85.18518518518519,84.90566037735849,0.5596870464006167,0.5523042533955679,0.8014547023692976,12.494186914884128,7.952567789289686,10.180531888637905,19.75599863553517,32.830321030085024,26.293159832810097,17.056039070896027,10.078838430761031,13.944878521256358,blend,train,15734,69b537f,,,,1.6666666666666667
lstm,post_covid,Far South,88.46153846153845,88.88888888888889,88.67924528301887,0.5584808367896019,0.3995209759246815,0.7510659155121299,13.425846758428374,9.006368403003254,11.174414388683502,23.450000500295452,39.90994045077762,31.679970475536535,17.47496144790835,11.755106718419617,14.839175353881332,level,train,22353,,,,,3.3333333333333335
gat,post_covid,Far South,76.92307692307693,81.48148148148148,79.24528301886792,0.5483713195992153,0.4054213751467963,0.7938885855529805,14.5103335747352,7.84988311485008,11.117273906491835,28.517011698119553,31.506478763271772,30.01174523069566,18.52568950921563,10.78346680391132,15.08646506164906,level,,8129,,,,,3.6666666666666665
arima,post_covid,Far South,80.76923076923077,88.88888888888889,84.90566037735849,0.2433200389190971,0.3611113939798318,0.6428373749860028,16.145263071715213,10.107129848836644,13.069232939305373,27.92627905948512,46.798518684686925,37.362398872086025,20.95800284455025,11.907106922354954,16.9617901534247,level,none,,,0.00014088415528574583,0.00038131109793069,28.303558083018288,5.0
xgboost,post_covid,Far South,76.92307692307693,88.88888888888889,83.01886792452831,0.4664004284473018,0.7404627506431258,0.7868287893142086,16.72332500723987,10.167032527183684,13.38332695136219,26.35055038588603,34.98859830252794,30.669574344206985,21.170954960407613,12.125010719727706,17.16890100771314,climatology,,,,,,,6.0
persistence,post_covid,Far South,84.61538461538461,85.18518518518519,84.90566037735849,0.2433200389190972,0.3611113939798319,0.6428373749860027,17.336860960018406,10.602356254994575,13.906075544251555,32.02772395524172,44.485839725913706,38.25678184057771,22.805547903285753,12.883540312005424,18.43091634133813,level,none,0,,7.84148068840472e-08,2.122342008321236e-07,0.01578966691158712,7.333333333333333
dualtopo,post_covid,Far South,46.15384615384615,74.07407407407408,60.37735849056604,0.5532812010655089,0.2301087772969063,0.7475244816844858,21.45178119952862,12.592089617693864,16.9383534125562,31.24487374361046,70.54529934982725,50.89508654671886,27.97661032297801,15.397770958333298,22.46650560083755,level,train,479905,,,,,8.333333333333334
seasonal_naive,post_covid,Far South,96.15384615384616,100.0,98.1132075471698,0.3163328819534018,0.3284506299438314,0.6075120889082763,26.292869702397585,10.364990070181266,18.178666870891156,48.281278090095874,50.76769188714192,49.52448498861889,41.761921846838845,12.133568723807407,30.505349130131076,level,none,0,,7.727352984933185e-08,2.0914526866464357e-07,0.015560207888484001,8.333333333333334
gnn_st,post_covid,Far Southeast,100.0,100.0,100.0,0.3475610681095373,0.0509832425075878,0.4992706769726604,3.176984566908616,2.092306459391559,2.6244127008150206,69.93979313700316,71.16708428200536,70.56501692785335,3.8006269369135666,2.422473619066751,3.174218402385974,blend,train,15734,,,,,2.0
gnn_st_v2,post_covid,Far Southeast,96.15384615384616,100.0,98.1132075471698,0.3461368801633242,0.0456747307812482,0.4959312512590117,3.180220273824838,2.092828808007417,2.6262661308612465,69.02188274958559,71.19914037803852,70.13105173011822,3.809690318284089,2.4229655644043695,3.1797348464325648,blend,train,15734,69b537f,,,,3.0
lstm,post_covid,Far Southeast,100.0,100.0,100.0,0.2493631580389184,-0.0735524081107597,0.4226387984453084,3.050765681888596,2.1647711211760243,2.5994099622803044,73.81122638439518,88.19104131986296,81.13679248359577,3.7890455200271935,2.6019088349335093,3.23910834917262,level,train,22353,,,,,3.6666666666666665
xgboost,post_covid,Far Southeast,100.0,100.0,100.0,0.2183144195227286,0.0738102543553928,0.4380713730444218,3.5906276282174443,1.8133648966167284,2.6852296328736824,82.41191304572327,70.70991086880292,76.45051571031101,4.385222410263701,2.1524894006866035,3.4342373079185857,climatology,,,,,,,4.0
dualtopo,post_covid,Far Southeast,84.61538461538461,100.0,92.45283018867924,0.1889543778024258,-0.0035960332424773,0.3360124931791676,3.329969176879296,2.1753020551469593,2.741742529959049,57.19851253692847,106.15260010120184,82.13738733382243,4.172240298712124,2.5760258195951464,3.452554046390454,level,train,479905,,,,,4.666666666666667
arima,post_covid,Far Southeast,96.15384615384616,100.0,98.1132075471698,0.0992383846563757,-0.1189617419098478,0.2438932988559862,3.5400846632527703,2.152260211709362,2.8330797539759396,69.23090378150856,99.6422451200966,84.72347389739303,4.22872044604609,2.6008638013396457,3.4954830414575686,level,none,,,0.00014088415528574583,0.00038131109793069,28.303558083018288,5.666666666666667
gat,post_covid,Far Southeast,92.3076923076923,100.0,96.22641509433964,0.2079286654662942,0.3702315753739133,0.5064662685237477,3.5392505755791297,1.6737020633838795,2.5888768052155116,104.05915841486366,57.12015933215917,80.14683812744816,4.68133488233032,1.9824641801482672,3.571115087687528,level,,8129,,,,,5.0
persistence,post_covid,Far Southeast,92.3076923076923,96.29629629629628,94.33962264150944,0.1359639002711476,-0.1526829775550405,0.2464398341637239,4.289701734857171,2.7305446071218906,3.4954141414825948,85.87065712065711,117.1575543797766,101.80926515832174,5.049329544344876,3.3835656278177404,4.2824761213611025,level,none,0,,7.84148068840472e-08,2.122342008321236e-07,0.01578966691158712,8.333333333333334
seasonal_naive,post_covid,Far Southeast,100.0,96.29629629629628,98.1132075471698,0.1640525420505199,0.1853672044827781,0.3653802942333006,6.03466515242619,2.450488749981184,4.208763966274961,148.1544844044844,90.54967666078778,118.80863895014838,8.088448697085768,3.0869727726263045,6.078560971603202,level,none,0,,7.727352984933185e-08,2.0914526866464357e-07,0.015560207888484001,8.666666666666666
gnn_st,post_covid,Far Southwest,100.0,96.29629629629628,98.1132075471698,0.7093439079762796,0.5593766482406857,0.8059199564927051,6.648171461545504,3.018597814771864,4.799143377340065,34.84271840177334,24.366619117522102,29.50583763432459,8.053236984050873,4.024589160907058,6.329845235870515,blend,train,15734,,,,,1.0
gnn_st_v2,post_covid,Far Southwest,100.0,96.29629629629628,98.1132075471698,0.7035074515194844,0.5529588076854067,0.8024985100264522,6.75045868066641,3.0214064209549516,4.850752812511516,34.80853655289882,24.39013053232373,29.50104669336057,8.14084664164204,4.042259576893104,6.390270127841712,blend,train,15734,69b537f,,,,2.0
xgboost,post_covid,Far Southwest,100.0,100.0,100.0,0.6781703523196035,0.7199531117466152,0.786976511542707,7.002706733475652,2.674941251393305,4.797996016188418,36.86165516197529,18.942816677749978,27.73319027378503,8.577742090156557,4.046266774960857,6.665980321793375,climatology,,,,,,,3.0
arima,post_covid,Far Southwest,92.3076923076923,96.29629629629628,94.33962264150944,0.5522846001435285,0.3009596511802246,0.6909594413292509,7.511954582608774,3.624084616335446,5.531341580922363,36.87121343659033,34.063450917207795,35.440843851244516,9.84062841091254,4.792756326174428,7.694633037726508,level,none,,,0.00014088415528574583,0.00038131109793069,28.303558083018288,4.333333333333333
persistence,post_covid,Far Southwest,100.0,96.29629629629628,98.1132075471698,0.5522846001435286,0.3009596511802246,0.6909594413292509,9.03427967078282,3.595866377605408,6.263767238409422,45.473439375842034,30.204338750090383,37.69484094385533,10.789110137094324,4.974308495731143,8.34922711551073,level,none,0,,7.84148068840472e-08,2.122342008321236e-07,0.01578966691158712,5.666666666666667
lstm,post_covid,Far Southwest,96.15384615384616,100.0,98.1132075471698,0.4381421097555458,0.494805021822292,0.6597161353127011,8.514668271948675,4.817750038488282,6.631332568110362,44.74343699800813,44.22992566242351,44.4818368836537,10.976128880310808,5.371525673627248,8.590691883323712,level,train,22353,,,,,6.666666666666667
gat,post_covid,Far Southwest,76.92307692307693,96.29629629629628,86.79245283018868,0.4384010450671717,0.3605513614696679,0.6735134927030513,9.116762894850512,2.8078160462556063,5.90277110405688,54.68164705249925,25.401855477842712,39.76552681635347,11.658785334207982,4.544345525115672,8.78644777751614,level,,8129,,,,,6.0
dualtopo,post_covid,Far Southwest,73.07692307692307,92.5925925925926,83.01886792452831,0.4911553825474717,0.2837567286848204,0.6581036800580919,10.10939858509944,7.078918386388708,8.56556904990718,42.06010919970811,75.25163271239147,58.96899853635813,12.880087198977789,7.80816938339408,10.603875714397768,level,train,479905,,,,,8.333333333333334
seasonal_naive,post_covid,Far Southwest,100.0,100.0,100.0,0.3515017350987849,0.3679616358482699,0.6028526157677659,12.929058017742522,3.595866377605408,8.174413219936822,64.25359452288558,28.63731886607704,46.109454093945374,18.20899297444592,4.892488631601899,13.223076647249242,level,none,0,,7.727352984933185e-08,2.0914526866464357e-07,0.015560207888484001,8.0
gnn_st,post_covid,Hilliard,96.15384615384616,92.5925925925926,94.33962264150944,0.7715788499106646,0.3085223550629338,0.7843745703307087,4.399713754653931,3.4035444877765797,3.892231297942827,46049723.34292055,25484809.86388447,35573257.985675745,5.74154211704475,4.528029894774638,5.159128986347811,blend,train,15734,,,,,1.0
gnn_st_v2,post_covid,Hilliard,96.15384615384616,92.5925925925926,94.33962264150944,0.7675567818772207,0.3047738369822786,0.7823764021642735,4.349998272382296,3.4107902270776256,3.8715337964723697,45103403.66233464,25645248.878264464,35190758.772336625,5.810182410484587,4.533340552977971,5.19904831293286,blend,train,15734,69b537f,,,,2.0
xgboost,post_covid,Hilliard,96.15384615384616,96.29629629629628,96.22641509433964,0.689076202873777,0.3310656896678243,0.7418703754950755,5.383092812760134,3.411019483699605,4.378451682861374,50706488.84909613,14392965.630525464,32207146.83208844,6.599611448532001,4.658591906622757,5.694077648199842,climatology,,,,,,,3.3333333333333335
gat,post_covid,Hilliard,92.3076923076923,96.29629629629628,94.33962264150944,0.6201459851269536,0.2045556074802285,0.698814196697237,6.136481065016526,3.930074727093732,5.012462741923782,68.68025215897872,109.65705719827396,89.57038806136453,7.469777211154084,4.606190461248156,6.179081580492338,level,,8129,,,,,4.0
lstm,post_covid,Hilliard,96.15384615384616,92.5925925925926,94.33962264150944,0.535275813152641,0.1087522340367753,0.6166281814586058,6.0932107581118515,4.325187047322591,5.192519433747511,70.67084423387554,133.8751312694393,102.89263762455508,7.471007913392103,5.694658564661454,6.6258521941454624,level,train,22353,,,,,5.666666666666667
arima,post_covid,Hilliard,88.46153846153845,100.0,94.33962264150944,0.6923915225523912,0.0983778648606802,0.6121187631221506,6.55764935787836,4.653601692441594,5.587662811335101,54.25268932826999,146.17194064759525,101.11348411851424,8.174500154599869,5.480759706141395,6.934232011237953,level,none,,,0.00014088415528574583,0.00038131109793069,28.303558083018288,6.0
persistence,post_covid,Hilliard,96.15384615384616,88.88888888888889,92.45283018867924,0.6380977355252543,0.0918807956214215,0.6291315991487176,5.771253682892814,5.271034291515697,5.516424936342208,56.65433984659991,123.23842823842824,90.59916922282612,7.412629096211689,6.643616693854096,7.031385405222652,level,none,0,,7.84148068840472e-08,2.122342008321236e-07,0.01578966691158712,6.666666666666667
dualtopo,post_covid,Hilliard,61.53846153846154,96.29629629629628,79.24528301886792,0.6195226311827048,-0.0500084309083738,0.6488796080476967,8.358004881785465,5.20960737157751,6.75410426337764,68.55571134349164,177.17330024124905,123.92938411489736,10.13385272629185,5.8234128661468425,8.225245259968728,level,train,479905,,,,,7.666666666666667
seasonal_naive,post_covid,Hilliard,100.0,100.0,100.0,0.3455976824296789,0.0665323698440769,0.5082759270066939,9.757583546334242,4.812683483557811,7.238483514353796,89.76379915234403,161.55871905871908,126.36513086931956,12.263406677512362,5.969018471830449,9.587883103708275,level,none,0,,7.727352984933185e-08,2.0914526866464357e-07,0.015560207888484001,8.666666666666666
gnn_st,post_covid,Linden,100.0,96.29629629629628,98.1132075471698,0.7489308767634105,0.559630286923342,0.8481301183312817,7.96480208176833,6.0744512346055775,7.001793159628814,19.512973551353216,37.077510308798345,28.46094510703281,10.126486011327543,7.209668027897546,8.762732133318064,blend,train,15734,,,,,1.6666666666666667
gnn_st_v2,post_covid,Linden,100.0,96.29629629629628,98.1132075471698,0.7463966517013223,0.5614366792708207,0.8470293095842033,8.064942433283878,6.062692465605559,7.044928298806244,19.57919790003655,37.023981534215906,28.466163147637356,10.262734512776449,7.189026421073493,8.831582942700331,blend,train,15734,69b537f,,,,2.0
gat,post_covid,Linden,92.3076923076923,100.0,96.22641509433964,0.5704301890330765,0.6100538439231079,0.7893860243402776,10.866823930006762,5.6702895694308815,8.219532840656784,30.555028272832875,38.34915115330975,34.52561917420788,13.56871835593376,6.572635825748785,10.598371794879842,level,,8129,,,,,3.0
arima,post_covid,Linden,84.61538461538461,100.0,92.45283018867924,0.5616688488364818,0.486991685309707,0.7362299793509287,11.472642694676242,5.829398589362911,8.59778249008266,27.351018188617125,44.91797089844249,36.300220512490434,13.498685041139806,7.799747727320671,10.971791178567598,level,none,,,0.00014088415528574583,0.00038131109793069,28.303558083018288,4.0
persistence,post_covid,Linden,100.0,96.29629629629628,98.1132075471698,0.5616688488364818,0.486991685309707,0.7362299793509287,12.323925496998118,6.458119097651728,9.335684501104677,31.89066426851556,43.01801529067798,37.559314789239814,14.291804484039336,8.435486289380057,11.681220327496794,level,none,0,,7.84148068840472e-08,2.122342008321236e-07,0.01578966691158712,5.666666666666667
lstm,post_covid,Linden,92.3076923076923,96.29629629629628,94.33962264150944,0.5045030606294406,0.1190611979968925,0.6612891524893496,10.835721901136369,9.11656992341701,9.959927497392544,26.5113563485299,59.77065031996809,43.454770258507835,13.27903770615598,10.650219138422626,12.01193386959815,level,train,22353,,,,,5.666666666666667
xgboost,post_covid,Linden,92.3076923076923,96.29629629629628,94.33962264150944,0.3835168498239818,0.3729785019435087,0.7015201010886468,12.134474215276974,7.393577129081802,9.71930022797,28.741227005360635,38.762258228872184,33.8462806475269,15.163971612139605,8.901096821558182,12.376022219126444,climatology,,,,,,,7.0
dualtopo,post_covid,Linden,57.692307692307686,70.37037037037037,64.15094339622641,0.5892769581645112,0.1625972213294598,0.7305716507758451,14.722708775446964,9.9303180553295,12.281302182179576,30.197290158149347,82.18652443661261,56.68237177170611,19.424677444045276,11.883111860948864,16.03233514543871,level,train,479905,,,,,8.333333333333334
seasonal_naive,post_covid,Linden,100.0,100.0,100.0,0.3756760121010018,0.4608178775935265,0.6398855098724848,15.13263409863955,6.458119097651728,10.713541550966513,39.43386696515819,38.679477984678314,39.04955559774392,22.995486535377353,7.994891597704427,17.087122096005277,level,none,0,,7.727352984933185e-08,2.0914526866464357e-07,0.015560207888484001,7.666666666666667
gnn_st,post_covid,NE Suburban,92.3076923076923,100.0,96.22641509433964,0.5711205925742002,0.3542892771431101,0.7300269425877686,5.9826746720534105,3.189807732899984,4.5598934011639285,29.15756531794056,39.06540892663698,34.204957345012325,8.47054188672913,3.651738464789711,6.480088965783292,blend,train,15734,,,,,2.0
gnn_st_v2,post_covid,NE Suburban,92.3076923076923,100.0,96.22641509433964,0.5555153262470168,0.3535443323269804,0.7216268511414545,6.020991582136888,3.1848640265288175,4.576171883996928,29.033534950309814,39.04256908309593,34.13247686701217,8.607292546944356,3.652171851220924,6.568016140183589,blend,train,15734,69b537f,,,,3.0
xgboost,post_covid,NE Suburban,96.15384615384616,100.0,98.1132075471698,0.4956685765513745,0.3896266181112206,0.7060724291251161,5.966304011657223,2.881877200557562,4.394992239964942,32.29411107561017,34.48410469294756,33.40976820142355,8.9043440816087,3.447940541352944,6.704623677741113,climatology,,,,,,,2.6666666666666665
gat,post_covid,NE Suburban,96.15384615384616,100.0,98.1132075471698,0.521656312651836,0.6652752088700619,0.7305621943879909,7.708970179924598,2.4022991215741194,5.005571716236618,45.290173968311414,36.832738195573825,40.98166895201113,9.37441596235302,3.00292756182525,6.906854726022466,level,,8129,,,,,3.3333333333333335
lstm,post_covid,NE Suburban,96.15384615384616,100.0,98.1132075471698,0.49889129919781,0.313634703208054,0.6650760015695611,6.750235711597942,4.6056178629073985,5.657694543397099,35.638747123238026,60.20511841042669,48.153690986522825,9.01524596492323,5.378939123555119,7.389860186555349,level,train,22353,,,,,5.666666666666667
arima,post_covid,NE Suburban,88.46153846153845,100.0,94.33962264150944,0.3989485305271316,0.2741141049042049,0.5354542035440776,6.726565169045268,4.28194374256151,5.48119198951581,29.637863103847938,67.07347668661502,48.70883606110664,10.268043920200602,4.957553424943117,8.015125966333013,level,none,,,0.00014088415528574583,0.00038131109793069,28.303558083018288,6.333333333333333
persistence,post_covid,NE Suburban,96.15384615384616,96.29629629629628,96.22641509433964,0.3802440128655089,0.339567243643843,0.580348523941189,8.653967698336299,3.620525257065097,6.089761171650967,39.48367802472772,44.871738168951794,42.228538852917346,11.560544514674431,4.24153959200031,8.644497317634924,level,none,0,,7.84148068840472e-08,2.122342008321236e-07,0.01578966691158712,6.666666666666667
dualtopo,post_covid,NE Suburban,73.07692307692307,88.88888888888889,81.13207547169812,0.5252680889067408,0.3528692430115297,0.6850832293231247,7.97379757807805,5.665058648144758,6.797647557168637,33.976643175191626,91.7347883853247,63.40060394261793,11.6527173436071,6.608176243689909,9.426445314302187,level,train,479905,,,,,8.333333333333334
seasonal_naive,post_covid,NE Suburban,100.0,100.0,100.0,0.436414343328232,0.5662779052315153,0.651257495632311,9.62632361949768,2.777816792058565,6.137461650802282,49.72233073273999,33.29554451587475,41.35396794301619,13.331563505971848,3.5420498076991223,9.673675988625051,level,none,0,,7.727352984933185e-08,2.0914526866464357e-07,0.015560207888484001,7.0
gnn_st,post_covid,Northland,100.0,100.0,100.0,0.70221571762116,0.5343233913411126,0.7770823044342096,10.260950822096603,6.1321746684886795,8.157612026862378,24.306884250934203,26.51463445048875,25.43158718278275,12.74269632651385,7.582544753951113,10.437729678816623,blend,train,15734,,,,,1.6666666666666667
gnn_st_v2,post_covid,Northland,100.0,100.0,100.0,0.697712757054444,0.5357917708211063,0.7750276708005082,10.423184908353363,6.109806802537706,8.225803609164256,24.47955103424434,26.476722803843835,25.49697816215352,12.85602910171411,7.562166402537257,10.49819960284119,blend,train,15734,69b537f,,,,2.0
lstm,post_covid,Northland,92.3076923076923,96.29629629629628,94.33962264150944,0.5813916790122549,0.3055022967216158,0.6780640573496083,12.009916975568672,7.619732504027492,9.773407905160903,29.168024926947517,38.326420439994315,33.83362264114117,14.682961279042184,9.502430529789743,12.319121638662118,level,train,22353,,,,,4.666666666666667
arima,post_covid,Northland,88.46153846153845,100.0,94.33962264150944,0.5615942891555321,0.4679182628602827,0.653363639245731,11.70736779999852,7.055903021474959,9.33775366754312,25.37365413320021,35.827792849917984,30.6993474417168,15.507491161252318,8.327742673805899,12.381532491284386,level,none,,,0.00014088415528574583,0.00038131109793069,28.303558083018288,4.0
gat,post_covid,Northland,69.23076923076923,100.0,84.90566037735849,0.4992497566281269,0.7445008563199899,0.6915304279500458,15.080307813791128,4.750060258088289,9.81772887031987,40.11152342209533,22.98620132061357,31.38730272888764,17.781379613584658,6.053346881148995,13.182303184062926,level,,8129,,,,,4.333333333333333
persistence,post_covid,Northland,92.3076923076923,100.0,96.22641509433964,0.5615942891555321,0.4679182628602825,0.6533636392457309,13.09388515563232,7.363228039172373,10.174493794416875,30.464592057415945,33.55435815439851,32.0386238426712,17.083247942326427,9.03366451167254,13.591869738573951,level,none,0,,7.84148068840472e-08,2.122342008321236e-07,0.01578966691158712,6.0
xgboost,post_covid,Northland,88.46153846153845,100.0,94.33962264150944,0.3262463392040726,0.5905604745740861,0.6126830630608631,14.355403668285977,7.042656131481313,10.630041715574167,34.36308164980469,26.96760487867248,30.59557461545432,17.52744104724205,8.734655484709473,13.768596004844902,climatology,,,,,,,6.0
dualtopo,post_covid,Northland,69.23076923076923,77.77777777777779,73.58490566037736,0.5260539310169696,0.3948955622087313,0.6689790446815561,14.351578419025127,9.54727300008138,11.904102073525484,29.865264048037965,54.2358139475102,42.28044984588231,20.358145111714396,11.207595868099334,16.349532000099867,level,train,479905,,,,,8.333333333333334
seasonal_naive,post_covid,Northland,100.0,100.0,100.0,0.2840689845431915,0.551898907025893,0.548682724086593,21.34003420402672,7.074473998420514,14.072673344566956,54.81516287886661,28.84720010669381,41.58620071191066,28.829819921027813,9.012873541619484,21.19246147987901,level,none,0,,7.727352984933185e-08,2.0914526866464357e-07,0.015560207888484001,8.0
gnn_st,post_covid,UA/Grandview,96.15384615384616,96.29629629629628,96.22641509433964,0.5564466188422765,0.0363851408006769,0.6872030570095472,2.109279064031748,1.399537967311011,1.747712844947599,32.983813335772616,57.30141750257097,44.90420753518357,3.3158812295128457,1.669439071950909,2.6102898723507906,blend,train,15734,,,,,2.0
gnn_st_v2,post_covid,UA/Grandview,96.15384615384616,96.29629629629628,96.22641509433964,0.5492826035005198,0.0495306421873406,0.6830180518773564,2.154686111670274,1.391465178242436,1.7658754474711869,33.40594649832193,56.905522287756895,44.92534639510378,3.3501713998644065,1.6587011669444214,2.6282201337012925,blend,train,15734,69b537f,,,,2.3333333333333335
lstm,post_covid,UA/Grandview,92.3076923076923,100.0,96.22641509433964,0.3103870331997838,0.1684591545628975,0.5486533325423824,2.507843292832234,1.3935854120801376,1.9402024856566376,39.38944532421064,70.15416057018535,54.47018809184531,3.8001447439167504,1.8038255260323863,2.9566708656373213,level,train,22353,,,,,3.6666666666666665
arima,post_covid,UA/Grandview,92.3076923076923,100.0,96.22641509433964,0.3778860025839164,-0.3573738627900391,0.5076985804856902,2.7306638680126265,1.675882417513493,2.1933223743621246,41.51330137959297,84.45647738566245,62.563877853156434,3.8847881321558377,2.096988892662342,3.105411694080644,level,none,,,0.00014088415528574583,0.00038131109793069,28.303558083018288,5.0
gat,post_covid,UA/Grandview,96.15384615384616,100.0,98.1132075471698,0.3700665509521995,0.1368535802491959,0.6152340289317985,3.574893346199622,1.3025630094386913,2.417291099170469,66.41404106834177,51.83650698965852,59.268191029771565,4.212089335584041,1.6352392845333752,3.1726493714834936,level,,8129,,,,,4.0
persistence,post_covid,UA/Grandview,96.15384615384616,88.88888888888889,92.45283018867924,0.3910464523239979,-0.2603169430567009,0.505391289374195,2.9773059234377026,1.8551405100287204,2.4056367505689753,50.37428383582229,91.6,70.58296823002705,4.37488694882074,2.439590071539182,3.524372615256835,level,none,0,,7.84148068840472e-08,2.122342008321236e-07,0.01578966691158712,7.0
dualtopo,post_covid,UA/Grandview,84.61538461538461,100.0,92.45283018867924,0.365089514782841,0.0279475242330474,0.5522492274920001,3.0836697541750393,1.9049021491297968,2.4831655025482178,42.92107200316533,105.7728877515669,73.73078560532298,4.532253946637507,2.2011222550002256,3.5418996865727483,level,train,479905,,,,,7.333333333333333
xgboost,post_covid,UA/Grandview,96.15384615384616,100.0,98.1132075471698,0.1938329877606663,0.317858417059363,0.4685357364348161,3.655200229529005,1.233107650870387,2.42130401021235,62.86706603914751,63.89796290389803,63.372407639515416,4.909850927775077,1.5008365272937136,3.6018609368934715,climatology,,,,,,,5.666666666666667
seasonal_naive,post_covid,UA/Grandview,100.0,96.29629629629628,98.1132075471698,0.1132000528360693,0.1606797646537229,0.3643195268424957,5.735692293681456,1.5600045197968786,3.608455125853464,96.06849347233964,77.8,87.11334961334963,7.534650026648026,2.0668122072927497,5.479603637937403,level,none,0,,7.727352984933185e-08,2.0914526866464357e-07,0.015560207888484001,8.0
gnn_st,post_covid,West,100.0,100.0,100.0,0.8983271775012395,0.6505065012458799,0.9258917138761796,6.552219170790452,5.462443916885941,5.997050645216456,13.80927615482716,21.50365164327672,17.72905234705618,7.818185587113294,6.720846337734539,7.279861872931628,blend,train,15734,,,,,1.3333333333333333
gnn_st_v2,post_covid,West,100.0,100.0,100.0,0.8936175621802752,0.6488545938002506,0.923639288436423,6.65677914252648,5.46190901155825,6.048071717316249,13.869382602564508,21.546005528455304,17.780115036508874,8.078756612041344,6.724082575522514,7.41961036628631,blend,train,15734,69b537f,,,,2.3333333333333335
persistence,post_covid,West,96.15384615384616,100.0,98.1132075471698,0.786036295811871,0.5446039331014062,0.8565497985056776,9.035555197458534,6.539533697995468,7.763997075090557,18.847706279599713,27.266207628933113,23.136376778316727,11.752873097866056,8.39321500554876,10.180840539595057,level,none,0,,7.84148068840472e-08,2.122342008321236e-07,0.01578966691158712,3.6666666666666665
xgboost,post_covid,West,100.0,96.29629629629628,98.1132075471698,0.6827442832890126,0.6811945735216525,0.8460483912194031,11.685555722072818,6.542149195220498,9.065329755563148,24.793330623612217,23.5938022067862,24.182250109380092,12.969886448698034,8.56308340977845,10.948834304137574,climatology,,,,,,,4.666666666666667
gat,post_covid,West,88.46153846153845,100.0,94.33962264150944,0.78047795437664,0.6737913319372087,0.8807944764714953,14.90738795353816,5.434438705444336,10.081545883754517,34.81870426919612,27.542163021625857,31.111787029867862,17.34665150697345,6.546184825028778,13.01710249961224,level,,8129,,,,,4.333333333333333
lstm,post_covid,West,96.15384615384616,100.0,98.1132075471698,0.7323300286794855,0.3632368436315062,0.8122258777291467,11.178460460707583,11.517041137836705,11.35094495660355,25.130499399214457,51.68033145243389,38.65588553953379,14.018316279795377,12.856848345000152,13.439173806044446,level,train,22353,,,,,6.333333333333333
arima,post_covid,West,88.46153846153845,100.0,94.33962264150944,0.6975770546144581,0.4533316163212866,0.7786989774393099,12.492551798465673,9.684753106032185,11.06216378533918,22.482442225834376,51.35804471648834,37.192654815412816,16.038511140786333,11.168608364070328,13.774464188648318,level,none,,,0.00014088415528574583,0.00038131109793069,28.303558083018288,6.666666666666667
dualtopo,post_covid,West,53.84615384615385,59.25925925925925,56.60377358490566,0.7857941395616995,0.3052278327423858,0.8333279477576092,18.202044266920822,14.457880867852104,16.294640271168834,33.068066798375725,78.87631329145016,56.40434331371553,21.521724802473607,16.413891983813652,19.0911559845641,level,train,479905,,,,,8.333333333333334
seasonal_naive,post_covid,West,96.15384615384616,100.0,98.1132075471698,0.4901224684305158,0.6562402484163292,0.725351819748683,22.070926230734703,5.735946930021448,13.749333002069454,43.589851669390775,26.06448929896356,34.66183687690899,35.16905229351156,6.906769626478243,25.120994684967613,level,none,0,,7.727352984933185e-08,2.0914526866464357e-07,0.015560207888484001,7.333333333333333
xgboost,post_covid,Westerville,92.3076923076923,96.29629629629628,94.33962264150944,0.4846230387475905,0.5512909583068519,0.6452310101802032,7.094710612945162,3.77419744436644,5.403128432725813,36.25528432327802,53.7690304870676,45.34896021601492,9.597671370589753,4.896270347670747,7.576379877751328,climatology,,,,,,,1.3333333333333333
gnn_st,post_covid,Westerville,88.46153846153845,96.29629629629628,92.45283018867924,0.4847084388849855,0.2942248645803885,0.6145355931592519,7.633369537500235,4.15662901489823,5.86219983730676,41.57127214996397,64.17180092637899,53.30616209156409,9.744907543613197,5.198647404958652,7.768761878458477,blend,train,15734,,,,,2.3333333333333335
gnn_st_v2,post_covid,Westerville,88.46153846153845,96.29629629629628,92.45283018867924,0.4769036563004938,0.2902610224870267,0.6084862982244326,7.671422206438505,4.157533795745285,5.8813281104249775,41.40001600470081,64.16934152233722,53.22255040808896,9.834932698537552,5.208379129111973,7.827513383708522,blend,train,15734,69b537f,,,,3.6666666666666665
lstm,post_covid,Westerville,88.46153846153845,96.29629629629628,92.45283018867924,0.320644144141519,0.3242405596869283,0.5401889602363749,8.144864180343088,4.294958547763506,6.183591499594998,45.92270370978365,80.1506835907368,63.69492403258625,10.362081400991787,5.204671045535054,8.153114029077587,level,train,22353,,,,,4.0
gat,post_covid,Westerville,76.92307692307693,96.29629629629628,86.79245283018868,0.3182206607830786,0.6146995938407537,0.5781786860234589,8.668656624280489,3.424671243738245,5.997192373815572,53.783388056099454,66.42948587303295,60.34963115335338,10.79903261832147,4.378085598253428,8.183765391878074,level,,8129,,,,,3.6666666666666665
arima,post_covid,Westerville,69.23076923076923,96.29629629629628,83.01886792452831,0.2576272636596899,0.2613412434189127,0.4278216690190741,8.964965749724739,4.282009752956449,6.579308921182402,45.99196614745806,83.28581123665386,65.35607802069433,11.53490399759092,5.621704782387511,9.020626794838527,level,none,,,0.00014088415528574583,0.00038131109793069,28.303558083018288,6.0
dualtopo,post_covid,Westerville,65.38461538461539,81.48148148148148,73.58490566037736,0.3640749054731911,0.4408429510884707,0.5775433066020724,8.312565858547504,5.727997338330304,6.995898876550062,35.482966377949936,121.65045493008876,80.22377774156048,12.186667751620249,6.451302541834688,9.698383316186742,level,train,479905,,,,,7.333333333333333
persistence,post_covid,Westerville,88.46153846153845,92.5925925925926,90.56603773584906,0.321199665506868,0.2618567263557466,0.4573297364236194,10.345875165354595,5.067729046955964,7.657008274849633,56.21052845453936,78.60830527497194,67.84014334207164,12.701574043662037,6.528540054417453,10.042709844769265,level,none,0,,7.84148068840472e-08,2.122342008321236e-07,0.01578966691158712,8.333333333333334
seasonal_naive,post_covid,Westerville,100.0,100.0,100.0,0.3347419847256976,0.156826638663827,0.5023904378855488,9.68804495252858,4.779789896560739,7.187613131563832,58.89466381907397,95.81289081289084,78.06374321970964,13.04467758857733,6.340678996279562,10.195973698264766,level,none,0,,7.727352984933185e-08,2.0914526866464357e-07,0.015560207888484001,8.333333333333334
gat,post_covid,Worthington,88.46153846153845,85.18518518518519,86.79245283018868,0.5068116641207022,0.5270886383583224,0.6690123919476889,6.312836720393254,3.1778430762114347,4.7157644865647805,41.60373269182438,59.10490549025872,50.51942449480036,9.173702953024453,4.160705527480077,7.0783848170427035,level,,8129,,,,,2.0
gnn_st,post_covid,Worthington,88.46153846153845,92.5925925925926,90.56603773584906,0.4996062461569421,0.301256725726274,0.6304379259885663,6.350219799922063,3.3498058672304505,4.821707041758411,36.327546978803376,63.87804991100816,50.36270884992658,9.079642256927224,4.466207350500928,7.113641837244153,blend,train,15734,,,,,3.3333333333333335
gnn_st_v2,post_covid,Worthington,88.46153846153845,92.5925925925926,90.56603773584906,0.4931122722191581,0.3033693256534474,0.6259660166482368,6.418172157727755,3.344519297281901,4.8523490024062825,36.620019149733714,63.66877304660258,50.39957302172351,9.149120806179711,4.459994846653679,7.155204806407318,blend,train,15734,69b537f,,,,3.6666666666666665
xgboost,post_covid,Worthington,92.3076923076923,100.0,96.22641509433964,0.4362912494314938,0.3574061801037159,0.623723078052657,5.9926277658360085,3.213317978447683,4.576752968487238,39.19965902331472,58.33530322615441,48.94800607004436,9.525043823016066,4.459751018355179,7.391863441782906,climatology,,,,,,,4.333333333333333
arima,post_covid,Worthington,88.46153846153845,96.29629629629628,92.45283018867924,0.3575392246604539,0.3387451493113464,0.5158938752804467,6.789509154646426,3.344778059823455,5.034646144076233,40.42298492364379,79.44605259352903,60.30266090641552,10.039247260874966,4.227752256110506,7.651666030748559,level,none,,,0.00014088415528574583,0.00038131109793069,28.303558083018288,4.333333333333333
lstm,post_covid,Worthington,84.61538461538461,96.29629629629628,90.56603773584906,0.5084299664370004,0.433478041091948,0.6548449237991769,7.089857961673228,3.119710470666252,5.0673299945564665,42.75382807860311,70.37240548079316,56.82366939669993,10.144701937964197,3.995251249709275,7.656251966767794,level,train,22353,,,,,4.333333333333333
seasonal_naive,post_covid,Worthington,92.3076923076923,88.88888888888889,90.56603773584906,0.2912948931389485,0.1118616753443494,0.4514558101733507,7.44155949203268,4.206098843322819,5.793305954010675,42.10659600183891,80.79037217926106,61.81342537524267,10.943320893173349,5.335372135231907,8.558621785124842,level,none,0,,7.727352984933185e-08,2.0914526866464357e-07,0.015560207888484001,7.333333333333333
persistence,post_covid,Worthington,96.15384615384616,96.29629629629628,96.22641509433964,0.3554308939695055,0.2362497692874474,0.4913632776369698,7.980802933484322,4.3099531357505425,6.110747376148247,54.43089633600766,92.10091348980237,73.62128243322384,11.202774384791516,5.496679133661207,8.772620359259266,level,none,0,,7.84148068840472e-08,2.122342008321236e-07,0.01578966691158712,8.333333333333334
dualtopo,post_covid,Worthington,53.84615384615385,96.29629629629628,75.47169811320755,0.5826605701024061,-0.1609478444967936,0.6483789125634529,9.74287432890672,3.6406892670525446,6.634214014377234,53.06383738661046,93.04627099288548,73.4322469596185,13.064201546019053,4.317813334667661,9.655267637186435,level,train,479905,,,,,7.333333333333333
