timestamp,project_name,run_id,experiment_id,duration,emissions,emissions_rate,cpu_power,gpu_power,ram_power,cpu_energy,gpu_energy,ram_energy,energy_consumed,water_consumed,country_name,country_iso_code,region,cloud_provider,cloud_region,os,python_version,codecarbon_version,cpu_count,cpu_model,gpu_count,gpu_model,longitude,latitude,ram_total_size,tracking_mode,cpu_utilization_percent,gpu_utilization_percent,ram_utilization_percent,ram_used_gb,on_cloud,pue,wue
2026-03-25T17:54:21,Flu Prediction with GNNs - Boston Neighborhoods,dc278846-d3e0-4686-9059-3c33cbb44966,5b0fa12a-3dd7-45bb-9766-cc326314d9f1,62.36813499999698,0.0001646337969532,2.639710117245409e-06,6.752052662322501,0.0,20.0,0.000113018108902,0.0,0.0003325727649999,0.000445590873902,0.0,United States,USA,,,,Windows-11-10.0.26200-SP0,3.12.10,3.2.5,16,AMD Ryzen 7 5700X 8-Core Processor,1,1 x NVIDIA GeForce RTX 4060,,,31.883464813232425,machine,0.0,0,46.57,14.848339780171711,N,1.0,0.0
2026-03-25T17:54:44,Flu Prediction with GNNs - Boston Neighborhoods,dc278846-d3e0-4686-9059-3c33cbb44966,5b0fa12a-3dd7-45bb-9766-cc326314d9f1,85.95190519999596,0.0002275103533455,2.646949509917281e-06,6.716917333018752,0.0,20.0,0.0001549599334864,0.0,0.0004608099694444,0.0006157699029308,0.0,United States,USA,,,,Windows-11-10.0.26200-SP0,3.12.10,3.2.5,16,AMD Ryzen 7 5700X 8-Core Processor,1,1 x NVIDIA GeForce RTX 4060,,,31.883464813232425,machine,0.0,0,46.57,14.848339780171711,N,1.0,0.0
2026-03-25T17:54:55,Flu Prediction with GNNs - Boston Neighborhoods,dc278846-d3e0-4686-9059-3c33cbb44966,5b0fa12a-3dd7-45bb-9766-cc326314d9f1,96.09825969999656,0.0002537605405866,2.640636171548492e-06,6.688224222944645,0.0,20.0,0.000172419420381,0.0,0.0005143981294444,0.0006868175498254,0.0,United States,USA,,,,Windows-11-10.0.26200-SP0,3.12.10,3.2.5,16,AMD Ryzen 7 5700X 8-Core Processor,1,1 x NVIDIA GeForce RTX 4060,,,31.883464813232425,machine,0.0,0,46.57,14.848339780171711,N,1.0,0.0
2026-03-25T17:55:01,Flu Prediction with GNNs - Boston Neighborhoods,dc278846-d3e0-4686-9059-3c33cbb44966,5b0fa12a-3dd7-45bb-9766-cc326314d9f1,102.68060939999124,0.0002703019262043,2.632453466957896e-06,6.664914041764064,0.0,20.0,0.0001834032553025,0.0,0.0005481845094443,0.0007315877647469,0.0,United States,USA,,,,Windows-11-10.0.26200-SP0,3.12.10,3.2.5,16,AMD Ryzen 7 5700X 8-Core Processor,1,1 x NVIDIA GeForce RTX 4060,,,31.883464813232425,machine,0.0,0,46.57,14.848339780171711,N,1.0,0.0
2026-03-25T17:55:09,Flu Prediction with GNNs - Boston Neighborhoods,dc278846-d3e0-4686-9059-3c33cbb44966,5b0fa12a-3dd7-45bb-9766-cc326314d9f1,110.53338870000152,0.0002903085434111,2.626433033724482e-06,6.648139391345834,0.0,20.0,0.0001967069123065,0.0,0.0005890299166665,0.0007857368289731,0.0,United States,USA,,,,Windows-11-10.0.26200-SP0,3.12.10,3.2.5,16,AMD Ryzen 7 5700X 8-Core Processor,1,1 x NVIDIA GeForce RTX 4060,,,31.883464813232425,machine,0.0,0,46.57,14.848339780171711,N,1.0,0.0
2026-03-25T17:56:38,Flu Prediction with GNNs - Boston Neighborhoods,dc278846-d3e0-4686-9059-3c33cbb44966,5b0fa12a-3dd7-45bb-9766-cc326314d9f1,199.3337107999978,0.0005305264415542,2.661498847460507e-06,6.634056702211251,0.0,20.0,0.0003563166164724,0.0,0.0010795838188887,0.0014359004353612,0.0,United States,USA,,,,Windows-11-10.0.26200-SP0,3.12.10,3.2.5,16,AMD Ryzen 7 5700X 8-Core Processor,1,1 x NVIDIA GeForce RTX 4060,,,31.883464813232425,machine,0.0,0,46.57,14.848339780171711,N,1.0,0.0
2026-03-25T17:59:23,Flu Prediction with GNNs - Boston Neighborhoods,dc278846-d3e0-4686-9059-3c33cbb44966,5b0fa12a-3dd7-45bb-9766-cc326314d9f1,364.6817572,0.0009791778856307,2.685020202679612e-06,6.62354193582841,0.0,20.0,0.000654799960442,0.0,0.0019954015038888,0.0026502014643308,0.0,United States,USA,,,,Windows-11-10.0.26200-SP0,3.12.10,3.2.5,16,AMD Ryzen 7 5700X 8-Core Processor,1,1 x NVIDIA GeForce RTX 4060,,,31.883464813232425,machine,0.0,0,46.57,14.848339780171711,N,1.0,0.0
2026-03-25T18:07:46,Flu Prediction with GNNs - Boston Neighborhoods,2eaff333-4ffd-4ad9-8145-f2583f67ebd3,5b0fa12a-3dd7-45bb-9766-cc326314d9f1,195.1135629000055,0.0005138453606277,2.6335706907831043e-06,6.545204431418752,0.0,20.0,0.0003429722525789,0.0,0.0010477798744444,0.0013907521270234,0.0,United States,USA,,,,Windows-11-10.0.26200-SP0,3.12.10,3.2.5,16,AMD Ryzen 7 5700X 8-Core Processor,1,1 x NVIDIA GeForce RTX 4060,,,31.883464813232425,machine,0.3125,0,47.71666666666667,15.21440714597702,N,1.0,0.0
2026-03-25T18:10:02,Flu Prediction with GNNs - Boston Neighborhoods,c054695c-9453-47f0-b1bc-87ea3171080f,5b0fa12a-3dd7-45bb-9766-cc326314d9f1,72.01659769999969,0.0001905459284416,2.645861294856075e-06,6.713249327950456,0.0,20.0,0.0001295457506122,0.0,0.0003861778027777,0.0005157235533899,0.0,United States,USA,,,,Windows-11-10.0.26200-SP0,3.12.10,3.2.5,16,AMD Ryzen 7 5700X 8-Core Processor,1,1 x NVIDIA GeForce RTX 4060,,,31.883464813232425,machine,0.0,0,48.35072463768116,15.418142401653787,N,1.0,0.0
2026-03-25T18:10:35,Flu Prediction with GNNs - Boston Neighborhoods,c054695c-9453-47f0-b1bc-87ea3171080f,5b0fa12a-3dd7-45bb-9766-cc326314d9f1,105.0018194000004,0.0002789013855397,2.6561576469191493e-06,6.677998235542046,0.0,20.0,0.0001882146222322,0.0,0.0005666480755555,0.0007548626977877,0.0,United States,USA,,,,Windows-11-10.0.26200-SP0,3.12.10,3.2.5,16,AMD Ryzen 7 5700X 8-Core Processor,1,1 x NVIDIA GeForce RTX 4060,,,31.883464813232425,machine,0.0,0,48.35072463768116,15.418142401653787,N,1.0,0.0
2026-05-18T02:13:52,Flu Prediction with GNNs - Boston Neighborhoods,c74a2a44-1a3e-41d9-aad7-c669ad4b4b08,5b0fa12a-3dd7-45bb-9766-cc326314d9f1,29.285960291977972,0.0001367569179901,4.669709192618574e-06,42.5,0.0,3.0,0.000345735772457,0.0,2.4404719514229026e-05,0.0003701404919712,0.0,United States,USA,,,,macOS-26.3.1-arm64-arm-64bit,3.12.7,3.2.5,8,Apple M2,0,,,,16.0,machine,28.303571428571427,0,81.175,5.030926840645926,N,1.0,0.0
2026-05-18T02:13:59,Flu Prediction with GNNs - Boston Neighborhoods,bd78e87e-89f2-4613-b1e9-5457977d2b76,5b0fa12a-3dd7-45bb-9766-cc326314d9f1,30.83937391708605,0.0001440109226779,4.66970967261318e-06,42.5,0.0,3.0,0.0003640746656005,0.0,2.5699208750059674e-05,0.0003897738743506,0.0,United States,USA,,,,macOS-26.3.1-arm64-arm-64bit,3.12.7,3.2.5,8,Apple M2,0,,,,16.0,machine,30.146666666666665,0,81.11,4.941236368815104,N,1.0,0.0
2026-05-18T02:23:19,Flu Prediction with GNNs - Boston Neighborhoods,f0485678-3527-4aac-a2eb-1073fc9926a7,5b0fa12a-3dd7-45bb-9766-cc326314d9f1,56.86396554100793,0.0002655366365768,4.669682004244987e-06,42.5,0.0,3.0,0.0006713052727679,0.0,4.738496055584013e-05,0.0007186902333238,0.0,United States,USA,,,,macOS-26.3.1-arm64-arm-64bit,3.12.7,3.2.5,8,Apple M2,0,,,,16.0,machine,54.661111111111104,0,82.29814814814816,4.949091028284143,N,1.0,0.0
2026-05-18T02:23:25,Flu Prediction with GNNs - Boston Neighborhoods,e6f29adf-04cc-47e3-adea-f5847cc6b077,5b0fa12a-3dd7-45bb-9766-cc326314d9f1,56.45811695791781,0.0002636415982587,4.669684581496237e-06,42.5,0.0,3.0,0.0006665140072167,0.0,4.7047195519844535e-05,0.0007135612027366,0.0,United States,USA,,,,macOS-26.3.1-arm64-arm-64bit,3.12.7,3.2.5,8,Apple M2,0,,,,16.0,machine,57.114814814814814,0,82.30555555555556,4.929732428656684,N,1.0,0.0
2026-05-18T02:23:29,Flu Prediction with GNNs - Boston Neighborhoods,cb6ab240-4de1-4079-9f9d-06232c32b7cb,5b0fa12a-3dd7-45bb-9766-cc326314d9f1,51.99935000005644,0.0002428181923674,4.6696389929328485e-06,42.5,0.0,3.0,0.0006138753439736,0.0,4.33261088183887e-05,0.000657201452792,0.0,United States,USA,,,,macOS-26.3.1-arm64-arm-64bit,3.12.7,3.2.5,8,Apple M2,0,,,,16.0,machine,36.416326530612245,0,81.97551020408163,4.919301869917889,N,1.0,0.0
2026-05-18T02:41:16,Flu Prediction with GNNs - Boston Neighborhoods,308143a7-aa97-4fd4-b02a-58accb28512c,5b0fa12a-3dd7-45bb-9766-cc326314d9f1,52.4865109580569,0.0002450961103585,4.669697144747377e-06,42.5,0.0,3.0,0.0006196286653901,0.0,4.3738103923387826e-05,0.0006633667693135,0.0,United States,USA,,,,macOS-26.3.1-arm64-arm-64bit,3.12.7,3.2.5,8,Apple M2,0,,,,16.0,machine,40.82941176470589,0,82.4156862745098,4.918940824620864,N,1.0,0.0
2026-05-18T02:41:17,Flu Prediction with GNNs - Boston Neighborhoods,e3f33d61-fc70-4d59-9f4f-2bee6c55aee6,5b0fa12a-3dd7-45bb-9766-cc326314d9f1,61.70703254104592,0.0002881511161796,4.6696641260135034e-06,42.5,0.0,3.0,0.0007284764159112,0.0,5.142121173586929e-05,0.0007798976276471,0.0,United States,USA,,,,macOS-26.3.1-arm64-arm-64bit,3.12.7,3.2.5,8,Apple M2,0,,,,16.0,machine,51.99,0,82.03666666666666,5.030525207519531,N,1.0,0.0
2026-05-18T02:41:19,Flu Prediction with GNNs - Boston Neighborhoods,08796651-3f20-47d9-adab-d7dcf11da2a0,5b0fa12a-3dd7-45bb-9766-cc326314d9f1,41.042878457927145,0.0001916572607577,4.669683705401054e-06,42.5,0.0,3.0,0.0004845299187247,0.0,3.420151972338014e-05,0.0005187314384481,0.0,United States,USA,,,,macOS-26.3.1-arm64-arm-64bit,3.12.7,3.2.5,8,Apple M2,0,,,,16.0,machine,35.4075,0,82.6075,4.860754776000976,N,1.0,0.0
2026-05-18T02:58:31,Flu Prediction with GNNs - Boston Neighborhoods,8d5e3f2d-96ef-404c-b9fb-ecfad8044735,5b0fa12a-3dd7-45bb-9766-cc326314d9f1,50.307163708028384,0.0002349170270651,4.6696535791315965e-06,42.5,0.0,3.0,0.0005938954491065,0.0,4.192104374989867e-05,0.0006358164928564,0.0,United States,USA,,,,macOS-26.3.1-arm64-arm-64bit,3.12.7,3.2.5,8,Apple M2,0,,,,16.0,machine,43.108163265306125,0,81.29387755102042,5.206805793606505,N,1.0,0.0
2026-05-18T02:58:31,Flu Prediction with GNNs - Boston Neighborhoods,59448bf8-2c1e-4ffb-b10d-b1d608c3278c,5b0fa12a-3dd7-45bb-9766-cc326314d9f1,43.551157541922294,0.0002033704646003,4.6696913716847004e-06,42.5,0.0,3.0,0.0005141418576633,0.0,3.629204305577635e-05,0.0005504339007191,0.0,United States,USA,,,,macOS-26.3.1-arm64-arm-64bit,3.12.7,3.2.5,8,Apple M2,0,,,,16.0,machine,43.32380952380952,0,81.66190476190476,5.171902247837612,N,1.0,0.0
2026-05-18T02:58:39,Flu Prediction with GNNs - Boston Neighborhoods,03480f8c-0873-46b5-a7dd-1d29c1fc206d,5b0fa12a-3dd7-45bb-9766-cc326314d9f1,64.41090274997987,0.0003007795934072,4.6697000129741785e-06,42.5,0.0,3.0,0.0007604024626626,0.0,5.3674867500182394e-05,0.0008140773301628,0.0,United States,USA,,,,macOS-26.3.1-arm64-arm-64bit,3.12.7,3.2.5,8,Apple M2,0,,,,16.0,machine,47.401587301587305,0,80.69365079365079,5.263894701760913,N,1.0,0.0
2026-05-18T03:03:54,Flu Prediction with GNNs - Boston Neighborhoods,df77ebf8-3a64-4a9c-958a-a2c02addf066,5b0fa12a-3dd7-45bb-9766-cc326314d9f1,40.603565333993174,0.0001896062910093,4.669695615390796e-06,42.5,0.0,3.0,0.0004793446811382,0.0,3.3835689306627806e-05,0.0005131803704448,0.0,United States,USA,,,,macOS-26.3.1-arm64-arm-64bit,3.12.7,3.2.5,8,Apple M2,0,,,,16.0,machine,47.687179487179485,0,79.7948717948718,5.272543882712339,N,1.0,0.0
2026-05-18T03:03:54,Flu Prediction with GNNs - Boston Neighborhoods,b45429fa-348c-452f-b868-ade7a9788503,5b0fa12a-3dd7-45bb-9766-cc326314d9f1,34.05448129202705,0.0001590243912689,4.669705285048338e-06,42.5,0.0,3.0,0.000402030325559,0.0,2.837836809097401e-05,0.00043040869365,0.0,United States,USA,,,,macOS-26.3.1-arm64-arm-64bit,3.12.7,3.2.5,8,Apple M2,0,,,,16.0,machine,34.512121212121215,0,80.14242424242424,5.225405143968986,N,1.0,0.0
2026-05-18T03:04:00,Flu Prediction with GNNs - Boston Neighborhoods,8351f00f-41d3-4c48-9dd6-a3e041707457,5b0fa12a-3dd7-45bb-9766-cc326314d9f1,51.34414295805618,0.0002397613014601,4.6696913736777495e-06,42.5,0.0,3.0,0.0006061418147573,0.0,4.278598635428352e-05,0.0006489278011116,0.0,United States,USA,,,,macOS-26.3.1-arm64-arm-64bit,3.12.7,3.2.5,8,Apple M2,0,,,,16.0,machine,41.776,0,79.084,5.28792236328125,N,1.0,0.0
2026-06-21T16:07:19,Flu Prediction with GNNs - Boston Neighborhoods,99621662-197f-4a40-99ed-821100e9aa20,5b0fa12a-3dd7-45bb-9766-cc326314d9f1,16.357093708007596,8.141917426583123e-05,4.9776063962984185e-06,42.5,0.0,6.0,0.0001931040836557,0.0,2.7261610903345477e-05,0.000220365694559,0.0,United States,USA,,,,macOS-26.5.1-arm64-arm-64bit,3.12.7,3.2.5,10,Apple M5,0,,,,24.0,machine,12.63125,0,67.5125,10.366291046142578,N,1.0,0.0
2026-06-21T16:10:03,Flu Prediction with GNNs - Boston Neighborhoods,612d5bd4-5393-4f52-a034-16f43e78d2c8,5b0fa12a-3dd7-45bb-9766-cc326314d9f1,17.364858083004947,8.643544090767073e-05,4.977607101336776e-06,42.5,0.0,6.0,0.0002050013088542,0.0,2.894120090335491e-05,0.0002339425097576,0.0,United States,USA,,,,macOS-26.5.1-arm64-arm-64bit,3.12.7,3.2.5,10,Apple M5,0,,,,24.0,machine,14.570588235294116,0,67.95882352941176,10.279309441061582,N,1.0,0.0
2026-06-21T16:10:21,Flu Prediction with GNNs - Boston Neighborhoods,a863218e-9760-4177-95a8-d1bad194369d,5b0fa12a-3dd7-45bb-9766-cc326314d9f1,13.815348124990123,6.876740638875358e-05,4.977609378106261e-06,42.5,0.0,6.0,0.0001630975080979,0.0,2.3025446458317067e-05,0.0001861229545562,0.0,United States,USA,,,,macOS-26.5.1-arm64-arm-64bit,3.12.7,3.2.5,10,Apple M5,0,,,,24.0,machine,15.007692307692308,0,67.96923076923078,10.22604252741887,N,1.0,0.0
2026-06-21T16:10:36,Flu Prediction with GNNs - Boston Neighborhoods,c0091d6d-9c5f-4618-8977-f77da777bbc6,5b0fa12a-3dd7-45bb-9766-cc326314d9f1,10.60736158301006,5.2799270687750454e-05,4.977606379735342e-06,42.5,0.0,6.0,0.0001252254654264,0.0,1.76788081950023e-05,0.0001429042736214,0.0,United States,USA,,,,macOS-26.5.1-arm64-arm-64bit,3.12.7,3.2.5,10,Apple M5,0,,,,24.0,machine,11.92,0,67.83,10.187998962402345,N,1.0,0.0
2026-06-22T11:00:03,Flu Prediction with GNNs - Boston Neighborhoods,4003fe43-41b2-4922-8764-cc04a435746e,5b0fa12a-3dd7-45bb-9766-cc326314d9f1,17.53205787501065,8.726767989952273e-05,4.977606195557332e-06,42.5,0.0,6.0,0.0002069751456097,0.0,2.9219867015005244e-05,0.0002361950126248,0.0,United States,USA,,,,macOS-26.5.1-arm64-arm-64bit,3.12.7,3.2.5,10,Apple M5,0,,,,24.0,machine,7.958823529411766,0,71.68235294117646,9.356200274299171,N,1.0,0.0
2026-06-22T11:00:21,Flu Prediction with GNNs - Boston Neighborhoods,5acb6e4a-75fd-4e79-b518-440fcfe55bc7,5b0fa12a-3dd7-45bb-9766-cc326314d9f1,13.79096341697732,6.864603632711831e-05,4.977609921190265e-06,42.5,0.0,6.0,0.0001628096463541,0.0,2.298481312497946e-05,0.000185794459479,0.0,United States,USA,,,,macOS-26.5.1-arm64-arm-64bit,3.12.7,3.2.5,10,Apple M5,0,,,,24.0,machine,10.115384615384617,0,71.56153846153846,9.352530846228966,N,1.0,0.0
2026-06-22T11:00:37,Flu Prediction with GNNs - Boston Neighborhoods,a8b47036-a734-468a-97e8-8cd90dfaca8d,5b0fa12a-3dd7-45bb-9766-cc326314d9f1,10.606700917007402,5.279596117462059e-05,4.977604401945988e-06,42.5,0.0,6.0,0.0001252176186631,0.0,1.7677697569985564e-05,0.0001428953162331,0.0,United States,USA,,,,macOS-26.5.1-arm64-arm-64bit,3.12.7,3.2.5,10,Apple M5,0,,,,24.0,machine,6.56,0,71.56,9.34586181640625,N,1.0,0.0
2026-06-22T11:11:11,Flu Prediction with GNNs - Boston Neighborhoods,af220cca-e775-43d0-aafd-efd099595c75,5b0fa12a-3dd7-45bb-9766-cc326314d9f1,10.794118791993242,5.372887270611972e-05,4.977606207741035e-06,42.5,0.0,6.0,0.0001274302350696,0.0,1.799006007000571e-05,0.0001454202951396,0.0,United States,USA,,,,macOS-26.5.1-arm64-arm-64bit,3.12.1,3.2.7,10,Apple M5,0,,,,24.0,machine,15.13,0,72.8,9.090057373046877,N,1.0,0.0
2026-06-22T12:08:20,Flu Prediction with GNNs - Boston Neighborhoods,6374d514-860c-41e6-b5c7-0e0672aa4139,5b0fa12a-3dd7-45bb-9766-cc326314d9f1,18.36614433300565,9.141942727744506e-05,4.977605839302697e-06,42.5,0.0,6.0,0.0002168219499382,0.0,3.061000659833857e-05,0.0002474319565365,0.0,United States,USA,,,,macOS-26.5.1-arm64-arm-64bit,3.12.7,3.2.5,10,Apple M5,0,,,,24.0,machine,9.838888888888889,0,75.81666666666666,8.797984653049046,N,1.0,0.0
2026-06-22T12:08:39,Flu Prediction with GNNs - Boston Neighborhoods,df699d3a-6a5b-4faa-a8ba-fedd07536ba5,5b0fa12a-3dd7-45bb-9766-cc326314d9f1,14.359962624992477,7.147829804040851e-05,4.977610311882407e-06,42.5,0.0,6.0,0.0001695269961555,0.0,2.393314312498357e-05,0.0001934601392805,0.0,United States,USA,,,,macOS-26.5.1-arm64-arm-64bit,3.12.7,3.2.5,10,Apple M5,0,,,,24.0,machine,13.8,0,74.24285714285715,8.49497549874442,N,1.0,0.0
2026-06-22T12:08:55,Flu Prediction with GNNs - Boston Neighborhoods,82faa99a-8335-4f84-bd15-b50c264881a4,5b0fa12a-3dd7-45bb-9766-cc326314d9f1,11.318395292008065,5.633849283453129e-05,4.977604278789591e-06,42.5,0.0,6.0,0.0001336195390993,0.0,1.886384354166997e-05,0.000152483382641,0.0,United States,USA,,,,macOS-26.5.1-arm64-arm-64bit,3.12.7,3.2.5,10,Apple M5,0,,,,24.0,machine,5.7727272727272725,0,74.08181818181818,8.73702586780895,N,1.0,0.0
2026-07-05T23:17:42,Flu Prediction with GNNs - Boston Neighborhoods,18633b80-3690-4a2f-8ec6-7bfd39af80fb,5b0fa12a-3dd7-45bb-9766-cc326314d9f1,13.415156167000532,6.677540708353306e-05,4.977609373478001e-06,42.5,0.0,6.0,0.0001583730324895,0.0,2.235846097154232e-05,0.000180731493461,0.0,United States,USA,,,,macOS-26.5.1-arm64-arm-64bit,3.12.7,3.2.5,10,Apple M5,0,,,,24.0,machine,12.553846153846154,0,65.00769230769231,11.15938509427584,N,1.0,0.0
2026-07-05T23:17:49,Flu Prediction with GNNs - Boston Neighborhoods,33730544-4220-412c-89cd-dbce053182e6,5b0fa12a-3dd7-45bb-9766-cc326314d9f1,12.602407707949167,6.272986615498647e-05,4.977609644815618e-06,42.5,0.0,6.0,0.000148778112463,0.0,2.1003890971575552e-05,0.0001697820034345,0.0,United States,USA,,,,macOS-26.5.1-arm64-arm-64bit,3.12.7,3.2.5,10,Apple M5,0,,,,24.0,machine,8.908333333333333,0,64.43333333333332,10.967049916585289,N,1.0,0.0
2026-07-05T23:19:15,Flu Prediction with GNNs - Boston Neighborhoods,c54c9122-dd85-4913-ac39-06297ede7d2e,5b0fa12a-3dd7-45bb-9766-cc326314d9f1,12.14587670797482,6.045725969458287e-05,4.977595372336312e-06,42.5,0.0,6.0,0.0001433881680176,0.0,2.0242894859984517e-05,0.0001636310628776,0.0,United States,USA,,,,macOS-26.5.1-arm64-arm-64bit,3.12.7,3.2.5,10,Apple M5,0,,,,24.0,machine,10.725,0,64.78333333333333,11.025431315104166,N,1.0,0.0
2026-07-05T23:19:21,Flu Prediction with GNNs - Boston Neighborhoods,71dd2e64-83f7-4fbc-bce9-f35714efda2d,5b0fa12a-3dd7-45bb-9766-cc326314d9f1,13.01628541701939,6.478998466925657e-05,4.9776094018759525e-06,42.5,0.0,6.0,0.000153664154489,0.0,2.1693678611773065e-05,0.0001753578331008,0.0,United States,USA,,,,macOS-26.5.1-arm64-arm-64bit,3.12.7,3.2.5,10,Apple M5,0,,,,24.0,machine,11.2,0,64.625,10.969903310139976,N,1.0,0.0
2026-07-05T23:26:09,Flu Prediction with GNNs - Boston Neighborhoods,8202b165-408b-4fdf-bc1d-03183c06e6db,5b0fa12a-3dd7-45bb-9766-cc326314d9f1,12.205894334008915,6.075617069534788e-05,4.977609098750329e-06,42.5,0.0,6.0,0.0001440970503223,0.0,2.0343032431555913e-05,0.0001644400827539,0.0,United States,USA,,,,macOS-26.5.1-arm64-arm-64bit,3.12.7,3.2.5,10,Apple M5,0,,,,24.0,machine,9.725,0,64.925,10.827682495117188,N,1.0,0.0
2026-07-06T00:34:07,Flu Prediction with GNNs - Boston Neighborhoods,f231073a-c579-42c6-ab2e-e2412b35329d,5b0fa12a-3dd7-45bb-9766-cc326314d9f1,13.125065375003032,6.533131629645286e-05,4.977599305591098e-06,42.5,0.0,6.0,0.0001549480750615,0.0,2.1874903333179344e-05,0.0001768229783947,0.0,United States,USA,,,,macOS-26.5.1-arm64-arm-64bit,3.12.7,3.2.5,10,Apple M5,0,,,,24.0,machine,7.092307692307691,0,68.3923076923077,10.33694340632512,N,1.0,0.0
2026-07-06T00:34:11,Flu Prediction with GNNs - Boston Neighborhoods,b46ac001-0e75-4161-b082-c5f83ddbefde,5b0fa12a-3dd7-45bb-9766-cc326314d9f1,13.045616707997397,6.49359725685816e-05,4.9776084965591314e-06,42.5,0.0,6.0,0.0001540104025681,0.0,2.174255520842659e-05,0.0001757529577765,0.0,United States,USA,,,,macOS-26.5.1-arm64-arm-64bit,3.12.7,3.2.5,10,Apple M5,0,,,,24.0,machine,38.14166666666667,0,68.20833333333333,10.224723815917969,N,1.0,0.0
2026-07-06T00:34:20,Flu Prediction with GNNs - Boston Neighborhoods,ed65785c-a133-46a1-be8c-30682b9ece0c,5b0fa12a-3dd7-45bb-9766-cc326314d9f1,13.525950292008927,6.732690688817271e-05,4.977610107583284e-06,42.5,0.0,6.0,0.0001596810354174,0.0,2.2543124096700924e-05,0.0001822241595141,0.0,United States,USA,,,,macOS-26.5.1-arm64-arm-64bit,3.12.7,3.2.5,10,Apple M5,0,,,,24.0,machine,16.26923076923077,0,67.28461538461538,9.93722416804387,N,1.0,0.0
2026-07-06T00:44:37,Flu Prediction with GNNs - Boston Neighborhoods,a3976fde-69eb-4582-9d3f-3231d8ee4f34,5b0fa12a-3dd7-45bb-9766-cc326314d9f1,11.94880904094316,5.947649144210973e-05,4.977608332203713e-06,42.5,0.0,6.0,0.000141062002827,0.0,1.9914554166607557e-05,0.0001609765569936,0.0,United States,USA,,,,macOS-26.5.1-arm64-arm-64bit,3.12.7,3.2.5,10,Apple M5,0,,,,24.0,machine,8.736363636363636,0,67.53636363636363,10.460403442382812,N,1.0,0.0
2026-07-06T00:53:14,Flu Prediction with GNNs - Boston Neighborhoods,6701a374-cf5b-4a73-ab94-71cc33329ee8,5b0fa12a-3dd7-45bb-9766-cc326314d9f1,14.087034749914892,7.011975858647234e-05,4.977609541773578e-06,42.5,0.0,6.0,0.0001663049157104,0.0,2.347825812486311e-05,0.0001897831738353,0.0,United States,USA,,,,macOS-26.5.1-arm64-arm-64bit,3.12.7,3.2.5,10,Apple M5,0,,,,24.0,machine,20.62857142857143,0,69.31428571428572,10.308498927525113,N,1.0,0.0
2026-07-06T01:03:44,Flu Prediction with GNNs - Boston Neighborhoods,ddc23b0f-de35-449f-9412-dff2f522439d,5b0fa12a-3dd7-45bb-9766-cc326314d9f1,14.33483929198701,7.135323886299192e-05,4.977609961967098e-06,42.5,0.0,6.0,0.0001692303923854,0.0,2.38912670131928e-05,0.0001931216593986,0.0,United States,USA,,,,macOS-26.5.1-arm64-arm-64bit,3.12.7,3.2.5,10,Apple M5,0,,,,24.0,machine,10.364285714285714,0,69.21428571428571,10.333745683942524,N,1.0,0.0
2026-07-06T01:16:40,Flu Prediction with GNNs - Boston Neighborhoods,30aea12a-aeab-4c7d-aa58-9290a2256b8a,5b0fa12a-3dd7-45bb-9766-cc326314d9f1,14.06882141600363,7.002893759110056e-05,4.977598017659171e-06,42.5,0.0,6.0,0.0001660895671259,0.0,2.344779444334563e-05,0.0001895373615693,0.0,United States,USA,,,,macOS-26.5.1-arm64-arm-64bit,3.12.7,3.2.5,10,Apple M5,0,,,,24.0,machine,12.715384615384616,0,68.98461538461538,10.2049314058744,N,1.0,0.0
2026-07-06T01:16:44,Flu Prediction with GNNs - Boston Neighborhoods,329c50b1-c741-4d35-8e46-e30cdf46eaf5,5b0fa12a-3dd7-45bb-9766-cc326314d9f1,14.047919832984917,6.992505567458767e-05,4.977609247911683e-06,42.5,0.0,6.0,0.0001658431399296,0.0,2.341305923667581e-05,0.0001892561991663,0.0,United States,USA,,,,macOS-26.5.1-arm64-arm-64bit,3.12.7,3.2.5,10,Apple M5,0,,,,24.0,machine,18.0,0,68.88461538461539,10.121199387770432,N,1.0,0.0
2026-07-06T01:16:49,Flu Prediction with GNNs - Boston Neighborhoods,121a5616-309b-45d3-b950-bd5354a5e452,5b0fa12a-3dd7-45bb-9766-cc326314d9f1,14.374135709018448,7.154884507663087e-05,4.977610238627465e-06,42.5,0.0,6.0,0.0001696943143226,0.0,2.395676458332067e-05,0.0001936510789059,0.0,United States,USA,,,,macOS-26.5.1-arm64-arm-64bit,3.12.7,3.2.5,10,Apple M5,0,,,,24.0,machine,8.707142857142857,0,68.26428571428572,9.97527095249721,N,1.0,0.0
2026-07-06T01:21:50,Flu Prediction with GNNs - Boston Neighborhoods,e2e4dcf1-75bd-4207-ae32-06ca49578ac5,5b0fa12a-3dd7-45bb-9766-cc326314d9f1,13.073698917054571,6.507562936419482e-05,4.977598901203393e-06,42.5,0.0,6.0,0.0001543416723713,0.0,2.1789274583376633e-05,0.0001761309469547,0.0,United States,USA,,,,macOS-26.5.1-arm64-arm-64bit,3.12.7,3.2.5,10,Apple M5,0,,,,24.0,machine,13.358333333333334,0,68.72500000000001,10.191733042399088,N,1.0,0.0
2026-07-06T01:21:55,Flu Prediction with GNNs - Boston Neighborhoods,a6c5c68f-cc43-4c8a-96bd-cb5a947df89c,5b0fa12a-3dd7-45bb-9766-cc326314d9f1,13.98893816699274,6.963146595668224e-05,4.9776091026679556e-06,42.5,0.0,6.0,0.0001651468231759,0.0,2.3314758473231146e-05,0.0001884615816492,0.0,United States,USA,,,,macOS-26.5.1-arm64-arm-64bit,3.12.7,3.2.5,10,Apple M5,0,,,,24.0,machine,18.04615384615385,0,68.78461538461539,10.117791982797476,N,1.0,0.0
2026-07-06T01:21:59,Flu Prediction with GNNs - Boston Neighborhoods,2c5c7856-61c0-491c-ac69-b8cf267bdb66,5b0fa12a-3dd7-45bb-9766-cc326314d9f1,14.22078779200092,7.078554418972239e-05,4.977610609556996e-06,42.5,0.0,6.0,0.0001678839746788,0.0,2.370118632000716e-05,0.0001915851609988,0.0,United States,USA,,,,macOS-26.5.1-arm64-arm-64bit,3.12.7,3.2.5,10,Apple M5,0,,,,24.0,machine,10.65,0,68.16428571428573,9.891648428780693,N,1.0,0.0
2026-07-06T01:28:32,Flu Prediction with GNNs - Boston Neighborhoods,961f67af-b918-4d27-99af-19b6cfb87074,5b0fa12a-3dd7-45bb-9766-cc326314d9f1,13.856289917021058,6.89710583283074e-05,4.9775992521333855e-06,42.5,0.0,6.0,0.0001635805648683,0.0,2.309358541679103e-05,0.0001866741502851,0.0,United States,USA,,,,macOS-26.5.1-arm64-arm-64bit,3.12.7,3.2.5,10,Apple M5,0,,,,24.0,machine,12.592307692307692,0,68.63076923076923,10.106211735652042,N,1.0,0.0
2026-07-06T01:28:37,Flu Prediction with GNNs - Boston Neighborhoods,b700409d-075a-48f1-b7ca-c09a587edcf2,5b0fa12a-3dd7-45bb-9766-cc326314d9f1,14.837048207991756,7.385301770577056e-05,4.977608529032798e-06,42.5,0.0,6.0,0.0001751591856772,0.0,2.4728269443342778e-05,0.0001998874551205,0.0,United States,USA,,,,macOS-26.5.1-arm64-arm-64bit,3.12.7,3.2.5,10,Apple M5,0,,,,24.0,machine,25.814285714285713,0,68.70714285714286,10.04364776611328,N,1.0,0.0
2026-07-06T01:28:42,Flu Prediction with GNNs - Boston Neighborhoods,9b88f038-ad86-4d47-a5be-9df6871844a8,5b0fa12a-3dd7-45bb-9766-cc326314d9f1,15.179152583004909,7.555583305636797e-05,4.977605478514185e-06,42.5,0.0,6.0,0.0001791978519713,0.0,2.529837117996067e-05,0.0002044962231512,0.0,United States,USA,,,,macOS-26.5.1-arm64-arm-64bit,3.12.7,3.2.5,10,Apple M5,0,,,,24.0,machine,15.986666666666668,0,67.9,9.802603149414065,N,1.0,0.0
2026-07-06T01:41:42,Flu Prediction with GNNs - Boston Neighborhoods,4557033e-9454-43e7-a424-5345a83f7b82,5b0fa12a-3dd7-45bb-9766-cc326314d9f1,15.173315707943402,7.552656749777663e-05,4.9775915133854114e-06,42.5,0.0,6.0,0.0001791285149912,0.0,2.5288499236533728e-05,0.0002044170142277,0.0,United States,USA,,,,macOS-26.5.1-arm64-arm-64bit,3.12.7,3.2.5,10,Apple M5,0,,,,24.0,machine,15.433333333333334,0,69.24666666666667,9.919678751627604,N,1.0,0.0
2026-07-06T01:41:46,Flu Prediction with GNNs - Boston Neighborhoods,8876ac1c-7956-4dbf-baa7-8e28564d1512,5b0fa12a-3dd7-45bb-9766-cc326314d9f1,15.132550959009675,7.532374881206246e-05,4.9775975654135104e-06,42.5,0.0,6.0,0.0001786474749986,0.0,2.522059874977761e-05,0.0002038680737484,0.0,United States,USA,,,,macOS-26.5.1-arm64-arm-64bit,3.12.7,3.2.5,10,Apple M5,0,,,,24.0,machine,20.607142857142858,0,69.31428571428572,9.871953691755024,N,1.0,0.0
2026-07-06T01:41:50,Flu Prediction with GNNs - Boston Neighborhoods,bbf981bf-d29c-47d9-ae2e-e7ef4f88c0d9,5b0fa12a-3dd7-45bb-9766-cc326314d9f1,15.248784709023312,7.590245047856844e-05,4.977606538942998e-06,42.5,0.0,6.0,0.0001800199313358,0.0,2.541443187491192e-05,0.0002054343632107,0.0,United States,USA,,,,macOS-26.5.1-arm64-arm-64bit,3.12.7,3.2.5,10,Apple M5,0,,,,24.0,machine,11.826666666666666,0,68.74666666666667,9.712564086914062,N,1.0,0.0
2026-07-07T15:40:45,Flu Prediction with GNNs - Boston Neighborhoods,9027f407-0228-4e08-bd42-88a17d7bb63d,5b0fa12a-3dd7-45bb-9766-cc326314d9f1,132.26835766702425,0.0006583773190054,4.977587463986048e-06,42.5,0.0,6.0,0.0015614932314472,0.0,0.0002204429831216,0.0017819362145688,0.0,United States,USA,,,,macOS-26.5.1-arm64-arm-64bit,3.12.7,3.2.5,10,Apple M5,0,,,,24.0,machine,34.71596638655462,0,72.25966386554622,9.627233296883206,N,1.0,0.0
2026-07-07T15:45:08,Flu Prediction with GNNs - Boston Neighborhoods,3f91c3c7-2b07-457e-9c30-0be4d6b6fa5f,5b0fa12a-3dd7-45bb-9766-cc326314d9f1,112.18845112505367,0.000558427304093,4.977582794779589e-06,42.5,0.0,6.0,0.0013244384555691,0.0,0.0001869772746547,0.0015114157302239,0.0,United States,USA,,,,macOS-26.5.1-arm64-arm-64bit,3.12.7,3.2.5,10,Apple M5,0,,,,24.0,machine,30.749504950495048,0,72.36237623762376,9.500122523543858,N,1.0,0.0
2026-07-07T15:46:37,Flu Prediction with GNNs - Boston Neighborhoods,182f25de-898b-4b48-9863-4edf41a837ed,5b0fa12a-3dd7-45bb-9766-cc326314d9f1,76.68401924998034,0.0003817016721825,4.977590845078966e-06,42.5,0.0,6.0,0.0009052930602801,0.0,0.0001278045468049,0.0010330976070851,0.0,United States,USA,,,,macOS-26.5.1-arm64-arm-64bit,3.12.7,3.2.5,10,Apple M5,0,,,,24.0,machine,29.740845070422537,0,72.09718309859154,9.219691961583957,N,1.0,0.0
2026-07-07T15:48:48,Flu Prediction with GNNs - Boston Neighborhoods,d28a0482-454e-4d00-88c1-f8727b395c06,5b0fa12a-3dd7-45bb-9766-cc326314d9f1,118.38914158393165,0.0005892911490339,4.977577682799668e-06,42.5,0.0,6.0,0.0013976394156876,0.0,0.0001973110922899,0.0015949505079775,0.0,United States,USA,,,,macOS-26.5.1-arm64-arm-64bit,3.12.7,3.2.5,10,Apple M5,0,,,,24.0,machine,32.217924528301886,0,72.44339622641509,9.476035639924824,N,1.0,0.0
2026-07-07T15:50:22,Flu Prediction with GNNs - Boston Neighborhoods,3a21303c-2c58-49c4-a1c7-75cc9203b2fb,5b0fa12a-3dd7-45bb-9766-cc326314d9f1,81.59978108294308,0.0004061708875737,4.977597760475868e-06,42.5,0.0,6.0,0.0009633272559407,0.0,0.0001359976949319,0.0010993249508726,0.0,United States,USA,,,,macOS-26.5.1-arm64-arm-64bit,3.12.7,3.2.5,10,Apple M5,0,,,,24.0,machine,28.357333333333337,0,72.30933333333333,9.246424967447917,N,1.0,0.0
2026-07-07T15:52:42,Flu Prediction with GNNs - Boston Neighborhoods,a3084cad-7a46-4eee-84bd-19b7b9354521,5b0fa12a-3dd7-45bb-9766-cc326314d9f1,127.36952262499835,0.0006339931818058,4.977589369416608e-06,42.5,0.0,6.0,0.0015036607278025,0.0,0.000212278412015,0.0017159391398176,0.0,United States,USA,,,,macOS-26.5.1-arm64-arm-64bit,3.12.7,3.2.5,10,Apple M5,0,,,,24.0,machine,33.42695652173913,0,72.44956521739131,9.480592943274456,N,1.0,0.0
2026-07-07T15:54:49,Flu Prediction with GNNs - Boston Neighborhoods,61ddb5d1-8afe-4e5d-99c8-2045b193c47a,5b0fa12a-3dd7-45bb-9766-cc326314d9f1,113.57658387499396,0.0005653375433656,4.977588901493105e-06,42.5,0.0,6.0,0.001340827535762,0.0,0.0001892911559032,0.0015301186916653,0.0,United States,USA,,,,macOS-26.5.1-arm64-arm-64bit,3.12.7,3.2.5,10,Apple M5,0,,,,24.0,machine,33.85247524752475,0,72.07920792079207,9.423783557249768,N,1.0,0.0
2026-07-07T16:31:38,Flu Prediction with GNNs - Boston Neighborhoods,4140ec7d-c24a-4db7-b420-8a81302dce5c,5b0fa12a-3dd7-45bb-9766-cc326314d9f1,28.142957334057428,0.0001400847111448,4.977611609256195e-06,42.5,0.0,6.0,0.000332242654552,0.0,4.690470166834227e-05,0.0003791473562203,0.0,United States,USA,,,,macOS-26.5.1-arm64-arm-64bit,3.12.7,3.2.5,10,Apple M5,0,,,,24.0,machine,24.81851851851852,0,71.07777777777778,9.796333030418111,N,1.0,0.0
2026-07-07T16:32:00,Flu Prediction with GNNs - Boston Neighborhoods,0a296ac2-c868-426c-b5d0-62d9eaec61aa,5b0fa12a-3dd7-45bb-9766-cc326314d9f1,18.89906229195185,9.40721328260511e-05,4.977608485163396e-06,42.5,0.0,6.0,0.0002231134413814,0.0,3.1498215833174374e-05,0.0002546116572146,0.0,United States,USA,,,,macOS-26.5.1-arm64-arm-64bit,3.12.7,3.2.5,10,Apple M5,0,,,,24.0,machine,13.672222222222222,0,70.78888888888889,9.963098314073353,N,1.0,0.0
2026-07-07T16:32:22,Flu Prediction with GNNs - Boston Neighborhoods,e756e076-683a-4d39-8089-b7ed6aaf2d5d,5b0fa12a-3dd7-45bb-9766-cc326314d9f1,19.80189408303704,9.856608036578036e-05,4.9776087051296444e-06,42.5,0.0,6.0,0.0002337718574906,0.0,3.300292812501236e-05,0.0002667747856156,0.0,United States,USA,,,,macOS-26.5.1-arm64-arm-64bit,3.12.7,3.2.5,10,Apple M5,0,,,,24.0,machine,15.273684210526316,0,70.14736842105263,9.813342445775085,N,1.0,0.0
2026-07-07T16:41:23,Flu Prediction with GNNs - Boston Neighborhoods,151c374c-9d63-45f8-9ea6-1c2d4e32cae0,5b0fa12a-3dd7-45bb-9766-cc326314d9f1,22.079138375003826,0.0001099012902834,4.977607749759735e-06,42.5,0.0,6.0,0.0002606558788446,0.0,3.6798306666702654e-05,0.0002974541855113,0.0,United States,USA,,,,macOS-26.5.1-arm64-arm-64bit,3.12.7,3.2.5,10,Apple M5,0,,,,24.0,machine,13.890476190476187,0,69.76190476190476,9.902230398995536,N,1.0,0.0
2026-07-14T13:08:23,Flu Prediction with GNNs - Boston Neighborhoods,c968ea03-4e1b-48a0-a0d9-42ea2d89bcbc,5b0fa12a-3dd7-45bb-9766-cc326314d9f1,21.69629929099756,0.0001079956666062,4.977607708934035e-06,42.5,0.0,6.0,0.0002561362596238,0.0,3.616024541501247e-05,0.0002922965050388,0.0,United States,USA,,,,macOS-26.5.2-arm64-arm-64bit,3.12.7,3.2.5,10,Apple M5,0,,,,24.0,machine,6.180952380952381,0,78.86666666666667,7.473526727585566,N,1.0,0.0
2026-07-14T13:09:05,Flu Prediction with GNNs - Boston Neighborhoods,c8e01ae2-f851-4cae-b6f9-1c35be2e6965,5b0fa12a-3dd7-45bb-9766-cc326314d9f1,20.78929208299087,0.0001034809209207,4.9776067654276494e-06,42.5,0.0,6.0,0.0002454285130325,0.0,3.4648572223328906e-05,0.0002800770852558,0.0,United States,USA,,,,macOS-26.5.2-arm64-arm-64bit,3.12.7,3.2.5,10,Apple M5,0,,,,24.0,machine,12.47,0,79.53,7.441519927978516,N,1.0,0.0
2026-07-14T13:12:26,Flu Prediction with GNNs - Boston Neighborhoods,493ec4e5-8638-4153-905c-5f0608a3f630,5b0fa12a-3dd7-45bb-9766-cc326314d9f1,20.34055041699321,0.0001012472656539,4.97760697613238e-06,42.5,0.0,6.0,0.0002401309037694,0.0,3.3900664583319065e-05,0.0002740315683527,0.0,United States,USA,,,,macOS-26.5.2-arm64-arm-64bit,3.12.7,3.2.5,10,Apple M5,0,,,,24.0,machine,6.195,0,78.4,7.698857879638672,N,1.0,0.0
2026-07-20T10:09:35,Flu Prediction with GNNs - Boston Neighborhoods,d2b3494f-8405-4e5e-9aa5-9eb32752b517,5b0fa12a-3dd7-45bb-9766-cc326314d9f1,21.98816199999419,0.0001094481175124,4.977592829836773e-06,42.5,0.0,6.0,0.0002595811419018,0.0,3.6646505348326175e-05,0.0002962276472501,0.0,United States,USA,,,,macOS-26.5.2-arm64-arm-64bit,3.12.7,3.2.5,10,Apple M5,0,,,,24.0,machine,8.795,0,65.205,10.632281494140624,N,1.0,0.0
2026-07-20T13:10:25,Flu Prediction with GNNs - Boston Neighborhoods,5bd9d7b3-5766-494d-9d4d-fc6942aa0ee9,5b0fa12a-3dd7-45bb-9766-cc326314d9f1,17.7848708750098,8.852605663332265e-05,4.97760468746017e-06,42.5,0.0,6.0,0.00020995968647,0.0,2.9641195416625125e-05,0.0002396008818866,0.0,United States,USA,,,,macOS-26.5.2-arm64-arm-64bit,3.12.7,3.2.5,10,Apple M5,0,,,,24.0,machine,17.894117647058824,0,67.13529411764705,10.267193962545957,N,1.0,0.0
2026-07-29T21:20:37,Flu Prediction with GNNs - Boston Neighborhoods,7eb8526e-8e21-4fc8-89c5-b09d180ca751,5b0fa12a-3dd7-45bb-9766-cc326314d9f1,23.96791220799787,0.00011930284777457277,4.977607008038127e-06,42.5,0.0,6.0,0.00028295381128510703,0.0,3.9946232221651976e-05,0.000322900043506759,0.0,United States,USA,,,,macOS-26.5.2-arm64-arm-64bit,3.12.7,3.2.5,10,Apple M5,0,,,,24.0,machine,14.521739130434783,0,78.8391304347826,8.942440530528193,N,1.0,0.0
