date,Allston/Brighton,Back Bay/Beacon Hill/Downtown/North End/West End,Charlestown,Dorchester,East Boston,Fenway,Hyde Park,Jamaica Plain,Mattapan,Roslindale,Roxbury,South Boston,South End,West Roxbury
2022-07-03,1.0,1.0,1.0,1.0,1.0,1.0,1.0,1.0,1.0,1.0,1.0,1.0,1.0,1.0
2022-07-10,1.5386705864336747,1.6331774275910085,2.6866353556931264,1.3750207857329169,1.596363201543243,1.5661207567030917,1.6292941816174344,1.4750894960693617,1.443804251905737,1.3532561396653235,1.3717206930904813,1.5560494970772272,1.4589355525458338,2.7771630738148914
2022-07-17,1.2236470584981936,1.4797177852551582,1.3388087708923715,1.0118615324746407,1.333533316633763,1.3130573098032854,1.2755943377235293,1.3480831675070108,1.1076326807091748,1.127245283701086,0.99724519562462,1.2101743146175994,1.181453350053638,1.5419428820547991
2022-07-24,1.1941094383199389,1.454554642521064,1.158546159618271,1.0055395909550413,1.3974595259193787,1.4020860168578062,1.3407844326494482,1.3824421456336955,1.1563513984441278,1.363472185455713,1.004521472234429,1.210420583571397,1.2264408196879295,1.4019824170127049
2022-07-31,1.1893569697604782,1.328210715290991,1.1063496971303055,1.0495580311688095,1.351862068345575,1.3770572500072429,1.296247003968806,1.2115021443157328,1.2205564049077229,1.2774129516857011,1.0666520788088,1.3387054925915702,1.1679569561024794,1.3509697701715322
2022-08-07,1.2062071593810044,1.3050350332691696,1.3171222029985452,1.057589049685389,1.2286235320921122,1.333981243506803,1.152118225926338,1.1510001252375566,1.245428409294948,1.014217787392732,1.0727660548541753,1.3804721951803929,1.165887236514276,1.348693684505392
2022-08-14,1.1035172755429297,1.2537033553965156,1.383073961658705,1.1012315257667322,1.239912118672329,1.352284440617138,1.0694436410254198,1.2897244718977712,1.3542714047327626,0.8754719107092833,1.17510831652152,1.1626745999316008,1.189143962631874,1.225166736615182
2022-08-21,1.125052132963359,1.1997737516338425,1.4204723885714186,1.1027888067910372,1.4366048302796428,1.2863608539450373,1.0948180725209364,1.2417397613147043,1.1987298267765651,1.0663074259731409,1.0771803172724523,1.0282478278222364,1.0550471165954007,1.1109969222538874
2022-08-28,1.1551031749261949,1.3226812258268454,1.2942095197008474,1.0151796332814718,1.46545608830156,1.3495784491083218,1.130855800171759,1.0712523887782204,0.9721922031295246,1.3079128505122215,0.9538247920101244,1.268865914378227,1.0191174387815878,1.2437235768285817
2022-09-04,1.1554282946910095,1.6052151452737693,1.1676787311572878,1.0265978021098845,1.386749519082568,1.4057014988173018,1.1984246894098016,1.1081580222376126,0.8820153954966669,1.2774665055873038,1.1252917961094209,1.5732459784380826,1.2280102418380412,1.4471187368690834
2022-09-11,1.3129499535045162,1.4043449097220344,1.0956943408279012,1.2049749718663942,1.536718588193018,1.2588258016486569,1.2756473961816417,1.4722745212536492,1.261325433577806,1.200566776163694,1.2347890148136536,1.3698366066950094,1.19335048623327,1.2781999953869163
2022-09-18,1.2462209448192845,1.1683907677434155,1.06548119039182,1.2346363567278038,1.490338287239327,1.2898499579586722,1.1729851367461068,1.374574531149768,1.4124271851188204,1.132468175646458,1.1079660221665604,1.1403300378567935,1.2085153870624072,1.2661880732541937
2022-09-25,1.2040041876739898,1.249387020362577,1.2157423755176064,1.1376707243440445,1.3052071249366235,1.5439004240202965,1.22511424796199,1.260213197153501,1.2039718184119126,1.0655112494283658,1.0625471118268226,1.18179989312954,1.241035180654407,1.380758935250341
2022-10-02,1.2033188178951917,1.3545313072495364,1.252076514551939,1.0996744214532077,1.2767756312976128,1.4252606887205892,1.277762207909483,1.174768871029262,1.1258687772600886,1.046780194673655,1.0945656831615913,1.451238686942055,1.1207370325228327,1.236429501938169
2022-10-09,1.145350353969962,1.1994391014833783,1.0634307180896685,1.1001421819853678,1.2084166864351733,1.258263401090001,1.1062169833722004,1.1249681193108552,1.1419875607994994,1.120238126865566,1.010320422039798,1.4514979620392126,1.0506397544682722,1.1764544565203403
2022-10-16,1.100067066758046,1.071079529962787,0.9595133186539015,1.036702769901139,1.076669786422429,1.206415827466233,0.9818498348764564,1.196168743554629,1.063866686162591,1.133883372901276,0.990867256183758,1.2798413269621989,1.1575623247209614,1.237200380419544
2022-10-23,1.119648935186987,1.1390948640422172,1.1936271562740908,0.9818615419426074,1.0293040941713067,1.2685692710904657,0.9802387306248932,1.1724948398060815,0.9883984392157424,1.0424859838239844,1.1096810555886596,1.1380751212781397,1.1810611610342794,1.248840037934169
2022-10-30,1.16065589164288,1.2924146041307591,1.4270980299544136,1.0158660726591062,1.1046021978746003,1.2553963837132145,1.1632373937944938,1.1037876449563435,1.0574384416893008,1.0389496389911586,1.1226857644183137,1.1061524772593905,1.0697284490504548,1.2030695970262744
2022-11-06,1.0858757881545922,1.2975968895403651,1.176358705991169,1.0707509302288398,1.205486416832498,1.131852877243509,1.17179889003405,1.1108041574773997,1.076575751610448,1.1179364601290442,1.1144201099769664,1.0584317161142125,1.0764978280903237,1.1481731465407057
2022-11-13,1.0593646589885466,1.1965639857104238,1.092513126690523,1.0823164805717718,1.2132078065645366,1.062890894092086,1.0479902872213032,1.0896671440504768,1.033793561729178,1.143175308811732,1.137114305117795,1.0403750520056838,1.064882862520404,1.1455236433599234
2022-11-20,1.2148922136015967,1.0497357479288605,1.2130866726283012,1.1027633636149976,1.109011169014552,1.1101919885797982,1.1186977814449997,1.0584093077155767,1.159479361046124,1.1076906748719186,1.0914507641159317,1.1851333282838896,1.0303154883826826,1.070382858905512
2022-11-27,1.1985318819142263,1.3961226339252728,1.107879883371411,1.1424992382644563,1.1189562970405398,1.2243662009950609,1.2751364862897785,1.1759203131392857,1.1608288309174073,1.062084322460468,1.1053369610872894,1.3997711419582457,1.2039451553151947,1.0807514352335397
2022-12-04,1.1382422179888918,1.3591730626251142,1.1251720342463054,1.1247634076610755,1.2215273543871927,1.2537477998520064,1.1948297878301586,1.203642738891775,1.053392889291201,1.1134986634079678,1.135007098358945,1.2947045830698762,1.2324374845202142,1.2138849673122805
2022-12-11,1.1203918894242555,1.118140027651631,1.1501232691861252,1.067018619629028,1.2055729002113562,1.1282180526979424,1.05491589322004,1.0735262853061245,1.0354434288617842,1.0894485804516203,1.027859678568931,1.1264580643383677,1.112023561135049,1.1709518714376617
2022-12-18,1.0321643355963108,1.0419221147782034,0.9882563961053344,0.9886071688206582,1.137824085923983,0.9943026228899704,0.9568642825315348,1.0261238895210163,1.034840047256968,0.9843911591740307,0.9562666803757942,1.0536589218148458,1.050183981204742,1.0875509597942905
2022-12-25,0.9146261613005944,0.9897092652031968,0.9128801656761792,0.9136531902296848,1.0160978916161645,0.9461113749125036,0.9135118347589208,1.0464867810138625,0.9762269634262064,0.9524096347745552,0.9492233020011064,1.0129033961897762,0.994075169485948,1.0159747100515797
2023-01-01,0.9020150210989912,0.9437989746398124,0.942111505357989,0.8929024802252552,0.8915692743026838,1.0168522244680047,0.913924086338741,0.989722979399665,0.9576328431912629,0.946625110476907,0.9108207222755036,0.953229568325866,0.9099728545514588,0.9593967489869862
2023-01-08,1.038950029422158,0.9584875016247428,0.907677006295412,0.907612181193574,0.829036450690547,1.121371988783534,0.8793696402551406,0.9198910745977285,0.9411224772980806,0.9020453790832774,0.8831743114388971,0.8619418623435011,0.8740790007154068,0.910645596571696
2023-01-15,0.9938306504810074,0.988380781275075,0.882464994841595,0.8690623194821906,0.8967877266166172,1.254848873264273,0.8946832138724419,0.9357625111035732,0.8915953558738396,0.9176180671451278,0.8508823051707213,0.8411114488243248,0.8708467377718452,0.8306278506139535
2023-01-22,0.8919743531591955,1.030074906726934,0.9652799377892032,0.850228619676621,1.0726898594147414,1.209098917152008,1.0773323762284983,1.0828455021115295,0.905016647634612,0.9487203365151552,0.940690505693664,1.1293425655838871,0.9262263145388208,0.9064835399878498
2023-01-29,0.9364827989184774,1.0301970046686255,1.2226172372957749,0.9471196882625572,1.089761143267601,1.0053432884428757,1.0871938710132791,1.1327194263292963,0.9563194315068084,0.9509304642132372,1.0316109516077816,1.1536265654803908,1.0695174316566938,1.294920262761493
2023-02-05,1.0653248877980248,1.143030219931063,1.083249076814199,1.0131121399619565,1.1091096840920085,1.0181539479744897,1.0970947228071235,1.0534740156908098,1.195615936793857,0.9494459634886806,1.0036005075257028,1.1032212156663654,1.0906693311614113,1.4293753086220833
2023-02-12,1.2516648940171409,1.2101741450492576,1.1358741282063736,1.1093123510492875,1.3219029553456052,1.3878314023320468,1.1018163344379333,1.0214476243613213,1.1545875647720747,1.028406399863194,1.0450001976684002,1.1463065784383972,1.0709728595288623,1.2923707344259363
2023-02-19,1.2278555476183777,1.3435469989157598,1.3224587953369698,1.073888067806701,1.419394028329812,1.409813094639011,1.0477680201018609,1.1247122731978878,1.0071994770468853,1.1133381885841311,1.0394763025281153,1.2720264749533086,1.0278324129556378,1.0635091225432132
2023-02-26,1.1198162227024593,1.351036165037797,1.1184755417535217,1.010510324699683,1.3688103334755253,1.4225087237899583,1.00772878273142,1.2589304452228125,0.9314828786232998,1.0894277463943611,0.9980069530206792,1.302480823878361,0.996121100977364,1.1579358258109878
2023-03-05,1.1379295347015754,1.2684637874111613,0.9974440678484569,1.0178043888852444,1.3631877479923855,1.217864594156046,1.077954745460617,1.184290639649537,0.9743561007295128,1.176593850174973,0.993124191329564,1.1707041775507934,1.0549288080270949,1.401621590005605
2023-03-12,1.1548558168875007,1.3062176896151405,1.093863483343099,0.9983734308173572,1.3172319056086672,1.1224036251897194,1.247013294295231,1.315911232545789,1.3675459521801854,1.2833141971696458,1.052020148794385,1.1320275321450664,1.1231498868617356,1.352046603277955
2023-03-19,1.0985094039666643,1.2120178164654112,1.2261581914442234,1.0532735086142326,1.200613620218124,1.28038329788406,1.2374679357038598,1.3305625853562937,1.298034975412926,1.314760313120059,1.0791677658533698,1.3121412675149018,1.100751866205224,1.3129183979517676
2023-03-26,1.0555449106291992,1.202970581921622,1.166336675978333,1.1777960795636369,1.2593851809517078,1.2675208214495466,1.233014695749302,1.1564408979023033,1.132290795071204,1.2203951905781567,1.1859555284637675,1.322829744972207,1.040342377850176,1.1699316069324863
2023-04-02,1.1092728582489546,1.282163351999294,1.1979685628575565,1.0973932057021316,1.2116306564065968,1.3112833910828523,1.2031395331752424,1.2270521010716815,1.2500536435875576,1.06437732954522,1.1230310747259322,1.2211175046214704,0.9818392396113538,1.292646610115533
2023-04-09,1.2082447552405144,1.3506025725963346,1.1348829175252593,1.0211142685822987,0.99737935426471,1.5645145574064196,1.0070783101551548,1.2396068650317058,1.1840471332948206,1.046850435461649,1.0150913278060956,1.2517197372769258,1.0361513457889195,1.428964376340672
2023-04-16,1.1297571415958798,1.511093258989703,0.9759260535314064,1.0421222465429938,1.079282531928526,1.4511480082173334,0.8937777553306216,1.1267663156844407,1.0045221856776954,1.1443134209252157,1.0475470463958003,1.3196569093973742,1.2576454531986625,1.223920817893465
2023-04-23,1.111967630988676,1.3716631227390834,1.107896880838704,0.9871082582900412,1.3835746728540486,1.2248949853197053,1.159535665306493,1.1166720405030015,1.0991934581624865,1.0933211118116146,1.0228399613692432,1.2209980529334543,1.1183201515727978,1.1783020954951866
2023-04-30,1.1509168993300485,1.2214584445689205,1.2501517979680612,0.9363829796303016,1.313647388944624,1.151968756715419,1.400618991196909,1.1564724976955476,1.1465003901805946,1.0335269005711696,0.9089537815693228,1.1488497348382636,1.00389106596677,1.2049952808379274
2023-05-07,1.092115221744157,1.198997832524081,1.0850693165753538,1.0408791488361302,1.285883185964773,1.3469787659109582,1.390387178788962,1.1407501531285111,1.0905004651917014,1.0461399312836557,0.9180294160589046,1.2690453305163694,1.081458522043301,1.2646142149433524
2023-05-14,1.0474079376052436,1.2964779369506234,1.0698476291243926,1.1076474127638178,1.2559026106953226,1.4778944618660446,1.1268836134452298,1.1783931995992245,1.076471764343098,1.0749120366714977,1.0914257948710393,1.2651540056926804,1.050156845158666,1.3461710022151585
2023-05-21,1.1221380359603896,1.4682746914232765,1.1165007385484809,1.0779990047285477,1.2392053369144376,1.356156780622236,0.978991574692045,1.2285919069935858,1.0200792786516666,1.0648084478871136,1.207787793592212,1.184420097038307,1.1604733907266371,1.2227534891732814
2023-05-28,1.1884694562695692,1.5615149135106203,1.0570123572166332,1.050862811391342,1.106307378295658,1.2587113205233886,1.11735068701607,1.157336293356205,1.0539978681223177,1.0471576410375043,1.1963838357936052,1.2075182651392289,1.298500272319055,1.178302094672954
2023-06-04,1.1825014392238864,1.5633802803983596,1.1800643580623351,1.0374435736986565,1.1699491147447485,1.296380152544958,1.1619643203084342,1.2244109584492322,0.9896786150942052,1.0394078125338462,1.0504218902239928,1.240899088734809,1.1318160716595222,1.2395853862891295
2023-06-11,1.1206079655643415,1.7401198382470948,1.196510222818099,1.0319781978991247,1.420284288526776,1.3715520953858238,1.0710940067246917,1.2052306236605004,0.9399629495379704,1.0610103374544817,0.9662514030065472,1.3445121263552453,1.0764710367167414,1.2063561561118794
2023-06-18,1.109477877804441,1.5370975318987004,1.053732902911026,1.0288893687961598,1.226521628168849,1.322056813091918,1.1016248027509798,1.2268610958456183,1.2570114368325571,1.0862872803209689,1.0470723090608551,1.3781149711643177,1.0965191315229217,1.1831665154293487
2023-06-25,1.2586864815314645,1.2126410180347122,1.0453733390391324,1.025028887203267,1.1937221674966745,1.3307444386338647,1.154804778581399,1.3439864992407249,1.161290046272137,0.9339435741992748,1.0537197345511078,1.3720151803709029,1.0136690561761104,1.2980568444344494
2023-07-02,1.15882702935483,1.060820131757232,1.1194688596419884,1.013559186738406,1.366674336947712,1.2457610617258603,1.0904710316702133,1.1800449028989115,1.0392580520793142,0.7966674174136817,0.982246837157664,1.3643322666826458,1.0387779856614705,1.476509129723836
2023-07-09,1.203772593165048,1.145659248077757,1.094823228087993,0.9894050535576072,1.3120106449380755,1.1828153284226834,1.1184622778275823,1.1314419769312618,1.2100742142252272,1.2303585081396158,0.9861302426391112,1.219310661126451,1.076080028895979,1.4081338710437477
2023-07-16,1.560719541191294,1.345413529466325,1.0654811897358754,1.0307805697696482,1.260534756887189,1.3154865104299505,1.198365322825013,1.3460551842669597,1.250418057913888,1.4312722125636703,0.9998470807404004,1.149014832855489,1.095921216552708,1.2664271435598535
2023-07-23,1.3410824318448047,1.3319847374332916,1.079234053412878,1.0752146128073663,1.4235548456422658,1.390362031432326,1.2318052254490113,1.4142627406051578,1.1591876301582078,1.1828834850858698,1.0810631584680157,1.2066443448225572,1.148493542007924,1.3002587733918043
2023-07-30,1.2672067552416653,1.2999124125124015,1.1020215201348933,1.0306033272391852,1.5633314805280043,1.3855281595444813,1.300612266382458,1.439179008288905,1.11409045892131,1.1558230715137765,1.1667148839716857,1.2408990880131796,1.0215658439883977,1.422813286718397
2023-08-06,1.3331535249160351,1.4682746948548568,1.255714559149082,1.0977142419349464,1.7724518914903886,1.2577858592683155,1.1685158247809582,1.4731191739588194,1.1268821859164715,1.2605210560963145,1.1592226288209644,1.316178989208282,1.069805490482694,1.4255319130095976
2023-08-13,1.2471479702946866,1.5288050077520834,1.3242836545436951,1.1383329866299696,1.66185902090057,1.254461257630472,1.1394760405967326,1.2953485693235158,1.190469097268961,1.1153274672548268,1.1752948703145738,1.3832218897809112,1.2571983381212373,1.425531914893617
2023-08-20,1.2047510550125815,1.6059970822727705,1.1833108007688349,1.054026119700917,1.3204886503188704,1.3320890821857776,1.319952794741065,1.22341031308495,1.2833515442440286,1.2556928901560522,1.0902664903649135,1.3846153836505588,1.232618728092404,1.425531914893617
2023-08-27,1.214140813652321,1.942736382613404,1.257926655264605,1.1495882627194525,1.1822948518884675,1.202667375972864,1.282212372444698,1.3245548495949897,1.1999406248318152,1.2620043347379744,0.9920279958050252,1.47128798362951,1.2252376829950131,1.479255958961203
2023-09-03,1.272959285596601,1.5161101014509455,1.3242836560148856,1.218939842250295,1.2635121405417673,1.1531071403509314,1.320604502477894,1.492545444712851,1.0700818552185911,1.0376685062651687,1.0335991156616664,1.350325812420586,1.266288497628962,1.4081338725247734
2023-09-10,1.3068177049636782,1.1697755473213742,1.230360350585425,1.0796375343995,1.3490469385898145,1.5215275209392676,1.2103531553163178,1.4702154900111697,1.1380652720642817,0.9512265460660226,1.15694398487743,1.186236629400122,1.1659114085153053,1.309501531997854
2023-09-17,1.1902041857366852,1.3353751365155817,1.273689776806159,1.042476217873106,1.390725957051565,1.5478422185739034,1.117481306060489,1.2309309622443916,1.286542298077863,1.0956403914294952,1.199999812204296,1.308462947191893,1.038603302111781,1.3490882643321571
2023-09-24,1.1692061609160165,1.495254576881217,1.3571762414264323,1.1379785222355856,1.383083374866938,1.4122689321061297,1.1423850180590291,1.0950475511085993,1.2254109044777637,1.1868562209975069,1.1272336570433794,1.3249772130046524,1.1358570932220835,1.3127992551592682
2023-10-01,1.2094407396574236,1.2227114726863368,1.2293615582074235,1.0933735704613967,1.2559232513496776,1.4493076373052125,1.095934810233988,1.1600056671704109,1.119277680392358,1.167483407808004,1.0161083971035494,1.2603722783379674,1.1741257539258654,1.2423080153810977
2023-10-08,1.1367810052085872,1.2171388025195151,1.0373074458307237,1.0553332684273324,1.229650719710937,1.2576561576697358,1.2258516696191,1.1566834164775546,1.0787828141629718,1.2284669343280956,1.0040809655832748,1.411071666662595,1.0941904985227602,1.240963856350412
2023-10-15,1.0893332610405502,1.3412420883041922,1.1389638485675633,1.1050092610774105,1.2937908015217543,1.1234368195266171,1.2503403706651917,1.0889762282052264,1.214916949818746,1.112541648616578,1.1605035598165236,1.3527967638353424,1.1264353998607926,1.2754438001562942
2023-10-22,1.1038059548416466,1.2620334955631731,1.258513728213542,1.1224247924139328,1.3096511125839994,1.224645150637942,1.0855144005864203,1.146439169836949,1.1836394882954218,1.0174982409728033,1.189611005968874,1.3470206474126307,1.0579606068896756,1.312847761635221
2023-10-29,1.1717867095880623,1.208977975854506,1.0181424336471578,1.0843757308932809,1.314949284021409,1.243160921305441,1.0717846034304506,1.2437706240024613,1.0592768229545255,0.9992371408764,1.070389954213379,1.429228964725564,0.9998439647755216,1.2260643085650051
2023-11-05,1.1958924013389178,1.159197676156573,0.94114350988833,1.0359196121839864,1.2053492701801878,1.1653502494743726,1.173876217596442,1.2719164882796452,1.1312797618892385,1.0251170597455184,1.0427881473498206,1.4244897947145363,1.19629782116757,1.1238066254797412
2023-11-12,1.140466441625638,1.149496861060325,1.3699494555697251,1.0125586919385026,1.0983610719562302,1.1279837148137724,1.1277736013818267,1.1549898101868703,1.1902646348194283,1.0733918444876998,1.1401143827236306,1.3116593376088344,1.2467374561410076,1.260977623714746
2023-11-19,1.0911315102978334,1.1891947042743558,1.254490551100667,1.018154695513154,1.1063195802933217,1.1406987618951725,1.1324820273317118,1.0972316196673326,1.0749114433164757,1.009617282179638,1.0452884962958513,1.1961442543014031,1.074775303541441,1.2614744433368283
2023-11-26,1.0747779500919337,1.1813699910479258,0.99342266019992,1.057327194022441,1.2138667050167042,1.2459626904461336,1.2002830081835232,1.153362622857033,1.0374328601830864,1.185053517113917,0.8884287282919312,1.1367677466069273,0.9373468407869204,1.0895801758913355
2023-12-03,1.1249245505615209,1.174393608039131,1.0908947912467184,1.0799261124342614,1.2415843727540148,1.254159674446217,1.1549352356376796,1.0963928868684345,1.0896297254112903,1.292513337614835,1.0043699608881211,1.1153563292345203,1.0640939791434,0.9963889639158386
2023-12-10,1.151386139731709,1.1075071052247096,1.2738231378366072,1.0894458107035705,1.1580159383345183,1.2896222311464065,1.081480229538612,1.096812703497206,1.098127860406254,1.1007111299474843,1.114076309267206,1.1574959866878176,1.1606175299454844,0.9997300792349249
2023-12-17,1.1802568968549272,1.155712704064067,1.0607682230748283,1.1243655602290912,1.0361990232123792,1.3097995666008202,1.032505679375312,1.1918493755548838,1.1302554080567384,0.9823590273776712,1.054483945508961,1.1288251285396944,1.062082226782946,1.3347430887654166
2023-12-24,1.2011001194192787,1.2298813500667043,1.0620661417966648,1.0775140298047696,0.9863883758805524,1.2397749358498773,1.0930120752539545,1.2543760035722331,1.1318172070750534,1.0747543686001262,1.1436555093397085,1.0509573802313052,1.0840246022126083,1.2747693189898164
2023-12-31,1.16762663221503,1.1488842644974837,1.161214958335749,1.0121092651454977,1.1617208268410972,1.1811978514339945,1.1051829137128746,1.2140960390722488,1.0688072546914285,1.07243393518408,1.116712746186708,1.1134235287880043,1.1352707345709303,1.0853210064494434
2024-01-07,1.0655894876641534,1.0826579033361508,1.0024708937964275,0.9961949738667232,1.1759835658643154,1.1028133541987046,0.962295535917958,1.043351202752274,0.9747793028414098,0.9513593325875864,0.9976976852035572,1.1740508287844602,1.093673755280295,1.0338907649961862
2024-01-14,0.9251091838311728,1.0195107282755858,0.8639987850955467,0.9791995926633948,1.0316695668267852,1.1220101496424666,0.8828038636888877,0.943864161517891,0.9421336449017336,0.952920434333203,0.9792068591654474,1.0393314451308708,1.0642628472397515,0.980377822168568
2024-01-21,0.9205773712418112,1.0032128639332842,1.0402061754637617,0.9701468835532422,1.007835091115362,1.271643102203,1.0287397675778176,0.9633014627268516,1.017572767137359,1.0405176169995685,1.0041677522702772,0.9615166235077044,1.0473530561972038,0.971921559052548
2024-01-28,1.1412197857661406,1.1078508574167074,1.24405483450435,0.9913401579922808,1.058717231200403,1.2210870069442028,1.1069219271305333,1.055981419839178,1.0309936319378623,1.0505185241848956,0.98365972466055,1.1119428053276506,1.027679906860533,1.1073606339582491
2024-02-04,1.1388166930551546,1.1228707932416104,1.0693420310411876,1.0215501906618882,1.048129624560295,1.1622055764965906,1.0944438667574663,1.192621178659731,0.98853705140003,1.1116526911272715,1.0816186764800368,1.1206410921555503,1.0174442630518057,1.1023831238179234
2024-02-11,1.1066521304658377,1.0490185579446578,1.0107188011428712,1.041462958575761,1.0978651187773107,1.1447909873343984,1.1159439980954378,1.194168822236638,0.9993277327137866,1.1225702070009431,1.10139693215899,1.0574705662760644,1.0276658808832837,0.997692661019342
2024-02-18,1.1170154770345857,1.0276117102771618,1.0500289017667024,1.0280902718680691,1.0927294222387185,1.1106373929250333,1.0378774423986612,1.2005632185440256,1.0999902135503024,1.0718538253010514,1.0223168089561994,1.1013574919205953,1.0175580465687328,1.0787265039918892
2024-02-25,1.0664951040044408,1.1101580782952645,1.0930530292890055,1.0199562875645278,1.0203125952167431,1.092080098526578,0.8988183898691049,1.062986471631266,1.120854389814673,1.0208010957383904,0.9776529779273532,1.0975276742048676,0.9900095445921218,1.19084461916316
2024-03-03,1.0039988691641628,1.1137028525502155,1.179085212710574,1.0271319774076126,1.0310847792804845,1.009422438134788,0.98948409020519,0.9861296051147376,1.0057247117375725,0.962793536867864,0.9348860410343424,1.0494594308182932,0.965823750796678,1.0966186206092012
2024-03-10,0.9674863780246092,1.010561442884931,1.0560944561771906,0.9946646784917524,1.0900340022485575,0.9726988195779346,1.140921702128503,1.1541094826029683,0.8957233923941202,0.9392900605061558,0.9144007552520996,1.085675908875841,0.945120642623835,1.0271037249087926
2024-03-17,0.9582179471931072,0.9452796428283908,1.0595249207508228,0.9792750919237656,1.1223893400097091,1.047868547180662,1.0110288338166773,1.0808208597962867,0.9695277470184502,0.9427908956640252,0.958630330221115,1.109862808367844,0.9816010569414848,0.9965624829986646
2024-03-24,1.0256829780229035,0.947270990191556,1.1140823082989584,0.9895821842772226,1.1220176141642757,1.100954942137116,1.018032371951361,0.9879093773269638,1.0698818742250336,1.0504236671498974,1.0513785839350496,1.0944852540875545,1.001495325056721,0.9761759729869484
2024-03-31,1.1343665094405078,1.0174014786441,0.9459738229352892,0.9879909773695694,1.1317864319899995,1.1938569683584734,1.0918881615179763,1.1673585151936972,1.1121082761760928,1.0411240038640863,1.1170235272591678,1.0640110959900713,1.0179393136568258,1.0626891151770563
2024-04-07,1.1520333204608852,1.084881321938127,0.9611300218920548,1.0273568862444475,1.135238400006661,1.1807439238605937,1.0486228640670798,1.2136450472157307,1.0952297797494708,0.9736759232656356,1.0130521273594122,0.997627302707216,0.9882590618155468,1.0571919905968152
2024-04-14,1.1084752954883563,1.1247874260074129,1.3117086233925157,1.006295365520642,1.0408139922325366,1.1412838558151894,1.0128673815876228,1.138163577560364,0.9393168019814492,1.129566259958558,0.90126642893798,1.0112996023470062,1.0614530843613466,0.9575885408069588
2024-04-21,1.0099986979445092,1.2029229969679014,1.3225806375789817,0.926329802910594,0.9356293604601034,1.0864309891768853,1.0160001747305225,1.0506779747675652,0.914209566574475,1.087208024812412,0.946278474680208,1.148762956961699,1.1051501700100683,1.1501370431100706
2024-04-28,0.978194950534281,1.2708303919759507,1.3225806451612905,0.9317527002102376,1.0698718340718625,1.0327173521602653,0.9954922203737124,1.0033081052949702,1.0347867046910058,0.931308326318006,1.1051835936685277,1.2152602469172475,0.9943194868922912,1.1512105140893336
2024-05-05,1.2106121178888165,1.1868174187681253,1.383073965511201,1.0355069759333042,1.3546957096355898,1.0581018141359733,1.017778183571344,1.0789876882340468,0.9763179369878175,0.9706908137250204,1.0752917847381258,1.1535331765379884,1.0320296028589795,1.07531182946043
2024-05-12,1.248278049840738,1.0064944408255752,1.3264140529530812,1.0629868214639535,1.240410414016344,1.2643814713639765,1.0787184136752748,1.1272464470438368,1.0667738925176182,1.1233367936763885,0.9709049767411482,1.0697192299468763,1.056710395967101,1.3342889748429514
2024-05-19,1.1203476286250158,1.0267383323186128,1.1833108019857344,1.0212122135205692,1.1231613644310825,1.575858308805731,1.1521384422804608,1.202890726988629,1.217601390247357,1.0362814599249932,0.95669284443078,1.008898177435222,0.998869224771836,1.2223289849855408
2024-05-26,1.098638494211515,1.2767424023380347,1.257926655264605,0.9912918456791971,1.1717211283760811,1.35157542575088,1.3439293420539786,1.3663390246217393,1.1212090883278758,1.006578648596185,1.060115141649856,1.05931060136986,1.0175364096328148,1.0215930541494591
2024-06-02,1.1108720376983408,1.29878759639898,1.324283656014886,0.9535684004738416,1.3917664018566092,1.1563619923694852,1.3661801174963653,1.2938052251986,1.0316069212951595,1.0640586791073472,1.0432929801901714,1.3913434734501566,1.039837107728112,1.1113914357552237
2024-06-09,1.111943541820996,1.6411027325622916,1.183310800768835,0.9535083025690384,1.4148612448724065,1.103918667710545,1.2465302497265147,1.1818118641367392,1.061559127185688,1.1002499791915592,0.9228656069174352,1.639619772171548,1.0304188448328748,1.4172574288601831
2024-06-16,1.3095732398496664,1.536205639374425,1.2014582926640869,0.9855456134974572,1.279556706361224,1.1191774734889903,1.0841089964460449,1.320472608729515,1.084137245115312,1.166277346358876,0.9041015192423956,1.6451612864766645,1.15594985904694,1.4255319091368917
2024-06-23,1.3498295601028556,1.224536396591969,1.4925667866112338,1.0296239499829722,1.2845112285904563,1.3590985322777074,1.1018755734887449,1.5577975046249748,1.0458876981063747,1.114235594569538,1.1033682820684985,1.6876824784351203,1.2287396668439756,1.425531914893617
2024-06-30,1.2788612354642876,1.088284715853869,1.3968837792519802,1.1639288668666825,1.3662479811693065,1.6422366715569223,1.4066239403599774,1.5950081835507386,1.221809196586162,0.9905758353272952,1.1627201359814694,1.726028912394047,1.1915112861258703,1.425531914893617
2024-07-07,1.2272368717487478,1.128422590743919,1.1616022076850905,1.2023636852324566,1.296433871930194,1.828375713458159,1.297354157317594,1.5325459230035945,1.3280875589555283,1.157459189425896,1.0132640295133033,1.4253749900636672,1.1882376862392396,1.425531914893617
2024-07-14,1.178350656488393,1.198865219857392,1.083407961443477,1.1437841389423251,1.2563127696256482,1.6732527805860788,1.1328468631869764,1.4559487191865157,1.212918866221642,1.5957539333697135,1.0351805272214702,1.1585700135328418,1.054496314334004,1.425531914893617
2024-07-21,1.2398628660263848,1.29654381104687,1.1203482759931322,1.05469927329104,1.2662406446966592,1.4231312972630183,1.0373502778969612,1.4816126954215525,1.093697714044159,1.2756942167908396,1.2518953394067447,1.18567322473655,0.9864968493331032,1.425531914893617
2024-07-28,1.2088654254840896,1.436546531136296,1.0683576032148887,1.0753167810555473,1.3521422319521328,1.4983553627392547,1.032590179551797,1.4167060762272932,1.08410026261089,1.0073525221247437,1.1780102816615945,1.474394471234064,1.1238057716343226,1.479255958961203
2024-08-04,1.1116173231131297,1.6756993787961645,0.9943861224385948,1.166944632033076,1.5041582520808487,1.6458959881132131,1.2762433457532982,1.3601222656095218,1.1716516839645443,0.9725815677758258,1.143964132123808,1.4458373235230002,1.193128671490241,1.4514866606147945
2024-08-11,1.21353663669311,1.6485347239390309,1.100952129927662,1.124867665339332,1.4891358013519964,1.7364392900445174,1.5166638100997738,1.587486675444902,1.0704811064413435,1.111612141929984,1.1601755276463448,1.551998359793726,1.321370266588118,1.2781999975138327
2024-08-18,1.2992636855047683,1.4191578646174727,1.3171221973404046,1.0213094257357662,1.424189712034288,1.866932880444761,1.4213738479928124,1.5347441776791315,0.9704251853253926,1.060132129667944,1.1402303866555608,1.6224768804851215,1.3776520536079009,1.2661880732541937
2024-08-25,1.2330372867611603,1.4134956962000065,1.322580641370136,1.0697101771002755,1.3353652464623436,1.989605195154128,1.2171942273785974,1.238803505616316,1.2154405829488026,1.0704083307212668,1.2922518159603644,1.462983227757096,1.2507457088545175,1.3113967102275503
2024-09-01,1.393666633306063,1.5123357445859913,1.495382229760562,1.1880123855300355,1.3274563013756977,1.639009683993393,1.2733685919852034,1.1716517224477718,1.4508057407283663,1.2427038804122152,1.2396455851320547,1.355893988693465,1.216128436789427,1.1699316060333738
2024-09-08,1.7504386166100423,1.389499358445971,1.3639629776625275,1.1498289133095814,1.3112053823065069,1.326709138173289,1.7642983893304431,1.344998857775881,1.3138845737176863,1.5815757572677056,1.1507635371330809,1.3915441407967757,1.1679177771484506,1.2455752522954842
2024-09-15,1.621264804814798,1.2457218539152348,1.0851014887838153,1.1298634613478735,1.3275152039096965,1.5782167459641894,1.5027156592361466,1.249122743495587,1.2201159870170135,1.4382940606272157,1.32385302393459,1.548480419536676,1.1536097673861576,1.4471187383545137
2024-09-22,1.3131042206292598,1.1712355660963578,0.9831461871866992,1.1276550824036151,1.4593478029839957,1.6438557233879727,1.2642560649791383,1.318521460420954,1.1286918079882728,1.1332468580408683,1.2642879431277163,1.472671134100495,1.2897843424414908,1.3143309751346446
2024-09-29,1.1293966236532549,1.209750745590778,1.1949391329160235,1.1247545117608233,1.3168708836536311,1.295641607091142,1.2806380090244085,1.6213733345430148,1.02426034542591,1.0332277368549656,1.156785387896389,1.3240513459215173,1.1880888795076163,1.2423080163118358
2024-10-06,1.229239247649054,1.459130105597465,1.3803216106275442,1.139474788607355,1.202924561885031,1.290713943797041,1.2610325759781775,1.3835519735786983,1.1031004583320116,1.164505858979623,1.084728328319727,1.25238630625542,1.1053430327755005,1.240963856350412
2024-10-13,1.448787848381071,1.4621216307683602,1.374045362938339,1.0921660782774958,1.3233517483933406,1.5260300977001986,1.157844768310137,1.151294051678686,1.2672240117453588,1.2052233669530044,1.089921923896129,1.2418957641520654,1.174531116118852,1.2409638554216866
2024-10-20,1.575828759643085,1.2812170102867837,1.2866523070801392,1.0304187906185138,1.49991866476712,1.4296020077315037,1.1056500031167191,1.080769854120519,1.1374722920139908,1.1188172524590865,1.1664932301482274,1.3445121272211786,1.1206158498943533,1.2754438001562942
2024-10-27,1.3482432544557847,1.2057755514421211,1.1999768769100634,1.1163847621496996,1.3646484936935372,1.229303692233033,1.1854615881373358,1.400928930270979,1.0850336944876653,1.0368316465623673,1.1544519217485731,1.351582116483658,1.0205800963840608,1.312847761635221
2024-11-03,1.0931066519848307,1.3190618642922327,1.1449533905549627,1.1890616579805826,1.1687697704790572,1.0958558274724224,1.2791148790868567,1.4645252098688184,1.2422999361592255,1.2377606931404117,1.0578251066396858,1.3186675555650555,1.033874965467777,1.2490160011112026
2024-11-10,1.198509748808581,1.3557393772851392,1.1134034205754513,1.1147360581275594,1.156869980785641,1.2545562946857995,1.1145058562634207,1.3296448600610558,1.215970548470578,1.1550975493907067,0.97373846374804,1.496747906929666,1.0963050240359902,1.1009610576839923
2024-11-17,1.2485271668235618,1.2102083405901871,1.1163579671518922,1.0342929086216683,1.3532304740408665,1.7227715692954533,1.046457167717494,1.4925454486536156,1.1177041306922495,0.9113016415364044,1.1067603839975646,1.34944354646013,1.1416666943467892,0.9825474310126936
2024-11-24,1.0618420725947904,1.082910941895034,1.312729866730634,1.049752434259957,1.3053159183666865,1.6437957000839163,1.1976021110245791,1.3350747139373484,1.1012497599005178,1.0199168803475032,1.1891452946467087,1.1440685958791608,1.1079190554770424,1.2418609728165786
2024-12-01,1.097868218553822,1.0565912533799322,1.323643503111255,1.0889570321422286,1.155869853713166,1.611545784778533,1.1703335005575932,1.2280935110396685,1.1310613292327478,1.3713622471173397,1.113112271389404,1.174922659621619,1.0960686505311212,1.475451899564019
2024-12-08,1.1505689286460403,1.1985420373290865,1.1245009833731994,1.063340713290157,1.177400307289594,1.348888968185585,1.213829383611006,1.2950295121516204,1.3819595564491465,1.317749504715228,1.1055768662951115,1.4527746525057266,1.182131024603227,1.1939603300239818
2024-12-15,1.1036079382563255,1.3458684871217297,0.9830582238380536,1.0779178171372117,1.2470780465182358,1.0844836738086128,1.2097664498503995,1.2126745048986456,1.287174052891929,1.255179650124361,1.1754475489840044,1.522429778215566,1.0686480127572706,1.0897265853099103
2024-12-22,1.1842685601278384,1.3678085638735746,1.0298628013581457,1.1683053571509563,1.2305696268244135,1.1040972925698156,1.1395040330285189,1.2701134347084462,1.0845870247859557,1.1134287810064285,1.1421530185080908,1.3831587111560386,0.979474577693402,1.2138400088155863
2024-12-29,1.192966641556189,1.3890691884417574,1.2754894445613043,1.2259415675842866,1.2339458653984707,1.328420599943411,1.188335211880256,1.2903921250227344,1.1665296979844768,1.0554516916956989,1.0859334654113346,1.3739732056884693,1.1272030474941648,1.2556912611642168
2025-01-05,1.142262924700907,1.4242359516767853,1.201349256927536,1.1383177029578198,1.1674636367203644,1.3547082051162738,1.198031752670633,1.1691195763725293,1.1881624909628914,1.156859825882844,1.0848036686698463,1.2831269748026326,1.176820008872059,1.29933677241927
2025-01-12,1.176257048152744,1.2468856724648438,0.9896736927706437,1.0994034144385836,1.1218791107698871,1.3479457712590557,1.1698442221253529,1.1332523463963804,1.086988072961166,1.2030771814589805,1.1369410374053632,1.1141652570436604,1.1588718585114912,1.2156474432985465
2025-01-19,1.189693029604825,1.1099848669133638,0.9911198976549284,1.1770675040552776,1.1884805074872455,1.2187795381156772,1.1566489753022082,1.1574020393027329,1.1470649079947424,1.1805898713688157,1.2080586534351294,1.0894117179367695,1.1079252614747304,1.1096735760900558
2025-01-26,1.0738176818439695,1.1318242015528155,1.199226440688149,1.143116474959954,1.2536610888762352,1.175970144453582,1.1113165186676213,1.1419406361070985,1.1329069895299408,1.1111801690308596,1.1445127304464842,1.2652648792870145,1.0743108897485314,1.1177508400515812
2025-02-02,1.0555633018901378,1.1599960432023613,1.1789344089089635,1.0491356449093965,1.1584124406619247,1.2501874195625962,1.0917199179301438,1.1414055774815166,1.0540628867603123,1.070246031309012,1.0626859872367704,1.213551998318529,1.1071333818510218,1.099288887190118
2025-02-09,1.1074228444441676,1.135506144026046,1.141698452137031,0.9866475361332128,1.014644760336998,1.1468556532069187,1.0533604780811652,1.139528419200055,1.016551737883092,1.0135371885034676,1.0056576079787016,1.0660260251720504,1.0449101466957398,1.0337199105622512
2025-02-16,1.0049473384450247,1.0586360027640185,1.0593125779806027,0.93826131274201,0.9329207644353829,0.9626188038920548,0.9614982111560978,1.031851404699753,0.925042334404588,0.9232133731199582,0.9383187853465292,0.966723546891862,0.942004584788224,0.9491799680326904
2025-02-23,0.9134897126313792,0.9586563512236882,0.9377018798429424,0.8989375587206108,0.9226760770248462,0.916438075396732,0.8964407220330439,0.9061109204712166,0.8469161001873953,0.9237514849199115,0.8975703226754892,0.8853732833604734,0.897769650043206,0.8774426344724895
2025-03-02,0.9103948850961596,0.9122661464882612,0.8439963285050627,0.8722973761911081,0.9225987530194708,1.038121191919661,0.9059128472703964,0.877889203157851,0.9099750897160632,0.9255708459275428,0.8915103069290123,0.8249021640648022,0.8860009745294786,0.9896952848397298
2025-03-09,0.8717904872839841,0.8990387664375227,0.9662498207421,0.8953308879209009,0.9976800382247636,0.9983263106620124,0.9342368456100614,0.9507785633947804,0.9177790516045566,0.8434373169407915,0.864860117846009,0.9083377260636556,0.949855864856051,1.03705975982575
2025-03-16,0.9421941179944118,0.8737936119749729,1.09965660045253,0.9584807967985745,1.070821823146194,0.9901338669073936,1.0201423089741104,1.0470257254192288,0.875188323191071,0.921976646931262,0.8983437880725479,1.0995680628457651,1.0386866303210307,1.0012282610246723
2025-03-23,1.2015444610079178,1.1190480551074031,0.886168285487486,0.9407603716764652,1.009716925621631,1.1299460019055616,1.1038585460896793,1.1133203672093954,0.9941776735613552,1.0674871570919802,1.044679440560053,1.0346085205130393,0.9976629636044664,1.0421315709053136
2025-03-30,1.1150911825541854,1.2787724609518067,0.8830516495890063,0.9496773327825904,0.965499191015434,1.2077520372246098,0.9849415716764888,1.1015860662750718,1.2435169445083052,1.024562192582578,1.081684003895263,1.0969189861454005,0.9990614616631032,1.0272335673288395
2025-04-06,1.0851878608010002,1.1236043151615993,1.2880523219563444,1.0804812907172716,1.0874387783059951,1.1529767592149345,0.9511181128067004,1.0065268731368888,1.1680769523909993,1.0160758121903035,1.0217514292648002,1.3573604769923622,1.0151057656467952,1.055284074843578
2025-04-13,1.1276039825104165,1.0639469264076935,1.234362770779367,1.0893937809927503,1.3621992899942583,1.1555393074554927,1.071590342339066,0.9930817271392598,0.988920525378867,1.1041402717660498,0.9735365487997696,1.198808225758467,0.963794996134742,1.1720942335272018
2025-04-20,1.0539769250043982,1.0506148460674658,1.151766754687798,0.9546271309020934,1.1950166919704086,1.2976860158027246,1.0055868789005404,1.4661809572957214,0.9756160743785824,1.0928640943235302,0.9479256701317774,1.1319549366587804,0.9651894013829332,1.1749957309384715
2025-04-27,1.033564002200813,1.0468653302183752,0.953430691527408,0.9202406917856136,1.0282695471808267,1.2784928902315202,0.9437193187621672,1.532572952504657,1.0531691753522017,1.0118252950312026,0.902763006578312,1.1798466792437925,1.0060749803611475,1.0671494437050202
2025-05-04,1.043433855706174,1.0468487394468824,0.9064337024525244,1.001370251682141,1.1944973764470643,1.4972549639387938,1.1381862913161054,1.3142970472402886,1.074691834372158,0.9509591520769718,0.9034686499410992,1.2074785116899764,1.0632154447596984,1.0459818312801283
2025-05-11,1.019494731272457,1.1951017160943376,1.1320718027609675,0.9898900016751598,1.4582671461936192,1.7131214103079786,1.319998752283323,1.2327065552692331,1.1030358504922204,0.9349943543084414,1.0334139582817676,1.2903276903059784,1.0955269973020425,1.1100360702991567
2025-05-18,1.1753942186482842,1.505968199200076,1.1035404617594422,1.0662307252609478,1.319163198740345,1.5508069133436118,1.1455309345200044,1.2822269166936378,1.0587052948953335,1.1244905214079788,1.2040005555509237,1.297959506945211,1.0830869852802698,1.396220514048123
2025-05-25,1.3139881941470155,1.371814069995845,1.1992914850892225,1.1003761957550835,1.1841207972241596,1.5967558146907337,0.9783464849641108,1.284034103181688,1.3202983068730003,1.126832144766118,1.2680252847346043,1.217307966824989,1.1322125565143597,1.4307756817148205
2025-06-01,1.3033588669864486,1.2062037715536715,1.3803216144647223,1.0592637636426556,1.274481847390761,1.5262612429445317,1.0746150493490252,1.298787602663406,1.3643129407254668,1.0444303251660034,1.0680931694017763,1.2792315223886357,1.1600614720788751,1.1932073353492771
2025-06-08,1.195220346189932,1.1879791030463156,1.3740453629383382,1.065569707783293,1.4742801801764092,1.359967975552954,1.2643874268983446,1.5577647107774752,1.1894883953454929,1.2011024829170138,0.9837786901520066,1.5062502706297232,1.1775184963406549,1.1140606868362783
2025-06-15,1.2844071283679532,1.3879123100832076,1.2483452330727645,0.9941481041408248,1.673440829068758,1.3369055403003445,1.290623172209082,1.5337803672861228,1.1688327321745329,1.2051282023343513,1.1700323093260063,1.7254770940318824,1.217684575437182,1.2958015117024717
2025-06-22,1.5032009745956525,1.5269517608459977,1.178317786279183,0.968291549345852,1.6977189578113547,1.5244097185540424,1.3858863858313015,1.2776360520134526,1.2634926730397031,1.3705484495286229,1.173283360056531,1.5500018340494954,1.1507700392605882,1.528828431509328
2025-06-29,1.3223859094716852,1.60599708069224,1.1769911513590543,1.1311825683712915,1.59880074566037,1.505643226398579,1.3278526425167376,1.1665194446041902,1.3865638632179988,1.2427692512750188,1.113180892059862,1.3262666960631513,1.035523404144176,1.468421376300722
2025-07-06,1.3122031000738013,1.7380109150581489,1.176991150442478,1.2186510659312206,1.6260957599418142,1.3617143717978126,1.2310959417342826,1.3955364017971597,1.21112477937224,0.9811602650853132,0.95913475038385,1.4010428620826405,1.0519848198919657,1.2644881711846871
2025-07-13,1.547517537219042,1.7407407388496037,1.176991150442478,1.2875061352071562,1.5370213715233307,1.3881000562293777,1.4028185848133456,1.732576863203502,1.0866164491407502,0.955530292434129,0.9938753420195277,1.6821302964115887,1.1390562078314366,1.1684398168488148
2025-07-20,1.701506816335299,1.7782458158868997,1.176991150442478,1.2383508228011926,1.5099737706515124,1.6020513211949403,1.5887288524438776,1.778245810217481,1.2326551883760035,1.2991183306595266,1.3601029245406775,1.6246687704714473,1.3169114900433183,1.1161880909383322
2025-07-27,1.6173073466483092,1.670998053405772,1.176991150442478,1.102584066518549,1.6243097250015,1.60768790778004,1.402783620179223,1.7033477790529092,1.2318390015843372,1.2769850003419074,1.2079554588122507,1.4629832288504994,1.3527705765978044,1.0572312676029332
2025-08-03,1.442724750006974,1.5968840391429795,1.1399194318731027,1.1648882876519522,1.5910245228817903,1.5591175452832795,1.3254063089752883,1.5055343511673245,1.3736374475349076,1.2431632984852543,1.2216669942186202,1.3860116899694,1.105300580218786,1.1940911633039877
2025-08-10,1.3871185580765144,1.5325459240948478,1.103540468011203,1.3466686361285658,1.4959655179959803,1.734202717742506,1.5542321467783249,1.4413992616178797,1.560381212945155,1.2546266044235117,1.241079591510363,1.3545082360700251,1.0682188411404332,1.420029921600165
2025-08-17,1.2670779497880031,1.3995165659234283,1.1992914850892225,1.2975903933758162,1.3808194479753335,1.8669328786265844,1.5196739418283944,1.67569938354522,1.314584455644705,1.1880264523357404,1.1628108626097546,1.4907942932998342,1.3822010326957654,1.4255319110732445
2025-08-24,1.1916054341855649,1.4944363724604095,1.380321614464722,1.2023996545513125,1.3296288294959815,1.8695652155679967,1.2968882810324938,1.676051860702844,1.1210944250318888,1.1168264152429197,1.1612903236310006,1.4561576046351516,1.330594349767425,1.531597541392428
2025-08-31,1.3126919157792194,1.7352896377828555,1.326414051477154,1.0712425553964748,1.5145620372368649,1.93306475309867,1.3635267705449563,1.4109514577977578,1.0680907425380173,1.089427749032248,1.161290322580645,1.217382400588627,1.185478382374025,1.468421377532752
2025-09-07,1.319190716473441,1.8834591693632037,1.230360351824593,0.996049866625004,1.4367662864537536,1.7448344451990463,1.767081799472602,1.2811239356189628,1.3251265622173705,1.1425127777238775,1.3023739060985886,1.2040709480540557,1.3415907400726583,1.2374724703600672
2025-09-14,1.333823768637617,1.556060392427062,1.2285714298069954,1.199573618085512,1.2272761002608807,1.4819677719025133,1.5740189311356731,1.4206036291858164,1.5255382665080726,1.1689049860440373,1.1904836889222508,1.380377280778203,1.33135128341413,1.0916298315882669
2025-09-21,1.336048614451288,1.2849728344501103,1.1815540803409017,1.3874024712057884,1.237180401878271,1.5280225327272614,1.23060191293725,1.557148153792478,1.3411985086816591,1.1827925728749888,1.0726123172953133,1.3846153816749631,1.1297222046526734,1.1113865573659536
2025-09-28,1.3146678531475688,1.3965042363129812,1.312670609328125,1.1704370169681355,1.35986834845052,1.652734023102872,1.1402004320404586,1.4179309092854129,1.25344943119311,1.502405935078873,1.202494518888073,1.4138747356817285,1.1510901609956954,1.3962205156483094
2025-10-05,1.3057124915111047,1.4003018628341464,1.4047474543322471,0.9885679554457386,1.5597492934115993,1.5271204756199197,1.299733887344993,1.3601222664737882,1.4363175986079606,1.305374590550992,1.1572101606991645,1.4052195762123276,1.1729582332147457,1.4307756817148205
2025-10-12,1.1910621099656675,1.2221869743802884,1.1598097476912683,0.9934849340767034,1.7251735513305075,1.444630578373267,1.1882781223988412,1.4381604755437474,1.5277212510150249,1.0084299472102298,1.0221914610589538,1.2763177343936587,1.1733178574554322,1.2239208187241064
2025-10-19,1.123601525826306,1.3506305095537947,0.9964043158068532,1.1389731421167255,1.7159226697891594,1.4534379524530838,1.0679293711251647,1.6037152756276716,1.4089332005478012,0.9924140808211246,0.915462531469634,1.202229995529565,1.3222121035381045,1.2113932035640618
2025-10-26,1.233383232361689,1.555572997077496,1.1009521323964682,1.231778571123159,1.527437297253015,1.6037833947999611,1.2044902661356336,1.7380109131729389,1.2754840494458335,1.2179518784896406,1.0116999861392026,1.3971835784843765,1.222635757866358,1.222798624590623
2025-11-02,1.385950835478175,1.5373060726629346,1.3171221973404048,1.185984690359967,1.2023452848187426,1.632851226726995,1.228033353267863,1.881559933377401,1.2659371465204128,1.1691456025731104,1.2111094198759986,1.6396197779925783,1.061177073804766,1.1109969206410726
2025-11-09,1.2319821721165796,1.434778701133326,1.4413310361293017,1.1250522436860382,1.000591786436635,1.6290697517041235,1.0666485427677594,1.5802461592432675,1.386563864914829,1.226543673532698,1.1737605957212405,1.728259626405361,1.0382370579093128,1.2907656963612684
2025-11-16,1.155075555067028,1.2428911232221933,1.4065320360595803,1.1337277921106474,1.228010473378042,1.5344457532035387,1.1657496929686273,1.2524273173508784,1.3507628923259745,1.248153107049592,1.2108574642736631,1.550001835295664,1.313480889993924,1.4994300580861857
2025-11-23,1.2847019927625598,1.2046463832848806,1.1598097483995176,1.1420937332482424,1.4084644391904872,1.3266457710751929,1.4504088396620516,1.4451743538403,1.2060143013402476,1.1381844104822445,1.225267915083477,1.3262666960631513,1.550577297951937,1.2481978409262378
2025-11-30,1.1914755718345484,1.2336152653929209,1.0310450842971448,1.1418755812123431,1.180265236433487,1.2980478867029817,1.3393056239077528,1.5342436151951837,1.100115865445035,1.0602884092009406,1.1594519219510306,1.6816587837289216,1.3210300363334937,1.0531136045401703
2025-12-07,1.1870947789595296,1.1242142314272845,1.2278941695662022,1.1988651013579774,1.462249334585408,1.5154628122488183,1.223888371131901,1.2982137787243828,1.1530515158238497,1.2852987312263682,1.152998940594646,1.544661295787228,1.1462175535022456,1.1944934274083705
2025-12-14,1.36885546302105,1.1392949619229582,1.6837755033906512,1.2602487106701483,1.6456441395221857,1.413556172404551,1.2482646274592644,1.2556519333473724,1.3095257669246303,1.3999544368062973,1.2141142026042075,1.3702321658713872,1.274579288569614,1.513698145623844
2025-12-21,1.328061380208722,1.3851114450538704,1.384773681490449,1.2201806618894984,1.3531003960767405,1.1794216882226822,1.3025668983184886,1.2802293923615202,1.3121052952294223,1.2908203581174993,1.2078768838134513,1.2671329357210743,1.2626350539037154,1.4716146673388233
2025-12-28,1.1675927519488485,1.2290071473918982,1.1052130220369212,1.103086316564363,1.1780462190508658,1.0722761200537183,1.1708535335574504,1.204854387634272,1.2091740195991998,1.1837697468271502,1.1246250672130076,1.1300955130714712,1.0913276054627978,1.2746099272221043
2026-01-04,1.0511858875129116,1.064237503120301,0.9879894609524924,0.9901294193126944,1.063854636513814,1.1294565281020772,1.0153160312412373,1.0720646294269411,1.0924800318135237,1.0641715864629069,0.978636938694736,1.064760568506833,1.0149194618062043,1.0785058670378125
2026-01-11,0.9965858951257064,1.037278215443507,0.926894136403173,0.9141403983247538,0.9672135670064682,1.0975151314923357,0.9049161346376506,0.977903499692211,0.9665285376408462,0.939932488278929,0.865172287823867,0.9946580256789695,0.982229511696105,0.9212224501059012
2026-01-18,0.9011953709956672,0.9620801857426862,0.8209387069239598,0.8569903607475593,0.9272532738465844,1.000421018206712,0.8363594647988932,0.9054928905659972,0.8723111797798423,0.8480942156048374,0.9034237136884896,0.9051319758190826,0.9122774784650208,0.8018855582286598
2026-01-25,0.8002320563803372,0.8745655370088021,0.8903577634427503,0.8418764443876408,0.945350263643017,1.1066588655059209,0.839378790723096,0.8260526741856652,0.9069406468983564,0.8350377227157909,0.9299290497892296,0.9165497930274892,0.8862374083720704,0.8718843540390298
2026-02-01,0.9214494823371956,0.949352861510042,1.099057346258453,0.937814999854076,0.9886247455186468,1.2095139648776267,0.944467205947318,1.007986516685673,0.9896724634132038,0.8240393090363665,0.8783923539296873,0.9738510215746672,0.8830418484512036,1.0728152754537967
2026-02-08,1.0921233030006392,1.0395979463693243,1.127098297844818,1.0444943184642057,1.0372591371042903,1.164213622272727,1.162008946248034,1.1889322001963398,0.9827930509004592,0.9285111808366188,0.9625252969635502,1.07722693660774,0.8873887914920005,1.087403129887994
2026-02-15,1.205535363909101,1.1854002209584418,1.0613574058345596,1.061568226439565,1.0623343057484715,1.145202309949409,1.2451578129203638,1.044086257021824,0.9849440310781992,1.3555219634747693,1.0300847422295136,1.1702997385551133,1.00757064112802,1.1900490494227025
2026-02-22,1.181174671322583,1.29981339162474,1.0427358316427089,1.006923385238163,1.1584904731390415,1.1860496340200166,1.1942544005469249,1.0787823564776922,1.0005615904367442,1.1301064104443517,1.0095249487783655,1.2013671404972508,1.0865837500798172,1.06372240339056
2026-03-01,1.0758790382065284,1.1947824291107023,1.162904545071065,0.990589089524793,1.1721254199134423,1.2044549883007898,1.1813461193343595,1.3758996409765412,1.028198848334698,0.8868285264251526,1.0224596011751756,1.2034749732818182,1.1744408968089215,1.023126460969439
2026-03-08,1.1324280820152577,1.1120759045944515,1.0138957566372448,1.0550041159850878,1.317172916857595,1.1085133511437746,1.1525406341666236,1.3732978476354891,1.2156375753301767,1.0291573197797887,1.060781273876325,1.1798746604526995,1.215865183491718,1.1878405812884167
2026-03-15,1.2419716273924228,1.1104972386594458,1.0550561515009893,1.09677325572424,1.2839018223329668,1.0911979577933535,1.0631965765405222,1.2273780988453018,1.2113975632542504,1.248776503293621,1.1328367998608193,1.1537949968152916,1.0988664232050676,1.204636568281279
2026-03-22,1.1796075184649464,1.1104972375690607,1.360956421977802,1.0871228550182697,1.05550650266319,1.169246670076472,1.093436954452521,1.1639717545427228,1.1297150859672975,1.0953112407966326,1.1481664464397194,1.109010775464293,1.016456992293257,1.1996344676203952
2026-03-29,1.0367899401965388,1.0788266497150765,1.167661413320214,1.0433991796559885,1.0287348883045857,1.2299552109018994,1.235930641246762,1.1253635462848663,1.1137015524382126,1.0710792115199512,1.029256365642048,1.0981635987875564,1.0195410276856671,1.1237059844876245
2026-04-05,0.9773540991064024,1.040598679342052,1.1518959187636368,0.9941205412843076,1.2701876585792178,1.258529369245574,1.1306389454549408,1.093980800646178,1.0341002164271276,1.0604947589727622,0.9817137540472348,1.0443161985390472,1.036444733484757,1.0138647299740084
2026-04-12,1.0342818367367326,1.085610896753043,1.2590962480186216,0.9637231125604268,1.190673260703915,1.1732825557226876,0.981006276386859,1.1226495799125895,1.04140564298654,1.0328721781568886,1.0285186817423937,1.0690121340828458,1.036270511513599,1.0866739085674657
2026-04-19,1.0753826204103172,1.1265078725437192,1.2072957571101732,0.9501717463585152,1.1417514769364787,1.0951855465518252,1.0079510775980125,1.245256001234433,1.0668349456323205,1.0111804063614052,0.9585461166968032,1.25958333423729,1.100979540605109,1.18431658242312
2026-04-26,1.1003945633729286,1.161029960865218,1.062708234931247,0.942341469731084,1.1453970217606857,1.3532230502052458,1.143135778272355,1.2357793560252823,1.062630560874681,0.9906640906180174,0.951081239899775,1.1700566268866897,1.0442634436019975,1.119823556180509
2026-05-03,1.0415161149224754,1.3192227998400394,1.0156492798700991,0.9973319376550936,1.1543651453899295,1.569454816861895,1.1602393907705992,1.1317153694032276,1.2528731910858817,1.0933609820373331,1.053995195631023,1.1320275316258732,0.9262245081577638,1.238948834392462
