week,region,epiweek,wili,ili,release
2010-01-03,hhs1,201001,0.7661299705505371,0.7701699733734131,first
2010-01-10,hhs1,201002,0.8286700248718262,0.6890400052070618,first
2010-01-17,hhs1,201003,0.518090009689331,0.6055099964141846,first
2010-01-24,hhs1,201004,0.7562100291252136,0.6536499857902527,first
2010-01-31,hhs1,201005,1.014389991760254,1.112969994544983,first
2010-02-07,hhs1,201006,0.5465199947357178,0.6110000014305115,first
2010-02-14,hhs1,201007,1.2726800441741943,1.3025399446487427,first
2010-02-21,hhs1,201008,0.6320000290870667,0.5720000267028809,first
2010-02-28,hhs1,201009,0.7149999737739563,0.7160000205039978,first
2010-03-07,hhs1,201010,0.5920000076293945,0.6389999985694885,first
2010-03-14,hhs1,201011,0.5360000133514404,0.5860000252723694,first
2010-03-21,hhs1,201012,0.35199999809265137,0.3720000088214874,first
2010-03-28,hhs1,201013,0.3140000104904175,0.29100000858306885,first
2010-04-04,hhs1,201014,0.6179999709129333,0.7730000019073486,first
2010-04-11,hhs1,201015,0.2849999964237213,0.31200000643730164,first
2010-04-18,hhs1,201016,0.2619999945163727,0.22699999809265137,first
2010-04-25,hhs1,201017,0.25699999928474426,0.27399998903274536,first
2010-05-02,hhs1,201018,0.640999972820282,0.5090000033378601,first
2010-05-09,hhs1,201019,0.31200000643730164,0.27300000190734863,first
2010-05-16,hhs1,201020,0.6200000047683716,0.5099999904632568,first
2010-10-10,hhs1,201041,0.6620000004768372,0.7269999980926514,first
2010-10-17,hhs1,201042,0.621999979019165,0.6240000128746033,first
2010-10-24,hhs1,201043,0.6880000233650208,0.6539999842643738,first
2010-10-31,hhs1,201044,0.671999990940094,0.6930000185966492,first
2010-11-07,hhs1,201045,0.5849999785423279,0.5630000233650208,first
2010-11-14,hhs1,201046,0.7300000190734863,0.703000009059906,first
2010-11-21,hhs1,201047,0.8320000171661377,0.8379999995231628,first
2010-11-28,hhs1,201048,0.5889999866485596,0.6019999980926514,first
2010-12-05,hhs1,201049,0.6600000262260437,0.7850000262260437,first
2010-12-12,hhs1,201050,0.703000009059906,0.7170000076293945,first
2010-12-19,hhs1,201051,1.0920000076293945,0.9010000228881836,first
2010-12-26,hhs1,201052,0.8100000023841858,1.0850000381469727,first
2011-01-02,hhs1,201101,1.0190000534057617,0.8370000123977661,first
2011-01-09,hhs1,201102,1.3289999961853027,1.1990000009536743,first
2011-01-16,hhs1,201103,1.1759999990463257,1.0410000085830688,first
2011-01-23,hhs1,201104,1.3539999723434448,1.4620000123977661,first
2011-01-30,hhs1,201105,1.7610000371932983,1.784000039100647,first
2011-02-06,hhs1,201106,2.3289999961853027,2.069000005722046,first
2011-02-13,hhs1,201107,2.618000030517578,2.4709999561309814,first
2011-02-20,hhs1,201108,2.0739998817443848,2.563999891281128,first
2011-02-27,hhs1,201109,1.815000057220459,1.9670000076293945,first
2011-03-06,hhs1,201110,1.4459999799728394,1.6820000410079956,first
2011-03-13,hhs1,201111,1.3910000324249268,1.4880000352859497,first
2011-03-20,hhs1,201112,1.0449999570846558,1.2719999551773071,first
2011-03-27,hhs1,201113,1.1649999618530273,1.2860000133514404,first
2011-04-03,hhs1,201114,0.9020000100135803,1.034999966621399,first
2011-04-10,hhs1,201115,0.7850000262260437,0.8949999809265137,first
2011-04-17,hhs1,201116,0.6259999871253967,0.7009999752044678,first
2011-04-24,hhs1,201117,0.5950000286102295,0.6420000195503235,first
2011-05-01,hhs1,201118,0.5249999761581421,0.609000027179718,first
2011-05-08,hhs1,201119,0.4429999887943268,0.5519999861717224,first
2011-05-15,hhs1,201120,0.3919999897480011,0.5099999904632568,first
2011-10-09,hhs1,201141,0.5839999914169312,0.734000027179718,first
2011-10-16,hhs1,201142,0.6859999895095825,0.6769999861717224,first
2011-10-23,hhs1,201143,0.7329999804496765,0.8069999814033508,first
2011-10-30,hhs1,201144,0.6069999933242798,0.7519999742507935,first
2011-11-06,hhs1,201145,0.7609999775886536,0.890999972820282,first
2011-11-13,hhs1,201146,0.6449999809265137,0.7120000123977661,first
2011-11-20,hhs1,201147,0.6359999775886536,0.8759999871253967,first
2011-11-27,hhs1,201148,0.6309999823570251,0.6980000138282776,first
2011-12-04,hhs1,201149,0.6439999938011169,0.6269999742507935,first
2011-12-11,hhs1,201150,0.7749999761581421,0.7960000038146973,first
2011-12-18,hhs1,201151,0.8830000162124634,0.9430000185966492,first
2011-12-25,hhs1,201152,1.1089999675750732,1.1729999780654907,first
2012-01-01,hhs1,201201,0.8180000185966492,0.8820000290870667,first
2012-01-08,hhs1,201202,0.8809999823570251,0.8510000109672546,first
2012-01-15,hhs1,201203,0.9810000061988831,0.9480000138282776,first
2012-01-22,hhs1,201204,0.8640000224113464,0.8889999985694885,first
2012-01-29,hhs1,201205,0.7540000081062317,0.8199999928474426,first
2012-02-05,hhs1,201206,0.7289999723434448,0.796999990940094,first
2012-02-12,hhs1,201207,0.8529999852180481,0.7870000004768372,first
2012-02-19,hhs1,201208,1.1200000047683716,1.0740000009536743,first
2012-02-26,hhs1,201209,0.8859999775886536,0.8119999766349792,first
2012-03-04,hhs1,201210,0.7409999966621399,0.746999979019165,first
2012-03-11,hhs1,201211,0.8659999966621399,0.7940000295639038,first
2012-03-18,hhs1,201212,0.8399999737739563,1.0329999923706055,first
2012-03-25,hhs1,201213,0.6039999723434448,0.6050000190734863,first
2012-04-01,hhs1,201214,0.7269999980926514,0.8069999814033508,first
2012-04-08,hhs1,201215,0.8190000057220459,0.8610000014305115,first
2012-04-15,hhs1,201216,0.859000027179718,0.9340000152587891,first
2012-04-22,hhs1,201217,0.5490000247955322,0.6050000190734863,first
2012-04-29,hhs1,201218,0.492000013589859,0.4959999918937683,first
2012-05-06,hhs1,201219,0.550000011920929,0.5569999814033508,first
2012-05-13,hhs1,201220,0.5130000114440918,0.5580000281333923,first
2012-10-07,hhs1,201241,0.4410000145435333,0.5139999985694885,first
2012-10-14,hhs1,201242,0.5799999833106995,0.5270000100135803,first
2012-10-21,hhs1,201243,0.47600001096725464,0.6019999980926514,first
2012-10-28,hhs1,201244,0.6050000190734863,0.574999988079071,first
2012-11-04,hhs1,201245,0.6019999980926514,0.5149999856948853,first
2012-11-11,hhs1,201246,0.7110000252723694,0.6460000276565552,first
2012-11-18,hhs1,201247,0.9309999942779541,0.921999990940094,first
2012-11-25,hhs1,201248,0.8989999890327454,0.9039999842643738,first
2012-12-02,hhs1,201249,1.1799999475479126,1.25,first
2012-12-09,hhs1,201250,1.7860000133514404,1.9639999866485596,first
2012-12-16,hhs1,201251,3.2760000228881836,2.9200000762939453,first
2012-12-23,hhs1,201252,3.250999927520752,3.8480000495910645,first
2012-12-30,hhs1,201301,2.5209999084472656,2.806999921798706,first
2013-01-06,hhs1,201302,3.2929999828338623,2.9709999561309814,first
2013-01-13,hhs1,201303,2.8940000534057617,2.51200008392334,first
2013-01-20,hhs1,201304,2.4179999828338623,2.4130001068115234,first
2013-01-27,hhs1,201305,2.121000051498413,1.937999963760376,first
2013-02-03,hhs1,201306,1.722000002861023,1.7979999780654907,first
2013-02-10,hhs1,201307,1.7719999551773071,1.6829999685287476,first
2013-02-17,hhs1,201308,1.5839999914169312,1.4550000429153442,first
2013-02-24,hhs1,201309,1.2430000305175781,1.1160000562667847,first
2013-03-03,hhs1,201310,1.3960000276565552,1.1360000371932983,first
2013-03-10,hhs1,201311,1.2569999694824219,1.100000023841858,first
2013-03-17,hhs1,201312,1.0299999713897705,0.9589999914169312,first
2013-03-24,hhs1,201313,1.2990000247955322,1.312999963760376,first
2013-03-31,hhs1,201314,0.972000002861023,1.0529999732971191,first
2013-04-07,hhs1,201315,1.215000033378601,1.2259999513626099,first
2013-04-14,hhs1,201316,0.9350000023841858,0.9900000095367432,first
2013-04-21,hhs1,201317,0.8560000061988831,0.8180000185966492,first
2013-04-28,hhs1,201318,0.796999990940094,0.8090000152587891,first
2013-05-05,hhs1,201319,0.8149999976158142,0.7710000276565552,first
2013-05-12,hhs1,201320,0.6439999938011169,0.5879999995231628,first
2013-10-06,hhs1,201341,0.7699999809265137,0.6000000238418579,first
2013-10-13,hhs1,201342,0.5400000214576721,0.5799999833106995,first
2013-10-20,hhs1,201343,0.5899999737739563,0.5799999833106995,first
2013-10-27,hhs1,201344,0.6299999952316284,0.6600000262260437,first
2013-11-03,hhs1,201345,0.8500000238418579,0.7699999809265137,first
2013-11-10,hhs1,201346,0.6800000071525574,0.7099999785423279,first
2013-11-17,hhs1,201347,0.6800000071525574,0.6600000262260437,first
2013-11-24,hhs1,201348,0.9100000262260437,0.9599999785423279,first
2013-12-01,hhs1,201349,0.7900000214576721,0.7599999904632568,first
2013-12-08,hhs1,201350,0.8700000047683716,0.8899999856948853,first
2013-12-15,hhs1,201351,1.1799999475479126,1.1299999952316284,first
2013-12-22,hhs1,201352,1.1546088105324,1.58357220055449,first
2013-12-29,hhs1,201401,1.51513820269498,1.53508771929825,first
2014-01-05,hhs1,201402,1.82843405639139,1.34285714285714,first
2014-01-12,hhs1,201403,1.73756743736925,1.75496104289064,first
2014-01-19,hhs1,201404,2.11939082925138,1.87823557095794,first
2014-01-26,hhs1,201405,1.88806446777365,1.67515844414067,first
2014-02-02,hhs1,201406,2.31522041798456,2.07099820026605,first
2014-02-09,hhs1,201407,1.76069238610052,1.59945317840055,first
2014-02-16,hhs1,201408,1.55484209761033,1.50082755912138,first
2014-02-23,hhs1,201409,1.04932728782513,1.11831804965332,first
2014-03-02,hhs1,201410,1.16231442446626,1.16158586464525,first
2014-03-09,hhs1,201411,1.41997024072478,1.24309775520963,first
2014-03-16,hhs1,201412,1.26629765305574,1.19607470030174,first
2014-03-23,hhs1,201413,1.5165075272308,1.2617712411385,first
2014-03-30,hhs1,201414,1.8994596203648,1.45827826240197,first
2014-04-06,hhs1,201415,1.69288275671676,1.7028915195032,first
2014-04-13,hhs1,201416,1.6727454875483,1.54380548050946,first
2014-04-20,hhs1,201417,1.48480925425497,1.37998286102657,first
2014-04-27,hhs1,201418,1.07206463339851,0.94089896474905,first
2014-05-04,hhs1,201419,1.43060435969555,1.06191359518241,first
2014-05-11,hhs1,201420,1.25446088503847,0.992069475017339,first
2014-05-18,hhs1,201421,0.503691163028719,0.701603665521191,first
2014-05-25,hhs1,201422,0.538455435429161,0.685320510393397,first
2014-06-01,hhs1,201423,0.50944991179076,0.664191559658026,first
2014-06-08,hhs1,201424,0.394093134010641,0.595372917003721,first
2014-06-15,hhs1,201425,0.460279943594597,0.552448965842485,first
2014-06-22,hhs1,201426,0.226868402615052,0.301542172826743,first
2014-06-29,hhs1,201427,0.403446065867391,0.598213904200316,first
2014-07-06,hhs1,201428,0.27591073505522,0.406947169537098,first
2014-07-13,hhs1,201429,0.411461437947705,0.579069678844908,first
2014-07-20,hhs1,201430,0.294634606640584,0.216876971608833,first
2014-07-27,hhs1,201431,0.348922481547051,0.395729112222803,first
2014-08-03,hhs1,201432,0.440773324593092,0.451087579800451,first
2014-08-10,hhs1,201433,0.320706951546631,0.49480040254948,first
2014-08-17,hhs1,201434,0.342175548501147,0.476230613621038,first
2014-08-24,hhs1,201435,0.302375692997811,0.393965600076871,first
2014-08-31,hhs1,201436,0.532809737093834,0.592482873541937,first
2014-09-07,hhs1,201437,0.258767502634394,0.314114197961748,first
2014-09-14,hhs1,201438,0.726353812397651,0.703339432753888,first
2014-09-21,hhs1,201439,0.657447555291807,0.699438756804016,first
2014-09-28,hhs1,201440,0.778840879512541,0.701038246516994,first
2014-10-05,hhs1,201441,0.668645422685045,0.630540071278443,first
2014-10-12,hhs1,201442,1.08326499494197,0.885782205116595,first
2014-10-19,hhs1,201443,0.933673187878958,0.772994638488366,first
2014-10-26,hhs1,201444,0.983926035618798,0.775462676213364,first
2014-11-02,hhs1,201445,0.978031497231659,0.747683923705722,first
2014-11-09,hhs1,201446,1.10091397390062,0.938826466916355,first
2014-11-16,hhs1,201447,0.948430107678453,0.799609682053506,first
2014-11-23,hhs1,201448,1.16995095066232,0.97692943563538,first
2014-11-30,hhs1,201449,1.11097987203468,0.902763240527528,first
2014-12-07,hhs1,201450,1.44614264441636,1.1752011447069,first
2014-12-14,hhs1,201451,1.55929546319454,1.36243609191528,first
2014-12-21,hhs1,201452,1.9847019148252,1.86968159482242,first
2014-12-28,hhs1,201453,2.36412820018604,2.02040408081616,first
2015-01-04,hhs1,201501,2.63954975962,1.97242237312737,first
2015-01-11,hhs1,201502,3.56637138711073,2.71012635048526,first
2015-01-18,hhs1,201503,4.12161621201093,3.88729925502024,first
2015-01-25,hhs1,201504,3.7136037169091,3.50444818465977,first
2015-02-01,hhs1,201505,3.7722179065722,3.2340450806284,first
2015-02-08,hhs1,201506,3.47022618609611,2.61910202216383,first
2015-02-15,hhs1,201507,2.599361181185,2.09898365002209,first
2015-02-22,hhs1,201508,2.03636456665642,1.48606030023969,first
2015-03-01,hhs1,201509,2.3608423087766,1.80823287595134,first
2015-03-08,hhs1,201510,1.95744983859341,1.62636194525644,first
2015-03-15,hhs1,201511,1.65282076163641,1.38130089681476,first
2015-03-22,hhs1,201512,1.64453177197599,1.50349823847566,first
2015-03-29,hhs1,201513,1.74807356081032,1.538575704356,first
2015-04-05,hhs1,201514,1.69737646057463,1.36521152638556,first
2015-04-12,hhs1,201515,0.859599823795362,1.09375,first
2015-04-19,hhs1,201516,1.42263487027524,1.28123580190822,first
2015-04-26,hhs1,201517,1.00024116752787,0.896792438409213,first
2015-05-03,hhs1,201518,1.02523722470524,0.879082494032718,first
2015-05-10,hhs1,201519,0.788833525391534,0.626692867385416,first
2015-05-17,hhs1,201520,0.802896897841432,0.675796902099157,first
2015-05-24,hhs1,201521,0.568225551720387,0.684107652984514,first
2015-05-31,hhs1,201522,0.661749372991209,0.627516413362835,first
2015-06-07,hhs1,201523,0.513972702351582,0.637990665189215,first
2015-06-14,hhs1,201524,0.557702268345401,0.597192258387268,first
2015-06-21,hhs1,201525,0.579960182980131,0.642923940149626,first
2015-06-28,hhs1,201526,0.957790096517488,0.570342205323194,first
2015-07-05,hhs1,201527,0.773571895547617,0.562980593189308,first
2015-07-12,hhs1,201528,0.441610741581143,0.436074557172076,first
2015-07-19,hhs1,201529,0.457762364710468,0.477524764197482,first
2015-07-26,hhs1,201530,0.366938227798002,0.411243481578836,first
2015-08-02,hhs1,201531,0.376915915053936,0.465508246719371,first
2015-08-09,hhs1,201532,0.323694863347255,0.382700453295683,first
2015-08-16,hhs1,201533,0.312327963975423,0.392736681606062,first
2015-08-23,hhs1,201534,0.37028072346601,0.463266465626502,first
2015-08-30,hhs1,201535,0.529941787860623,0.464571213326079,first
2015-09-06,hhs1,201536,0.432256553387446,0.453642097986693,first
2015-09-13,hhs1,201537,0.470844284846225,0.500570503146969,first
2015-09-20,hhs1,201538,0.380233433122933,0.42541964845167,first
2015-09-27,hhs1,201539,0.350307,0.340997,first
2015-10-04,hhs1,201540,0.822816,0.706523,first
2015-10-11,hhs1,201541,0.508896,0.518277,first
2015-10-18,hhs1,201542,0.787999,0.737372,first
2015-10-25,hhs1,201543,0.705205,0.59923,first
2015-11-01,hhs1,201544,0.565118,0.591165,first
2015-11-08,hhs1,201545,0.755121,0.750105,first
2015-11-15,hhs1,201546,0.595829,0.599732,first
2015-11-22,hhs1,201547,0.582052,0.737384,first
2015-11-29,hhs1,201548,0.642333,0.631865,first
2015-12-06,hhs1,201549,0.773944,0.704131,first
2015-12-13,hhs1,201550,0.833878,0.753185,first
2015-12-20,hhs1,201551,1.30116,0.984235,first
2015-12-27,hhs1,201552,1.36736,1.13459,first
2016-01-03,hhs1,201601,1.34149,1.11215,first
2016-01-10,hhs1,201602,1.55056,1.04929,first
2016-01-17,hhs1,201603,1.66908,1.34582,first
2016-01-24,hhs1,201604,1.78377,1.48801,first
2016-01-31,hhs1,201605,1.82618,1.5792,first
2016-02-07,hhs1,201606,1.71816,1.41487,first
2016-02-14,hhs1,201607,1.93388,1.72257,first
2016-02-21,hhs1,201608,1.17586,1.26751,first
2016-02-28,hhs1,201609,1.73322,1.56213,first
2016-03-06,hhs1,201610,2.12738,2.03191,first
2016-03-13,hhs1,201611,1.86824,1.85487,first
2016-03-20,hhs1,201612,2.0096,1.95602,first
2016-03-27,hhs1,201613,1.82901,1.76689,first
2016-04-03,hhs1,201614,1.49954,1.39725,first
2016-04-10,hhs1,201615,1.51695,1.39593,first
2016-04-17,hhs1,201616,1.22666,1.22634,first
2016-04-24,hhs1,201617,1.10422,0.931016,first
2016-05-01,hhs1,201618,0.98781,0.831092,first
2016-05-08,hhs1,201619,0.891642,0.709381,first
2016-05-15,hhs1,201620,0.893463,0.728758,first
2016-05-22,hhs1,201621,0.921079,0.738358,first
2016-05-29,hhs1,201622,0.370222,0.484583,first
2016-06-05,hhs1,201623,0.775561,0.734872,first
2016-06-12,hhs1,201624,0.529484,0.539938,first
2016-06-19,hhs1,201625,0.438666,0.451047,first
2016-06-26,hhs1,201626,0.354685,0.416159,first
2016-07-03,hhs1,201627,0.394841,0.436535,first
2016-07-10,hhs1,201628,0.406692,0.400737,first
2016-07-17,hhs1,201629,0.36478,0.391974,first
2016-07-24,hhs1,201630,0.342171,0.388966,first
2016-07-31,hhs1,201631,0.356958,0.425046,first
2016-08-07,hhs1,201632,0.32702,0.343088,first
2016-08-14,hhs1,201633,0.350415,0.420395,first
2016-08-21,hhs1,201634,0.415875,0.454664,first
2016-08-28,hhs1,201635,0.387621,0.399153,first
2016-09-04,hhs1,201636,0.588103,0.674654,first
2016-09-11,hhs1,201637,0.591873,0.704038,first
2016-09-18,hhs1,201638,0.67247,0.730689,first
2016-09-25,hhs1,201639,0.582427,0.53034,first
2016-10-02,hhs1,201640,0.638116,0.660613,first
2016-10-09,hhs1,201641,0.564072,0.547614,first
2016-10-16,hhs1,201642,0.718711,0.709388,first
2016-10-23,hhs1,201643,0.663923,0.673656,first
2016-10-30,hhs1,201644,0.827237,0.770091,first
2016-11-06,hhs1,201645,1.16178,0.820382,first
2016-11-13,hhs1,201646,0.920674,0.772557,first
2016-11-20,hhs1,201647,0.985513,0.811898,first
2016-11-27,hhs1,201648,0.800653,0.650306,first
2016-12-04,hhs1,201649,1.02542,0.830247,first
2016-12-11,hhs1,201650,1.144,0.964855,first
2016-12-18,hhs1,201651,1.24334,1.10374,first
2016-12-25,hhs1,201652,1.44623,1.39051,first
2017-01-01,hhs1,201701,1.6523,1.30474,first
2017-01-08,hhs1,201702,1.60022,1.23614,first
2017-01-15,hhs1,201703,1.89174,1.55884,first
2017-01-22,hhs1,201704,2.21679,1.91398,first
2017-01-29,hhs1,201705,3.0581,2.20469,first
2017-02-05,hhs1,201706,3.80431,3.1299,first
2017-02-12,hhs1,201707,2.76416,2.55866,first
2017-02-19,hhs1,201708,3.127,2.90867,first
2017-02-26,hhs1,201709,1.87564,1.73016,first
2017-03-05,hhs1,201710,2.4043,2.05154,first
2017-03-12,hhs1,201711,2.14986,1.7521,first
2017-03-19,hhs1,201712,1.91491,1.93855,first
2017-03-26,hhs1,201713,2.02233,2.09083,first
2017-04-02,hhs1,201714,1.91521,2.003,first
2017-04-09,hhs1,201715,1.787,1.70249,first
2017-04-16,hhs1,201716,1.46879,1.35078,first
2017-04-23,hhs1,201717,0.902587,0.826225,first
2017-04-30,hhs1,201718,0.941375,0.790059,first
2017-05-07,hhs1,201719,0.53853,0.69918,first
2017-05-14,hhs1,201720,0.730341,0.731049,first
2017-05-21,hhs1,201721,0.627298,0.55325,first
2017-05-28,hhs1,201722,0.532121,0.736432,first
2017-06-04,hhs1,201723,0.174042,0.337214,first
2017-06-11,hhs1,201724,0.391762,0.641675,first
2017-06-18,hhs1,201725,0.387697,0.586669,first
2017-06-25,hhs1,201726,0.454203,0.349843,first
2017-07-02,hhs1,201727,0.0463566,0.166597,first
2017-07-09,hhs1,201728,0.307706,0.346126,first
2017-07-16,hhs1,201729,0.282484,0.41868,first
2017-07-23,hhs1,201730,0.318472,0.398236,first
2017-07-30,hhs1,201731,0.286329,0.393537,first
2017-08-06,hhs1,201732,0.273054,0.37796,first
2017-08-13,hhs1,201733,0.514189,0.478276,first
2017-08-20,hhs1,201734,0.275194,0.370323,first
2017-08-27,hhs1,201735,0.325407,0.374888,first
2017-09-03,hhs1,201736,0.280202,0.367134,first
2017-09-10,hhs1,201737,0.379926,0.428198,first
2017-09-17,hhs1,201738,0.476452,0.5343,first
2017-09-24,hhs1,201739,0.43571,0.477935,first
2017-10-01,hhs1,201740,0.722648,0.632443,first
2017-10-08,hhs1,201741,0.834966,0.859985,first
2017-10-15,hhs1,201742,1.03442,0.900961,first
2017-10-22,hhs1,201743,1.11439,1.0356,first
2017-10-29,hhs1,201744,1.06674,0.981121,first
2017-11-05,hhs1,201745,1.26015,1.22264,first
2017-11-12,hhs1,201746,1.52058,1.34845,first
2017-11-19,hhs1,201747,1.65211,1.6326,first
2017-11-26,hhs1,201748,1.77828,1.42854,first
2017-12-03,hhs1,201749,1.96863,1.7219,first
2017-12-10,hhs1,201750,2.18955,1.96056,first
2017-12-17,hhs1,201751,1.42317,2.00396,first
2017-12-24,hhs1,201752,2.8824,2.69754,first
2017-12-31,hhs1,201801,2.99892,2.76012,first
2018-01-07,hhs1,201802,3.01414,2.5653,first
2018-01-14,hhs1,201803,3.90305,3.5504,first
2018-01-21,hhs1,201804,4.273,4.31456,first
2018-01-28,hhs1,201805,5.55109,5.62574,first
2018-02-04,hhs1,201806,5.99081,5.988,first
2018-02-11,hhs1,201807,4.42539,4.91745,first
2018-02-18,hhs1,201808,4.47003,4.74796,first
2018-02-25,hhs1,201809,3.11457,3.07418,first
2018-03-04,hhs1,201810,2.6666,2.52482,first
2018-03-11,hhs1,201811,2.62609,2.48145,first
2018-03-18,hhs1,201812,2.11465,2.03238,first
2018-03-25,hhs1,201813,1.83577,1.86732,first
2018-04-01,hhs1,201814,2.01905,1.85927,first
2018-04-08,hhs1,201815,2.06861,1.9509,first
2018-04-15,hhs1,201816,1.83206,1.72879,first
2018-04-22,hhs1,201817,1.52977,1.35149,first
2018-04-29,hhs1,201818,1.31018,1.245,first
2018-05-06,hhs1,201819,1.04446,1.00426,first
2018-05-13,hhs1,201820,0.970025,0.902679,first
2018-05-20,hhs1,201821,0.762737,0.981399,first
2018-05-27,hhs1,201822,0.517895,0.81695,first
2018-06-03,hhs1,201823,0.567803,0.71074,first
2018-06-10,hhs1,201824,0.421294,0.514755,first
2018-06-17,hhs1,201825,0.629384,0.653887,first
2018-06-24,hhs1,201826,0.412205,0.595337,first
2018-07-01,hhs1,201827,0.436793,0.649683,first
2018-07-08,hhs1,201828,0.488421,0.742597,first
2018-07-15,hhs1,201829,0.419831,0.630301,first
2018-07-22,hhs1,201830,0.44762,0.600292,first
2018-07-29,hhs1,201831,0.38443,0.53738,first
2018-08-05,hhs1,201832,0.42424,0.637387,first
2018-08-12,hhs1,201833,0.411187,0.609042,first
2018-08-19,hhs1,201834,0.445216,0.66568,first
2018-08-26,hhs1,201835,0.480151,0.631477,first
2018-09-02,hhs1,201836,0.498607,0.771357,first
2018-09-09,hhs1,201837,0.814856,0.86363,first
2018-09-16,hhs1,201838,0.789851,0.881363,first
2018-09-23,hhs1,201839,0.783187,0.940652,first
2018-09-30,hhs1,201840,0.885908,0.966646,first
2018-10-07,hhs1,201841,0.903101,1.08174,first
2018-10-14,hhs1,201842,1.01914,1.12646,first
2018-10-21,hhs1,201843,1.09105,1.15887,first
2018-10-28,hhs1,201844,1.18331,1.08094,first
2018-11-04,hhs1,201845,1.17751,1.10796,first
2018-11-11,hhs1,201846,1.31179,1.14596,first
2018-11-18,hhs1,201847,1.55117,1.46659,first
2018-11-25,hhs1,201848,1.61466,1.29855,first
2018-12-02,hhs1,201849,1.99653,1.50087,first
2018-12-09,hhs1,201850,1.9568,1.58809,first
2018-12-16,hhs1,201851,2.39752,2.05134,first
2018-12-23,hhs1,201852,3.23035,3.03452,first
2018-12-30,hhs1,201901,3.32499,2.9754,first
2019-01-06,hhs1,201902,3.74499,3.08037,first
2019-01-13,hhs1,201903,3.50253,3.1293,first
2019-01-20,hhs1,201904,3.78714,3.49562,first
2019-01-27,hhs1,201905,3.76479,3.43521,first
2019-02-03,hhs1,201906,3.74574,3.63798,first
2019-02-10,hhs1,201907,3.58821,3.50515,first
2019-02-17,hhs1,201908,3.70876,3.54867,first
2019-02-24,hhs1,201909,3.30603,2.90569,first
2019-03-03,hhs1,201910,3.04133,2.62778,first
2019-03-10,hhs1,201911,3.09147,2.64128,first
2019-03-17,hhs1,201912,2.98189,2.62387,first
2019-03-24,hhs1,201913,2.84718,2.62258,first
2019-03-31,hhs1,201914,2.76643,2.47314,first
2019-04-07,hhs1,201915,2.32443,2.19907,first
2019-04-14,hhs1,201916,2.21986,1.92554,first
2019-04-21,hhs1,201917,1.37524,1.36618,first
2019-04-28,hhs1,201918,1.3493,1.3208,first
2019-05-05,hhs1,201919,1.48823,1.13865,first
2019-05-12,hhs1,201920,1.30237,1.21934,first
2019-05-19,hhs1,201921,1.04925,1.06892,first
2019-05-26,hhs1,201922,0.989977,1.14771,first
2019-06-02,hhs1,201923,0.716163,0.953455,first
2019-06-09,hhs1,201924,0.587266,0.817462,first
2019-06-16,hhs1,201925,0.465939,0.65135,first
2019-06-23,hhs1,201926,0.771814,0.78478,first
2019-06-30,hhs1,201927,0.503868,0.735254,first
2019-07-07,hhs1,201928,0.407195,0.581339,first
2019-07-14,hhs1,201929,0.481317,0.580952,first
2019-07-21,hhs1,201930,0.415287,0.533667,first
2019-07-28,hhs1,201931,0.395379,0.514007,first
2019-08-04,hhs1,201932,0.56981,0.604141,first
2019-08-11,hhs1,201933,0.443205,0.524438,first
2019-08-18,hhs1,201934,0.418874,0.463696,first
2019-08-25,hhs1,201935,0.437915,0.591836,first
2019-09-01,hhs1,201936,0.533452,0.677375,first
2019-09-08,hhs1,201937,0.506743,0.742324,first
2019-09-15,hhs1,201938,0.624672,0.823877,first
2019-09-22,hhs1,201939,0.773359,0.93782,first
2019-09-29,hhs1,201940,0.853661,0.94537,first
2019-10-06,hhs1,201941,1.03435,1.1523,first
2019-10-13,hhs1,201942,1.12639,1.26183,first
2019-10-20,hhs1,201943,1.10465,1.22759,first
2019-10-27,hhs1,201944,1.17463,1.26902,first
2019-11-03,hhs1,201945,1.31295,1.41643,first
2019-11-10,hhs1,201946,1.45524,1.58651,first
2019-11-17,hhs1,201947,1.54814,1.72537,first
2019-11-24,hhs1,201948,1.80166,2.04276,first
2019-12-01,hhs1,201949,1.88574,2.05915,first
2019-12-08,hhs1,201950,1.92549,2.06169,first
2019-12-15,hhs1,201951,2.52224,2.73746,first
2019-12-22,hhs1,201952,3.79677,4.01278,first
2019-12-29,hhs1,202001,3.88941,4.32094,first
2020-01-05,hhs1,202002,3.61536,3.93051,first
2020-01-12,hhs1,202003,4.49315,4.80204,first
2020-01-19,hhs1,202004,5.35285,5.72151,first
2020-01-26,hhs1,202005,6.34737,6.81313,first
2020-02-02,hhs1,202006,7.15703,7.56606,first
2020-02-09,hhs1,202007,6.49187,6.64872,first
2020-02-16,hhs1,202008,5.74003,5.93681,first
2020-02-23,hhs1,202009,4.58875,4.86003,first
2020-03-01,hhs1,202010,4.40535,4.71914,first
2020-03-08,hhs1,202011,4.81698,5.27965,first
2020-03-15,hhs1,202012,5.86488,6.53408,first
2020-03-22,hhs1,202013,4.82297,5.42246,first
2020-03-29,hhs1,202014,4.38765,4.86995,first
2020-04-05,hhs1,202015,3.40168,3.74543,first
2020-04-12,hhs1,202016,3.19904,3.56756,first
2020-04-19,hhs1,202017,2.12593,2.34207,first
2020-04-26,hhs1,202018,1.696,1.82641,first
2020-05-03,hhs1,202019,1.37169,1.46143,first
2020-05-10,hhs1,202020,1.22051,1.30983,first
2020-05-17,hhs1,202021,0.925433,0.925281,first
2020-05-24,hhs1,202022,0.738249,0.742302,first
2020-05-31,hhs1,202023,0.672111,0.666709,first
2020-06-07,hhs1,202024,0.606864,0.579574,first
2020-06-14,hhs1,202025,0.516871,0.503207,first
2020-06-21,hhs1,202026,0.536062,0.537754,first
2020-06-28,hhs1,202027,0.506657,0.526847,first
2020-07-05,hhs1,202028,0.533894,0.547676,first
2020-07-12,hhs1,202029,0.502504,0.525324,first
2020-07-19,hhs1,202030,0.52325,0.513549,first
2020-07-26,hhs1,202031,0.530413,0.552937,first
2020-08-02,hhs1,202032,0.53865,0.562968,first
2020-08-09,hhs1,202033,0.60316,0.609929,first
2020-08-16,hhs1,202034,0.603816,0.629037,first
2020-08-23,hhs1,202035,0.590991,0.617529,first
2020-08-30,hhs1,202036,0.563752,0.593686,first
2020-09-06,hhs1,202037,0.620938,0.662796,first
2020-09-13,hhs1,202038,0.625882,0.669539,first
2020-09-20,hhs1,202039,0.69427,0.766011,first
2020-09-27,hhs1,202040,0.785196,0.797489,first
2020-10-04,hhs1,202041,0.856413,0.885141,first
2020-10-11,hhs1,202042,0.753336,0.820904,first
2020-10-18,hhs1,202043,1.08396,1.10417,first
2020-10-25,hhs1,202044,1.15539,1.27317,first
2020-11-01,hhs1,202045,1.20455,1.33614,first
2020-11-08,hhs1,202046,1.11726,1.17956,first
2020-11-15,hhs1,202047,1.18855,1.21526,first
2020-11-22,hhs1,202048,1.07732,1.14758,first
2020-11-29,hhs1,202049,1.06612,1.1437,first
2020-12-06,hhs1,202050,0.888991,0.972005,first
2020-12-13,hhs1,202051,0.858717,0.921398,first
2020-12-20,hhs1,202052,0.908583,0.981091,first
2020-12-27,hhs1,202053,0.90871,0.94319,first
2021-01-03,hhs1,202101,0.844205,0.893159,first
2021-01-10,hhs1,202102,0.697925,0.725318,first
2021-01-17,hhs1,202103,0.636173,0.682417,first
2021-01-24,hhs1,202104,0.633093,0.676402,first
2021-01-31,hhs1,202105,0.504397,0.528618,first
2021-02-07,hhs1,202106,0.493105,0.4794,first
2021-02-14,hhs1,202107,0.523759,0.480693,first
2021-02-21,hhs1,202108,0.43416,0.43667,first
2021-02-28,hhs1,202109,0.500074,0.456841,first
2021-03-07,hhs1,202110,0.545526,0.510776,first
2021-03-14,hhs1,202111,0.557331,0.507377,first
2021-03-21,hhs1,202112,0.502888,0.513803,first
2021-03-28,hhs1,202113,0.530883,0.558068,first
2021-04-04,hhs1,202114,0.54764,0.591734,first
2021-04-11,hhs1,202115,0.593766,0.552688,first
2021-04-18,hhs1,202116,0.568332,0.526119,first
2021-04-25,hhs1,202117,0.478439,0.51284,first
2021-05-02,hhs1,202118,0.493976,0.524041,first
2021-05-09,hhs1,202119,0.526925,0.573388,first
2021-05-16,hhs1,202120,0.37685,0.563,first
2021-05-23,hhs1,202121,0.546997,0.593786,first
2021-05-30,hhs1,202122,0.624325,0.683794,first
2021-06-06,hhs1,202123,0.590581,0.647873,first
2021-06-13,hhs1,202124,0.69482,0.756168,first
2021-06-20,hhs1,202125,0.684289,0.750993,first
2021-06-27,hhs1,202126,0.665447,0.69951,first
2021-07-04,hhs1,202127,0.740924,0.815516,first
2021-07-11,hhs1,202128,0.714275,0.773785,first
2021-07-18,hhs1,202129,0.776561,0.851926,first
2021-07-25,hhs1,202130,0.884798,0.978468,first
2021-08-01,hhs1,202131,0.912473,1.00293,first
2021-08-08,hhs1,202132,0.931455,1.02152,first
2021-08-15,hhs1,202133,0.953814,1.05406,first
2021-08-22,hhs1,202134,0.941391,1.02712,first
2021-08-29,hhs1,202135,0.93217,1.01861,first
2021-09-05,hhs1,202136,1.09815,1.15556,first
2021-09-12,hhs1,202137,1.12509,1.18235,first
2021-09-19,hhs1,202138,1.09509,1.19491,first
2021-09-26,hhs1,202139,1.16988,1.27983,first
2021-10-03,hhs1,202140,1.15203,1.2752,first
2021-10-10,hhs1,202141,1.17665,1.26599,first
2021-10-17,hhs1,202142,1.02225,1.11903,first
2021-10-24,hhs1,202143,1.13038,1.18799,first
2021-10-31,hhs1,202144,1.39601,1.4668,first
2021-11-07,hhs1,202145,1.43196,1.48802,first
2021-11-14,hhs1,202146,1.52513,1.67097,first
2021-11-21,hhs1,202147,1.731,1.85266,first
2021-11-28,hhs1,202148,2.11304,2.22593,first
2021-12-05,hhs1,202149,2.35385,2.3762,first
2021-12-12,hhs1,202150,2.38436,2.45846,first
2021-12-19,hhs1,202151,2.7093,2.96337,first
2021-12-26,hhs1,202152,3.48776,3.86271,first
2022-01-02,hhs1,202201,2.58177,2.83665,first
2022-01-09,hhs1,202202,1.79883,1.88617,first
2022-01-16,hhs1,202203,1.19884,1.25915,first
2022-01-23,hhs1,202204,0.876089,0.905385,first
2022-01-30,hhs1,202205,0.694288,0.741877,first
2022-02-06,hhs1,202206,0.550177,0.585824,first
2022-02-13,hhs1,202207,0.55119,0.584388,first
2022-02-20,hhs1,202208,0.636359,0.686277,first
2022-02-27,hhs1,202209,0.606596,0.64192,first
2022-03-06,hhs1,202210,0.840626,0.886506,first
2022-03-13,hhs1,202211,0.999685,1.05582,first
2022-03-20,hhs1,202212,1.46149,1.34094,first
2022-03-27,hhs1,202213,1.93435,1.73476,first
2022-04-03,hhs1,202214,2.11532,2.13195,first
2022-04-10,hhs1,202215,2.52939,2.513,first
2022-04-17,hhs1,202216,2.29457,2.30879,first
2022-04-24,hhs1,202217,2.07687,2.19301,first
2022-05-01,hhs1,202218,2.3954,2.54181,first
2022-05-08,hhs1,202219,2.54721,2.7142,first
2022-05-15,hhs1,202220,2.08738,2.21782,first
2022-05-22,hhs1,202221,1.67348,1.79139,first
2022-05-29,hhs1,202222,1.35152,1.49578,first
2022-06-05,hhs1,202223,1.1724,1.29764,first
2022-06-12,hhs1,202224,1.08477,1.18783,first
2022-06-19,hhs1,202225,1.00909,1.11593,first
2022-06-26,hhs1,202226,0.919338,1.02182,first
2022-07-03,hhs1,202227,0.905088,0.955392,first
2022-07-10,hhs1,202228,0.710904,0.795082,first
2022-07-17,hhs1,202229,0.764665,0.837104,first
2022-07-24,hhs1,202230,0.792755,0.876678,first
2022-07-31,hhs1,202231,0.793225,0.877902,first
2022-08-07,hhs1,202232,0.761878,0.861667,first
2022-08-14,hhs1,202233,0.772807,0.865929,first
2022-08-21,hhs1,202234,0.793476,0.871008,first
2022-08-28,hhs1,202235,0.746014,0.827659,first
2022-09-04,hhs1,202236,0.899126,0.993826,first
2022-09-11,hhs1,202237,1.12673,1.26323,first
2022-09-18,hhs1,202238,1.17054,1.30164,first
2022-09-25,hhs1,202239,1.31337,1.41917,first
2022-10-02,hhs1,202240,1.42558,1.58088,first
2022-10-09,hhs1,202241,1.55942,1.69388,first
2022-10-16,hhs1,202242,1.69501,1.78116,first
2022-10-23,hhs1,202243,2.08898,2.28492,first
2022-10-30,hhs1,202244,2.6163,2.86903,first
2022-11-06,hhs1,202245,2.68478,2.96502,first
2022-11-13,hhs1,202246,2.80971,3.09375,first
2022-11-20,hhs1,202247,4.42607,4.96426,first
2022-11-27,hhs1,202248,5.81705,6.37049,first
2022-12-04,hhs1,202249,6.70095,7.13389,first
2022-12-11,hhs1,202250,6.938,7.38604,first
2022-12-18,hhs1,202251,6.96772,7.37221,first
2022-12-25,hhs1,202252,5.79637,6.25063,first
2023-01-01,hhs1,202301,3.7517,3.94224,first
2023-01-08,hhs1,202302,2.38659,2.54766,first
2023-01-15,hhs1,202303,1.84405,1.92671,first
2023-01-22,hhs1,202304,1.64346,1.75457,first
2023-01-29,hhs1,202305,1.50594,1.62561,first
2023-02-05,hhs1,202306,1.5436,1.62084,first
2023-02-12,hhs1,202307,1.69676,1.74197,first
2023-02-19,hhs1,202308,1.5953,1.60545,first
2023-02-26,hhs1,202309,1.40249,1.45481,first
2023-03-05,hhs1,202310,1.45284,1.48775,first
2023-03-12,hhs1,202311,1.41318,1.49907,first
2023-03-19,hhs1,202312,1.46311,1.56535,first
2023-03-26,hhs1,202313,1.47121,1.56401,first
2023-04-02,hhs1,202314,1.43944,1.46418,first
2023-04-09,hhs1,202315,1.34842,1.42933,first
2023-04-16,hhs1,202316,1.1095,1.18279,first
2023-04-23,hhs1,202317,1.06563,1.15342,first
2023-04-30,hhs1,202318,1.07914,1.13805,first
2023-05-07,hhs1,202319,1.12891,1.2095,first
2023-05-14,hhs1,202320,1.10234,1.15034,first
2023-05-21,hhs1,202321,1.00022,1.10475,first
2023-05-28,hhs1,202322,1.04404,1.14606,first
2023-06-04,hhs1,202323,0.936334,1.02735,first
2023-06-11,hhs1,202324,0.932492,0.981196,first
2023-06-18,hhs1,202325,0.853507,0.920205,first
2023-06-25,hhs1,202326,0.702882,0.776121,first
2023-07-02,hhs1,202327,0.701004,0.740173,first
2023-07-09,hhs1,202328,0.635361,0.688506,first
2023-07-16,hhs1,202329,0.650712,0.703311,first
2023-07-23,hhs1,202330,0.672084,0.730279,first
2023-07-30,hhs1,202331,0.658332,0.706714,first
2023-08-06,hhs1,202332,0.739801,0.75885,first
2023-08-13,hhs1,202333,0.687476,0.756093,first
2023-08-20,hhs1,202334,0.730785,0.809528,first
2023-08-27,hhs1,202335,0.745051,0.792389,first
2023-09-03,hhs1,202336,0.894159,0.948227,first
2023-09-10,hhs1,202337,0.955742,1.02078,first
2023-09-17,hhs1,202338,1.21464,1.26865,first
2023-09-24,hhs1,202339,1.24516,1.31765,first
2023-10-01,hhs1,202340,1.25057,1.31362,first
2023-10-08,hhs1,202341,1.20263,1.25888,first
2023-10-15,hhs1,202342,1.29767,1.35814,first
2023-10-22,hhs1,202343,1.32451,1.37666,first
2023-10-29,hhs1,202344,1.5254,1.59391,first
2023-11-05,hhs1,202345,1.6828,1.75426,first
2023-11-12,hhs1,202346,1.86055,1.93517,first
2023-11-19,hhs1,202347,2.19945,2.3029,first
2023-11-26,hhs1,202348,2.40899,2.50451,first
2023-12-03,hhs1,202349,2.57935,2.65295,first
2023-12-10,hhs1,202350,3.20924,3.2965,first
2023-12-17,hhs1,202351,4.01906,4.10577,first
2023-12-24,hhs1,202352,4.97385,5.0795,first
2023-12-31,hhs1,202401,4.0729,4.18973,first
2024-01-07,hhs1,202402,3.56735,3.65754,first
2024-01-14,hhs1,202403,3.30558,3.35837,first
2024-01-21,hhs1,202404,3.27875,3.37262,first
2024-01-28,hhs1,202405,3.37373,3.43129,first
2024-02-04,hhs1,202406,3.53066,3.61518,first
2024-02-11,hhs1,202407,3.50873,3.58398,first
2024-02-18,hhs1,202408,3.56423,3.6338,first
2024-02-25,hhs1,202409,3.40048,3.45916,first
2024-03-03,hhs1,202410,3.20925,3.29053,first
2024-03-10,hhs1,202411,2.63865,2.72007,first
2024-03-17,hhs1,202412,2.47996,2.56978,first
2024-03-24,hhs1,202413,2.60166,2.68795,first
2024-03-31,hhs1,202414,2.50224,2.58757,first
2024-04-07,hhs1,202415,2.2727,2.33681,first
2024-04-14,hhs1,202416,1.87095,1.90939,first
2024-04-21,hhs1,202417,1.56489,1.59245,first
2024-04-28,hhs1,202418,1.47797,1.51992,first
2024-05-05,hhs1,202419,1.34076,1.36601,first
2024-05-12,hhs1,202420,1.25382,1.28874,first
2024-05-19,hhs1,202421,1.12589,1.16416,first
2024-05-26,hhs1,202422,1.02514,1.05275,first
2024-06-02,hhs1,202423,0.935262,0.955162,first
2024-06-09,hhs1,202424,0.916955,0.943595,first
2024-06-16,hhs1,202425,0.840768,0.874126,first
2024-06-23,hhs1,202426,0.769442,0.784059,first
2024-06-30,hhs1,202427,0.820704,0.842457,first
2024-07-07,hhs1,202428,0.792424,0.81162,first
2024-07-14,hhs1,202429,0.805538,0.827598,first
2024-07-21,hhs1,202430,0.845087,0.868772,first
2024-07-28,hhs1,202431,0.873511,0.900522,first
2024-08-04,hhs1,202432,0.870844,0.893862,first
2024-08-11,hhs1,202433,0.913214,0.939149,first
2024-08-18,hhs1,202434,0.978529,0.999382,first
2024-08-25,hhs1,202435,0.984083,1.01462,first
2024-09-01,hhs1,202436,1.10097,1.12166,first
2024-09-08,hhs1,202437,1.34624,1.38199,first
2024-09-15,hhs1,202438,1.44338,1.48076,first
2024-09-22,hhs1,202439,1.33134,1.36129,first
2024-09-29,hhs1,202440,1.44538,1.48453,first
2024-10-06,hhs1,202441,1.48828,1.51711,first
2024-10-13,hhs1,202442,1.76088,1.79465,first
2024-10-20,hhs1,202443,1.80606,1.83647,first
2024-10-27,hhs1,202444,1.79181,1.82863,first
2024-11-03,hhs1,202445,1.79196,1.82068,first
2024-11-10,hhs1,202446,1.82007,1.84701,first
2024-11-17,hhs1,202447,1.8963,1.92637,first
2024-11-24,hhs1,202448,2.08266,2.14667,first
2024-12-01,hhs1,202449,2.1442,2.21348,first
2024-12-08,hhs1,202450,2.36525,2.43769,first
2024-12-15,hhs1,202451,2.92763,3.00103,first
2024-12-22,hhs1,202452,4.27,4.31858,first
2024-12-29,hhs1,202501,4.78711,4.87134,first
2025-01-05,hhs1,202502,4.58865,4.63602,first
2025-01-12,hhs1,202503,5.90051,5.94911,first
2025-01-19,hhs1,202504,7.48162,7.51227,first
2025-01-26,hhs1,202505,8.80071,8.84485,first
2025-02-02,hhs1,202506,9.45737,9.52471,first
2025-02-09,hhs1,202507,8.78016,8.78602,first
2025-02-16,hhs1,202508,7.18267,7.1207,first
2025-02-23,hhs1,202509,5.48844,5.48842,first
2025-03-02,hhs1,202510,4.45835,4.46891,first
2025-03-09,hhs1,202511,3.81685,3.81213,first
2025-03-16,hhs1,202512,3.17461,3.17475,first
2025-03-23,hhs1,202513,2.85826,2.87792,first
2025-03-30,hhs1,202514,2.61204,2.64755,first
2025-04-06,hhs1,202515,2.38953,2.42496,first
2025-04-13,hhs1,202516,2.19979,2.22234,first
2025-04-20,hhs1,202517,1.80114,1.8065,first
2025-04-27,hhs1,202518,1.46003,1.47299,first
2025-05-04,hhs1,202519,1.28031,1.29962,first
2025-05-11,hhs1,202520,1.18156,1.20293,first
2025-05-18,hhs1,202521,1.07893,1.15445,first
2025-05-25,hhs1,202522,1.22563,1.24909,first
2025-06-01,hhs1,202523,1.01097,1.04295,first
2025-06-08,hhs1,202524,0.949289,0.975093,first
2025-06-15,hhs1,202525,0.93003,0.955967,first
2025-06-22,hhs1,202526,0.814431,0.839135,first
2025-06-29,hhs1,202527,0.776658,0.7902,first
2025-07-06,hhs1,202528,0.714531,0.733676,first
2025-07-13,hhs1,202529,0.660734,0.675026,first
2025-07-20,hhs1,202530,0.640165,0.658401,first
2025-07-27,hhs1,202531,0.638246,0.647228,first
2025-08-03,hhs1,202532,0.640415,0.653284,first
2025-08-10,hhs1,202533,0.646441,0.660088,first
2025-08-17,hhs1,202534,0.675607,0.684551,first
2025-08-24,hhs1,202535,0.803284,0.828122,first
2025-08-31,hhs1,202536,0.881197,0.905341,first
2025-09-07,hhs1,202537,1.01228,1.02887,first
2025-09-14,hhs1,202538,1.22195,1.25082,first
2025-11-02,hhs1,202545,1.37962,1.40773,first
2025-11-09,hhs1,202546,1.4364,1.45773,first
2025-11-16,hhs1,202547,1.76249,1.81011,first
2025-11-23,hhs1,202548,2.18547,2.25445,first
2025-11-30,hhs1,202549,2.67542,2.76494,first
2025-12-07,hhs1,202550,4.07928,4.15362,first
2025-12-14,hhs1,202551,6.70434,6.90706,first
2025-12-21,hhs1,202552,10.1165,10.3244,first
2025-12-28,hhs1,202553,9.08497,9.30515,first
2026-01-04,hhs1,202601,6.2632,6.45846,first
2026-01-11,hhs1,202602,4.94024,5.02171,first
2026-01-18,hhs1,202603,3.77104,3.81018,first
2026-01-25,hhs1,202604,2.97737,2.9942,first
2026-02-01,hhs1,202605,2.94749,2.93475,first
2026-02-08,hhs1,202606,3.03429,3.02761,first
2026-02-15,hhs1,202607,3.27094,3.281,first
2026-02-22,hhs1,202608,2.83763,2.83103,first
2026-03-01,hhs1,202609,2.49366,2.49676,first
2026-03-08,hhs1,202610,2.53669,2.57272,first
2026-03-15,hhs1,202611,2.62258,2.6822,first
2026-03-22,hhs1,202612,2.79514,2.8583,first
2026-03-29,hhs1,202613,2.76669,2.84261,first
2026-04-05,hhs1,202614,2.33325,2.3961,first
2026-04-12,hhs1,202615,1.85824,1.90742,first
2026-04-19,hhs1,202616,1.45025,1.48768,first
2026-04-26,hhs1,202617,1.24088,1.27936,first
2026-05-03,hhs1,202618,1.17237,1.20308,first
2026-05-10,hhs1,202619,1.19167,1.23055,first
2026-05-17,hhs1,202620,1.02679,1.05594,first
2026-05-24,hhs1,202621,0.960799,0.987996,first
2026-05-31,hhs1,202622,0.869538,0.896199,first
2026-06-07,hhs1,202623,0.745845,0.769716,first
2026-06-14,hhs1,202624,0.7318,0.7538,first
2026-06-21,hhs1,202625,0.651884,0.67505,first
2026-06-28,hhs1,202626,0.618557,0.640312,first
2026-07-05,hhs1,202627,0.628811,0.638368,first
2026-07-12,hhs1,202628,0.573197,0.585372,first
2026-07-19,hhs1,202629,0.535265,0.549638,first
2026-07-26,hhs1,202630,0.544665,0.555976,first
2026-08-02,hhs1,202631,0.489018,0.499569,first
2026-08-09,hhs1,202632,0.492527,0.502206,first
2026-08-16,hhs1,202633,0.546112,0.562825,first
2026-08-23,hhs1,202634,0.568777,0.58712,first
2026-08-30,hhs1,202635,0.664345,0.679079,first
2017-10-01,ma,201740,0.6699,0.6699,first
2017-10-08,ma,201741,1.05248,1.05248,first
2017-10-15,ma,201742,0.959787,0.959787,first
2017-10-22,ma,201743,1.13292,1.13292,first
2017-10-29,ma,201744,1.1049,1.1049,first
2017-11-05,ma,201745,1.48656,1.48656,first
2017-11-12,ma,201746,1.63468,1.63468,first
2017-11-19,ma,201747,1.85389,1.85389,first
2017-11-26,ma,201748,1.61018,1.61018,first
2017-12-03,ma,201749,1.783,1.783,first
2017-12-10,ma,201750,2.08538,2.08538,first
2017-12-17,ma,201751,2.40368,2.40368,first
2017-12-24,ma,201752,2.98214,2.98214,first
2017-12-31,ma,201801,2.91538,2.91538,first
2018-01-07,ma,201802,2.57042,2.57042,first
2018-01-14,ma,201803,3.6093,3.6093,first
2018-01-21,ma,201804,4.24302,4.24302,first
2018-01-28,ma,201805,5.88328,5.88328,first
2018-02-04,ma,201806,5.57797,5.57797,first
2018-02-11,ma,201807,5.17729,5.17729,first
2018-02-18,ma,201808,5.10998,5.10998,first
2018-02-25,ma,201809,3.04376,3.04376,first
2018-03-04,ma,201810,2.47481,2.47481,first
2018-03-11,ma,201811,2.5632,2.5632,first
2018-03-18,ma,201812,1.91381,1.91381,first
2018-03-25,ma,201813,1.94825,1.94825,first
2018-04-01,ma,201814,1.92193,1.92193,first
2018-04-08,ma,201815,2.06695,2.06695,first
2018-04-15,ma,201816,1.85334,1.85334,first
2018-04-22,ma,201817,1.29444,1.29444,first
2018-04-29,ma,201818,1.33489,1.33489,first
2018-05-06,ma,201819,1.20154,1.20154,first
2018-05-13,ma,201820,1.0908,1.0908,first
2018-05-20,ma,201821,1.24609,1.24609,first
2018-05-27,ma,201822,0.988503,0.988503,first
2018-06-03,ma,201823,0.788982,0.788982,first
2018-06-10,ma,201824,0.529367,0.529367,first
2018-06-17,ma,201825,0.796563,0.796563,first
2018-06-24,ma,201826,0.664356,0.664356,first
2018-07-01,ma,201827,0.752201,0.752201,first
2018-07-08,ma,201828,0.910458,0.910458,first
2018-07-15,ma,201829,0.75786,0.75786,first
2018-07-22,ma,201830,0.662376,0.662376,first
2018-07-29,ma,201831,0.640796,0.640796,first
2018-08-05,ma,201832,0.719011,0.719011,first
2018-08-12,ma,201833,0.778305,0.778305,first
2018-08-19,ma,201834,0.789431,0.789431,first
2018-08-26,ma,201835,0.814186,0.814186,first
2018-09-02,ma,201836,1.02149,1.02149,first
2018-09-09,ma,201837,1.05207,1.05207,first
2018-09-16,ma,201838,1.10922,1.10922,first
2018-09-23,ma,201839,1.21106,1.21106,first
2018-09-30,ma,201840,1.11391,1.11391,first
2018-10-07,ma,201841,1.28267,1.28267,first
2018-10-14,ma,201842,1.36878,1.36878,first
2018-10-21,ma,201843,1.23647,1.23647,first
2018-10-28,ma,201844,1.20213,1.20213,first
2018-11-04,ma,201845,1.23043,1.23043,first
2018-11-11,ma,201846,1.25358,1.25358,first
2018-11-18,ma,201847,1.721,1.721,first
2018-11-25,ma,201848,1.49491,1.49491,first
2018-12-02,ma,201849,1.62106,1.62106,first
2018-12-09,ma,201850,1.82662,1.82662,first
2018-12-16,ma,201851,2.36226,2.36226,first
2018-12-23,ma,201852,3.44476,3.44476,first
2018-12-30,ma,201901,3.36602,3.36602,first
2019-01-06,ma,201902,3.09757,3.09757,first
2019-01-13,ma,201903,3.17319,3.17319,first
2019-01-20,ma,201904,3.39385,3.39385,first
2019-01-27,ma,201905,3.37517,3.37517,first
2019-02-03,ma,201906,3.58725,3.58725,first
2019-02-10,ma,201907,3.17471,3.17471,first
2019-02-17,ma,201908,3.45908,3.45908,first
2019-02-24,ma,201909,2.52583,2.52583,first
2019-03-03,ma,201910,2.29172,2.29172,first
2019-03-10,ma,201911,2.33415,2.33415,first
2019-03-17,ma,201912,2.35038,2.35038,first
2019-03-24,ma,201913,2.56351,2.56351,first
2019-03-31,ma,201914,2.43939,2.43939,first
2019-04-07,ma,201915,2.2329,2.2329,first
2019-04-14,ma,201916,1.98522,1.98522,first
2019-04-21,ma,201917,1.42211,1.42211,first
2019-04-28,ma,201918,1.38271,1.38271,first
2019-05-05,ma,201919,1.16918,1.16918,first
2019-05-12,ma,201920,1.3119,1.3119,first
2019-05-19,ma,201921,1.1999,1.1999,first
2019-05-26,ma,201922,1.39308,1.39308,first
2019-06-02,ma,201923,1.05948,1.05948,first
2019-06-09,ma,201924,0.932581,0.932581,first
2019-06-16,ma,201925,0.771508,0.771508,first
2019-06-23,ma,201926,0.908291,0.908291,first
2019-06-30,ma,201927,0.844692,0.844692,first
2019-07-07,ma,201928,0.643504,0.643504,first
2019-07-14,ma,201929,0.671959,0.671959,first
2019-07-21,ma,201930,0.579423,0.579423,first
2019-07-28,ma,201931,0.620963,0.620963,first
2019-08-04,ma,201932,0.689081,0.689081,first
2019-08-11,ma,201933,0.591396,0.591396,first
2019-08-18,ma,201934,0.337769,0.337769,first
2019-08-25,ma,201935,0.740293,0.740293,first
2019-09-01,ma,201936,0.810865,0.810865,first
2019-09-08,ma,201937,0.893631,0.893631,first
2019-09-15,ma,201938,0.965115,0.965115,first
2019-09-22,ma,201939,1.08571,1.08571,first
2019-09-29,ma,201940,0.921717,0.921717,first
2019-10-06,ma,201941,1.0591,1.0591,first
2019-10-13,ma,201942,1.12646,1.12646,first
2019-10-20,ma,201943,1.05121,1.05121,first
2019-10-27,ma,201944,1.11133,1.11133,first
2019-11-03,ma,201945,1.3009,1.3009,first
2019-11-10,ma,201946,1.5728,1.5728,first
2019-11-17,ma,201947,1.54092,1.54092,first
2019-11-24,ma,201948,2.00869,2.00869,first
2019-12-01,ma,201949,1.99164,1.99164,first
2019-12-08,ma,201950,1.86199,1.86199,first
2019-12-15,ma,201951,2.49271,2.49271,first
2019-12-22,ma,201952,3.77871,3.77871,first
2019-12-29,ma,202001,4.06335,4.06335,first
2020-01-05,ma,202002,3.39292,3.39292,first
2020-01-12,ma,202003,4.20778,4.20778,first
2020-01-19,ma,202004,5.08772,5.08772,first
2020-01-26,ma,202005,5.64319,5.64319,first
2020-02-02,ma,202006,6.27154,6.27154,first
2020-02-09,ma,202007,5.49738,5.49738,first
2020-02-16,ma,202008,4.94606,4.94606,first
2020-02-23,ma,202009,3.81652,3.81652,first
2020-03-01,ma,202010,3.74207,3.74207,first
2020-03-08,ma,202011,4.64387,4.64387,first
2020-03-15,ma,202012,6.70579,6.70579,first
2020-03-22,ma,202013,5.56074,5.56074,first
2020-03-29,ma,202014,5.26135,5.26135,first
2020-04-05,ma,202015,4.39686,4.39686,first
2020-04-12,ma,202016,3.9537,3.9537,first
2020-04-19,ma,202017,2.93739,2.93739,first
2020-04-26,ma,202018,2.46309,2.46309,first
2020-05-03,ma,202019,1.98323,1.98323,first
2020-05-10,ma,202020,1.7477,1.7477,first
2020-05-17,ma,202021,1.28336,1.28336,first
2020-05-24,ma,202022,1.04663,1.04663,first
2020-05-31,ma,202023,0.971116,0.971116,first
2020-06-07,ma,202024,0.831878,0.831878,first
2020-06-14,ma,202025,0.714971,0.714971,first
2020-06-21,ma,202026,0.731351,0.731351,first
2020-06-28,ma,202027,0.608604,0.608604,first
2020-07-05,ma,202028,0.641381,0.641381,first
2020-07-12,ma,202029,0.61946,0.61946,first
2020-07-19,ma,202030,0.563963,0.563963,first
2020-07-26,ma,202031,0.657619,0.657619,first
2020-08-02,ma,202032,0.662736,0.662736,first
2020-08-09,ma,202033,0.782706,0.782706,first
2020-08-16,ma,202034,0.759185,0.759185,first
2020-08-23,ma,202035,0.711594,0.711594,first
2020-08-30,ma,202036,0.678727,0.678727,first
2020-09-06,ma,202037,0.741805,0.741805,first
2020-09-13,ma,202038,0.722736,0.722736,first
2020-09-20,ma,202039,0.726303,0.726303,first
2020-09-27,ma,202040,0.729904,0.729904,first
2020-10-04,ma,202041,0.778994,0.778994,first
2020-10-11,ma,202042,0.643044,0.643044,first
2020-10-18,ma,202043,0.718417,0.718417,first
2020-10-25,ma,202044,0.877037,0.877037,first
2020-11-01,ma,202045,1.03537,1.03537,first
2020-11-08,ma,202046,1.0222,1.0222,first
2020-11-15,ma,202047,1.05466,1.05466,first
2020-11-22,ma,202048,1.24749,1.24749,first
2020-11-29,ma,202049,1.22411,1.22411,first
2020-12-06,ma,202050,1.03512,1.03512,first
2020-12-13,ma,202051,1.04171,1.04171,first
2020-12-20,ma,202052,1.11224,1.11224,first
2020-12-27,ma,202053,1.07814,1.07814,first
2021-01-03,ma,202101,0.991896,0.991896,first
2021-01-10,ma,202102,0.781206,0.781206,first
2021-01-17,ma,202103,0.767209,0.767209,first
2021-01-24,ma,202104,0.768903,0.768903,first
2021-01-31,ma,202105,0.575081,0.575081,first
2021-02-07,ma,202106,0.535718,0.535718,first
2021-02-14,ma,202107,0.508541,0.508541,first
2021-02-21,ma,202108,0.462362,0.462362,first
2021-02-28,ma,202109,0.502359,0.502359,first
2021-03-07,ma,202110,0.546255,0.546255,first
2021-03-14,ma,202111,0.540675,0.540675,first
2021-03-21,ma,202112,0.54923,0.54923,first
2021-03-28,ma,202113,0.620015,0.620015,first
2021-04-04,ma,202114,0.633716,0.633716,first
2021-04-11,ma,202115,0.550946,0.550946,first
2021-04-18,ma,202116,0.519778,0.519778,first
2021-04-25,ma,202117,0.514369,0.514369,first
2021-05-02,ma,202118,0.542284,0.542284,first
2021-05-09,ma,202119,0.601492,0.601492,first
2021-05-16,ma,202120,0.22294,0.22294,first
2021-05-23,ma,202121,0.593833,0.593833,first
2021-05-30,ma,202122,0.725387,0.725387,first
2021-06-06,ma,202123,0.708635,0.708635,first
2021-06-13,ma,202124,0.794982,0.794982,first
2021-06-20,ma,202125,0.799012,0.799012,first
2021-06-27,ma,202126,0.73413,0.73413,first
2021-07-04,ma,202127,0.867679,0.867679,first
2021-07-11,ma,202128,0.810385,0.810385,first
2021-07-18,ma,202129,0.852366,0.852366,first
2021-07-25,ma,202130,0.993613,0.993613,first
2021-08-01,ma,202131,1.04292,1.04292,first
2021-08-08,ma,202132,1.07598,1.07598,first
2021-08-15,ma,202133,1.05822,1.05822,first
2021-08-22,ma,202134,1.02328,1.02328,first
2021-08-29,ma,202135,1.05521,1.05521,first
2021-09-05,ma,202136,1.26275,1.26275,first
2021-09-12,ma,202137,1.19268,1.19268,first
2021-09-19,ma,202138,1.31351,1.31351,first
2021-09-26,ma,202139,1.39008,1.39008,first
2021-10-03,ma,202140,1.32052,1.32052,first
2021-10-10,ma,202141,1.26096,1.26096,first
2021-10-17,ma,202142,1.12795,1.12795,first
2021-10-24,ma,202143,1.09672,1.09672,first
2021-10-31,ma,202144,1.25344,1.25344,first
2021-11-07,ma,202145,1.4644,1.4644,first
2021-11-14,ma,202146,1.56778,1.56778,first
2021-11-21,ma,202147,1.98127,1.98127,first
2021-11-28,ma,202148,2.51561,2.51561,first
2021-12-05,ma,202149,2.80462,2.80462,first
2021-12-12,ma,202150,2.78168,2.78168,first
2021-12-19,ma,202151,3.38333,3.38333,first
2021-12-26,ma,202152,4.42851,4.42851,first
2022-01-02,ma,202201,3.18575,3.18575,first
2022-01-09,ma,202202,1.97189,1.97189,first
2022-01-16,ma,202203,1.19525,1.19525,first
2022-01-23,ma,202204,0.832781,0.832781,first
2022-01-30,ma,202205,0.745375,0.745375,first
2022-02-06,ma,202206,0.519691,0.519691,first
2022-02-13,ma,202207,0.497348,0.497348,first
2022-02-20,ma,202208,0.63185,0.63185,first
2022-02-27,ma,202209,0.60694,0.60694,first
2022-03-06,ma,202210,0.98027,0.98027,first
2022-03-13,ma,202211,1.14597,1.14597,first
2022-03-20,ma,202212,1.51108,1.51108,first
2022-03-27,ma,202213,1.97482,1.97482,first
2022-04-03,ma,202214,2.58359,2.58359,first
2022-04-10,ma,202215,3.21722,3.21722,first
2022-04-17,ma,202216,3.02175,3.02175,first
2022-04-24,ma,202217,2.57442,2.57442,first
2022-05-01,ma,202218,2.99189,2.99189,first
2022-05-08,ma,202219,3.15203,3.15203,first
2022-05-15,ma,202220,2.48148,2.48148,first
2022-05-22,ma,202221,1.95702,1.95702,first
2022-05-29,ma,202222,1.57599,1.57599,first
2022-06-05,ma,202223,1.31438,1.31438,first
2022-06-12,ma,202224,1.18143,1.18143,first
2022-06-19,ma,202225,1.07138,1.07138,first
2022-06-26,ma,202226,0.999209,0.999209,first
2022-07-03,ma,202227,0.988711,0.988711,first
2022-07-10,ma,202228,0.753211,0.753211,first
2022-07-17,ma,202229,0.810475,0.810475,first
2022-07-24,ma,202230,0.818863,0.818863,first
2022-07-31,ma,202231,0.77188,0.77188,first
2022-08-07,ma,202232,0.806866,0.806866,first
2022-08-14,ma,202233,0.823278,0.823278,first
2022-08-21,ma,202234,0.826226,0.826226,first
2022-08-28,ma,202235,0.777783,0.777783,first
2022-09-04,ma,202236,0.917973,0.917973,first
2022-09-11,ma,202237,1.15407,1.15407,first
2022-09-18,ma,202238,1.22141,1.22141,first
2022-09-25,ma,202239,1.36908,1.36908,first
2022-10-02,ma,202240,1.55757,1.55757,first
2022-10-09,ma,202241,1.72344,1.72344,first
2022-10-16,ma,202242,1.63829,1.63829,first
2022-10-23,ma,202243,2.02909,2.02909,first
2022-10-30,ma,202244,2.57785,2.57785,first
2022-11-06,ma,202245,2.55049,2.55049,first
2022-11-13,ma,202246,2.64389,2.64389,first
2022-11-20,ma,202247,4.16751,4.16751,first
2022-11-27,ma,202248,5.73867,5.73867,first
2022-12-04,ma,202249,7.02796,7.02796,first
2022-12-11,ma,202250,7.86361,7.86361,first
2022-12-18,ma,202251,8.02983,8.02983,first
2022-12-25,ma,202252,7.07289,7.07289,first
2023-01-01,ma,202301,4.29767,4.29767,first
2023-01-08,ma,202302,2.63512,2.63512,first
2023-01-15,ma,202303,2.03749,2.03749,first
2023-01-22,ma,202304,1.83873,1.83873,first
2023-01-29,ma,202305,1.67517,1.67517,first
2023-02-05,ma,202306,1.6824,1.6824,first
2023-02-12,ma,202307,1.84938,1.84938,first
2023-02-19,ma,202308,1.60867,1.60867,first
2023-02-26,ma,202309,1.43821,1.43821,first
2023-03-05,ma,202310,1.56468,1.56468,first
2023-03-12,ma,202311,1.48815,1.48815,first
2023-03-19,ma,202312,1.62051,1.62051,first
2023-03-26,ma,202313,1.66633,1.66633,first
2023-04-02,ma,202314,1.57502,1.57502,first
2023-04-09,ma,202315,1.54285,1.54285,first
2023-04-16,ma,202316,1.29634,1.29634,first
2023-04-23,ma,202317,1.23584,1.23584,first
2023-04-30,ma,202318,1.20914,1.20914,first
2023-05-07,ma,202319,1.34081,1.34081,first
2023-05-14,ma,202320,1.28343,1.28343,first
2023-05-21,ma,202321,1.25978,1.25978,first
2023-05-28,ma,202322,1.24987,1.24987,first
2023-06-04,ma,202323,1.15701,1.15701,first
2023-06-11,ma,202324,1.04993,1.04993,first
2023-06-18,ma,202325,1.04484,1.04484,first
2023-06-25,ma,202326,0.832781,0.832781,first
2023-07-02,ma,202327,0.79149,0.79149,first
2023-07-09,ma,202328,0.777532,0.777532,first
2023-07-16,ma,202329,0.731307,0.731307,first
2023-07-23,ma,202330,0.76417,0.76417,first
2023-07-30,ma,202331,0.748797,0.748797,first
2023-08-06,ma,202332,0.754659,0.754659,first
2023-08-13,ma,202333,0.756351,0.756351,first
2023-08-20,ma,202334,0.851958,0.851958,first
2023-08-27,ma,202335,0.816697,0.816697,first
2023-09-03,ma,202336,0.956397,0.956397,first
2023-09-10,ma,202337,1.03396,1.03396,first
2023-09-17,ma,202338,1.19693,1.19693,first
2023-09-24,ma,202339,1.2868,1.2868,first
2023-10-01,ma,202340,1.34188,1.34188,first
2023-10-08,ma,202341,1.29305,1.29305,first
2023-10-15,ma,202342,1.46699,1.46699,first
2023-10-22,ma,202343,1.37668,1.37668,first
2023-10-29,ma,202344,1.70609,1.70609,first
2023-11-05,ma,202345,1.82594,1.82594,first
2023-11-12,ma,202346,1.96697,1.96697,first
2023-11-19,ma,202347,2.4731,2.4731,first
2023-11-26,ma,202348,2.65052,2.65052,first
2023-12-03,ma,202349,2.98522,2.98522,first
2023-12-17,ma,202351,4.76449,4.76449,first
2023-12-24,ma,202352,5.93732,5.93732,first
2023-12-31,ma,202401,4.90838,4.90838,first
2024-01-07,ma,202402,4.26483,4.26483,first
2024-01-14,ma,202403,3.7592,3.7592,first
2024-01-21,ma,202404,3.94024,3.94024,first
2024-01-28,ma,202405,3.90971,3.90971,first
2024-02-04,ma,202406,4.31495,4.31495,first
2024-02-11,ma,202407,4.21195,4.21195,first
2024-02-18,ma,202408,4.35077,4.35077,first
2024-02-25,ma,202409,4.05134,4.05134,first
2024-03-03,ma,202410,3.69284,3.69284,first
2024-03-10,ma,202411,3.26134,3.26134,first
2024-03-17,ma,202412,3.17203,3.17203,first
2024-03-24,ma,202413,3.20037,3.20037,first
2024-03-31,ma,202414,3.10309,3.10309,first
2024-04-07,ma,202415,2.76766,2.76766,first
2024-04-14,ma,202416,2.14241,2.14241,first
2024-04-21,ma,202417,1.70659,1.70659,first
2024-04-28,ma,202418,1.72465,1.72465,first
2024-05-05,ma,202419,1.47334,1.47334,first
2024-05-12,ma,202420,1.32389,1.32389,first
2024-05-19,ma,202421,1.26002,1.26002,first
2024-05-26,ma,202422,1.15332,1.15332,first
2024-06-02,ma,202423,1.01302,1.01302,first
2024-06-09,ma,202424,1.02298,1.02298,first
2024-06-16,ma,202425,0.915502,0.915502,first
2024-06-23,ma,202426,0.840963,0.840963,first
2024-06-30,ma,202427,0.9112,0.9112,first
2024-07-07,ma,202428,0.857496,0.857496,first
2024-07-14,ma,202429,0.847223,0.847223,first
2024-07-21,ma,202430,0.868074,0.868074,first
2024-07-28,ma,202431,0.913891,0.913891,first
2024-08-04,ma,202432,0.913264,0.913264,first
2024-08-11,ma,202433,0.925606,0.925606,first
2024-08-18,ma,202434,1.00869,1.00869,first
2024-08-25,ma,202435,1.00108,1.00108,first
2024-09-01,ma,202436,1.13013,1.13013,first
2024-09-08,ma,202437,1.29578,1.29578,first
2024-09-15,ma,202438,1.4028,1.4028,first
2024-09-22,ma,202439,1.33294,1.33294,first
2024-09-29,ma,202440,1.4973,1.4973,first
2024-10-06,ma,202441,1.51127,1.51127,first
2024-10-13,ma,202442,1.75567,1.75567,first
2024-10-20,ma,202443,1.78151,1.78151,first
2024-10-27,ma,202444,1.80737,1.80737,first
2024-11-03,ma,202445,1.86602,1.86602,first
2024-11-10,ma,202446,1.83866,1.83866,first
2024-11-17,ma,202447,1.96497,1.96497,first
2024-11-24,ma,202448,2.28857,2.28857,first
2024-12-01,ma,202449,2.35135,2.35135,first
2024-12-08,ma,202450,2.71904,2.71904,first
2024-12-15,ma,202451,3.4621,3.4621,first
2024-12-22,ma,202452,5.17593,5.17593,first
2024-12-29,ma,202501,5.75878,5.75878,first
2025-01-05,ma,202502,5.16675,5.16675,first
2025-01-12,ma,202503,6.91845,6.91845,first
2025-01-19,ma,202504,8.93429,8.93429,first
2025-01-26,ma,202505,10.5448,10.5448,first
2025-02-02,ma,202506,11.4565,11.4565,first
2025-02-09,ma,202507,10.1526,10.1526,first
2025-02-16,ma,202508,8.0861,8.0861,first
2025-02-23,ma,202509,6.11244,6.11244,first
2025-03-02,ma,202510,4.73947,4.73947,first
2025-03-09,ma,202511,3.85717,3.85717,first
2025-03-16,ma,202512,3.1257,3.1257,first
2025-03-23,ma,202513,2.81319,2.81319,first
2025-03-30,ma,202514,2.66542,2.66542,first
2025-04-06,ma,202515,2.4429,2.4429,first
2025-04-13,ma,202516,2.17559,2.17559,first
2025-04-20,ma,202517,1.88548,1.88548,first
2025-04-27,ma,202518,1.45699,1.45699,first
2025-05-04,ma,202519,1.22717,1.22717,first
2025-05-11,ma,202520,1.2085,1.2085,first
2025-05-18,ma,202521,1.14466,1.14466,first
2025-05-25,ma,202522,1.25845,1.25845,first
2025-06-01,ma,202523,1.04497,1.04497,first
2025-06-08,ma,202524,0.984323,0.984323,first
2025-06-15,ma,202525,0.981405,0.981405,first
2025-06-22,ma,202526,0.873477,0.873477,first
2025-06-29,ma,202527,0.79899,0.79899,first
2025-07-06,ma,202528,0.763704,0.763704,first
2025-07-13,ma,202529,0.719868,0.719868,first
2025-07-20,ma,202530,0.692931,0.692931,first
2025-07-27,ma,202531,0.62473,0.62473,first
2025-08-03,ma,202532,0.6391,0.6391,first
2025-08-10,ma,202533,0.657268,0.657268,first
2025-08-17,ma,202534,0.655216,0.655216,first
2025-08-24,ma,202535,0.91765,0.91765,first
2025-08-31,ma,202536,0.890449,0.890449,first
2025-09-07,ma,202537,0.952963,0.952963,first
2025-09-14,ma,202538,1.14182,1.14182,first
2026-01-11,ma,202602,5.74856,5.74856,first
2026-01-18,ma,202603,4.32221,4.32221,first
2026-01-25,ma,202604,3.20775,3.20775,first
2026-02-01,ma,202605,3.06911,3.06911,first
2026-02-08,ma,202606,3.2179,3.2179,first
2026-02-15,ma,202607,3.54918,3.54918,first
2026-02-22,ma,202608,3.02648,3.02648,first
2026-03-01,ma,202609,2.5804,2.5804,first
2026-03-08,ma,202610,2.80595,2.80595,first
2026-03-15,ma,202611,2.96797,2.96797,first
2026-03-22,ma,202612,3.2445,3.2445,first
2026-03-29,ma,202613,3.20792,3.20792,first
2026-04-05,ma,202614,2.7247,2.7247,first
2026-04-12,ma,202615,2.20545,2.20545,first
2026-04-19,ma,202616,1.64143,1.64143,first
2026-04-26,ma,202617,1.41264,1.41264,first
2026-05-03,ma,202618,1.25176,1.25176,first
2026-05-10,ma,202619,1.31519,1.31519,first
2026-05-17,ma,202620,1.10055,1.10055,first
2026-05-24,ma,202621,0.981771,0.981771,first
2026-05-31,ma,202622,0.947989,0.947989,first
2026-06-07,ma,202623,0.806187,0.806187,first
2026-06-14,ma,202624,0.795737,0.795737,first
2026-06-21,ma,202625,0.7116,0.7116,first
2026-06-28,ma,202626,0.764587,0.764587,first
2026-07-05,ma,202627,0.699927,0.699927,first
2026-07-12,ma,202628,0.622309,0.622309,first
2026-07-19,ma,202629,0.58786,0.58786,first
2026-07-26,ma,202630,0.600732,0.600732,first
2026-08-02,ma,202631,0.547949,0.547949,first
2026-08-09,ma,202632,0.507749,0.507749,first
2026-08-16,ma,202633,0.628008,0.628008,first
2026-08-23,ma,202634,0.62633,0.62633,first
2026-08-30,ma,202635,0.684706,0.684706,first
