model,variant,segment,scope,neighborhood,horizon,n_obs,RMSE,MAPE,MAE,Corr,MAPE_n,R2,Spearman,CCC,CI_coverage
dualtopo_fullhistory,full,overall,neighborhood,Allston/Brighton,4,49,15.688054637062349,57.13315442617212,9.05067150933402,0.5790272062225283,49.0,0.253008980274986,0.7477965168404689,0.4253895135639647,91.83673469387756
dualtopo_fullhistory,full,overall,neighborhood,Back Bay/Beacon Hill/Downtown/North End/West End,4,46,9.234776911333622,69.60186777550923,5.778062177741009,0.6778410375699425,46.0,0.4493845640209787,0.7654738662832292,0.6266025749122156,95.65217391304348
dualtopo_fullhistory,full,overall,neighborhood,Charlestown,4,35,17.84267510712565,109.17587711876739,12.597882052830288,0.6820383573269598,35.0,0.33840920430699173,0.6122452365847911,0.635806534557668,94.28571428571428
dualtopo_fullhistory,full,overall,neighborhood,Dorchester,4,49,59.39522054356908,52.324728983289546,30.367500344101263,0.17570564795443885,49.0,-0.1822385554876027,0.6735886121735735,0.10524056402980385,75.51020408163265
dualtopo_fullhistory,full,overall,neighborhood,East Boston,4,44,8.128253738316417,92.3903778766401,5.748515313321894,0.8080143684711143,44.0,0.6047425473095045,0.6811283349634566,0.7088713803778377,97.72727272727273
dualtopo_fullhistory,full,overall,neighborhood,Fenway,4,43,5.42873653513313,63.469403787650215,3.3094372194866803,0.3482996510658272,43.0,0.003997140587383097,0.5164285051603165,0.2736830512805417,88.37209302325581
dualtopo_fullhistory,full,overall,neighborhood,Hyde Park,4,46,21.919780347697547,65.66817875007243,11.426605431929879,0.11034913069920896,46.0,-0.17231417634439983,0.5476553698189937,0.07290408060297887,89.13043478260869
dualtopo_fullhistory,full,overall,neighborhood,Jamaica Plain,4,46,14.77859547853553,77.03686924650553,7.493649099184119,0.025093720529294823,46.0,-0.15257758190849957,0.6083676338027098,0.01287056050688411,86.95652173913044
dualtopo_fullhistory,full,overall,neighborhood,Mattapan,4,47,24.19240473811668,80.4719375440877,12.992836871045702,0.05953306246842558,47.0,-0.14174133310803594,0.5839139605720888,0.03797922116250081,89.36170212765957
dualtopo_fullhistory,full,overall,neighborhood,Roslindale,4,42,37.066063316993926,77.9774091088074,19.532366162254696,0.3898745392274124,42.0,0.08732866430394715,0.5921137381923265,0.23179625293570072,83.33333333333334
dualtopo_fullhistory,full,overall,neighborhood,Roxbury,4,49,55.46648266096614,63.588722275933584,30.064124165749064,0.08446645225690957,49.0,-0.22446820370440923,0.5841476872734189,0.04859633828666626,73.46938775510205
dualtopo_fullhistory,full,overall,neighborhood,South Boston,4,42,14.76420333198859,49.974033206238985,7.837503138042631,0.10048501709435916,42.0,-0.25399972914085445,0.589948849968446,0.050970872203979,85.71428571428571
dualtopo_fullhistory,full,overall,neighborhood,South End,4,49,35.43571634349567,59.63516106435067,18.49993645415014,0.05152297597306025,49.0,-0.22772150108575628,0.6104654857664649,0.025349659236914263,81.63265306122449
dualtopo_fullhistory,full,overall,neighborhood,West Roxbury,4,40,17.40614611024491,53.71667937703276,8.743031668663026,0.47630244112129705,40.0,0.1851058373908081,0.6663050959992649,0.30753748783474416,92.5
dualtopo_fullhistory,full,overall,macro,AVERAGE,4,627,24.053364985755657,69.44031432436125,13.103008686273887,0.3263252577129128,627.0,0.04049398981536011,0.6271127780999678,0.25454272082088564,87.53446508843864
dualtopo_fullhistory,full,overall,pooled,ALL,4,627,29.753754486572884,68.7206542292455,13.386503056095737,0.3710977368941495,627.0,0.08414909817937222,0.6811671008916692,0.2631333865355043,87.24082934609251
dualtopo_fullhistory,full,overall,cross_week,ALL,4,49,,,,,,,0.5905013116871558,0.4822356646459175,
dualtopo_fullhistory,full,flu_season,neighborhood,Allston/Brighton,4,26,21.28604382997385,58.93121642665762,14.611479043960571,0.3945990508894927,26.0,0.009332228039113932,0.47291034575270535,0.2541865928570099,84.61538461538461
dualtopo_fullhistory,full,flu_season,neighborhood,Back Bay/Beacon Hill/Downtown/North End/West End,4,26,12.079749733246306,65.43067037558595,8.490247121224037,0.5322837407539169,26.0,0.24246858729415266,0.505248620185605,0.47250024555483755,92.3076923076923
dualtopo_fullhistory,full,flu_season,neighborhood,Charlestown,4,21,22.77565553629871,153.64992197009317,18.643133980887278,0.6640053629028159,21.0,0.2597618188659201,0.7169400030395452,0.5454336313192611,90.47619047619048
dualtopo_fullhistory,full,flu_season,neighborhood,Dorchester,4,26,81.11907687987953,54.154473229352185,50.977247091440056,-0.09907835369585154,26.0,-0.6692002998259998,0.321025641025641,-0.05078491616553475,53.84615384615385
dualtopo_fullhistory,full,flu_season,neighborhood,East Boston,4,25,10.484638017031049,102.02562087791569,8.374014091491699,0.7556238562591348,25.0,0.5058366125101794,0.6675689577890316,0.6179154463910833,96.0
dualtopo_fullhistory,full,flu_season,neighborhood,Fenway,4,25,6.906388929084265,41.049511103745836,4.438319568634033,0.10430656810268742,25.0,-0.614567797714026,0.21694799425605374,0.07396136736681251,80.0
dualtopo_fullhistory,full,flu_season,neighborhood,Hyde Park,4,25,29.567415598677307,77.18019331044381,18.946620635986328,-0.16678712155665887,25.0,-0.4884410899115117,0.09036575532893636,-0.0986486613602554,80.0
dualtopo_fullhistory,full,flu_season,neighborhood,Jamaica Plain,4,24,20.369693524215073,86.20193488376145,12.76144951581955,-0.27500860531429216,24.0,-0.4943323522410321,-0.01613967197658458,-0.12150740894249183,75.0
dualtopo_fullhistory,full,flu_season,neighborhood,Mattapan,4,26,32.21336549775088,68.47619395810088,20.015089952028713,-0.17808539834179923,26.0,-0.4532978600094366,0.2403989502339713,-0.1016735880080959,80.76923076923077
dualtopo_fullhistory,full,flu_season,neighborhood,Roslindale,4,26,46.695128853762334,93.46560708557014,27.912187356215256,0.24242329585040534,26.0,-0.05080880609706373,0.41858023901829583,0.12711200981810006,76.92307692307693
dualtopo_fullhistory,full,flu_season,neighborhood,Roxbury,4,26,75.39650458351841,62.00063760465751,48.8458656164316,-0.17815579382266536,26.0,-0.6342354116385569,0.15186892904759572,-0.08919074847186959,57.692307692307686
dualtopo_fullhistory,full,flu_season,neighborhood,South Boston,4,25,18.974108356247964,51.15741029279809,11.571910133361817,-0.09518026886754448,25.0,-0.582989699133831,0.2945979324230599,-0.04240792577751633,76.0
dualtopo_fullhistory,full,flu_season,neighborhood,South End,4,26,48.34653496729749,69.55100556074055,30.841386244847225,-0.2012457281542591,26.0,-0.5986698063948617,0.2109629341572413,-0.08476879064234977,65.38461538461539
dualtopo_fullhistory,full,flu_season,neighborhood,West Roxbury,4,25,21.83010677942073,57.58905167327565,12.066972045898437,0.36771808829571817,25.0,0.08286319781972062,0.5635734657990414,0.20447336827997234,88.0
dualtopo_fullhistory,full,flu_season,macro,AVERAGE,4,352,32.00317222045742,74.34738916804989,20.606851599873327,0.13338704952150718,352.0,-0.24902004845980233,0.34677500686286716,0.12190004444421167,78.35818942961801
dualtopo_fullhistory,full,flu_season,pooled,ALL,4,352,39.40136685108384,73.27498406333522,20.814652207222853,0.24853560335607694,352.0,-0.068921103870901,0.49816218616900443,0.16373106251488176,78.125
dualtopo_fullhistory,full,flu_season,cross_week,ALL,4,26,,,,,,,0.5425823446439793,0.3821617520366977,
dualtopo_fullhistory,full,off_season,neighborhood,Allston/Brighton,4,23,3.483817535383565,55.10056259953635,2.7645412527996562,0.6032697454116103,23.0,0.25450925077655917,0.2611226891901998,0.4155369401485405,100.0
dualtopo_fullhistory,full,off_season,neighborhood,Back Bay/Beacon Hill/Downtown/North End/West End,4,20,2.5397009433411273,75.02442439540945,2.2522217512130736,0.64069534559458,20.0,0.39921570198727974,0.5841708988795524,0.5463357160212561,100.0
dualtopo_fullhistory,full,off_season,neighborhood,Charlestown,4,14,4.219823430417694,42.464809841778724,3.530004160744803,0.6112748168803899,14.0,0.36750685515305825,0.6228493850557765,0.5457245593247283,100.0
dualtopo_fullhistory,full,off_season,neighborhood,Dorchester,4,23,8.782142126527972,50.25632244426221,7.069525760153065,0.7039523592000063,23.0,0.4821555137917204,0.48616600790513836,0.6791042767812697,100.0
dualtopo_fullhistory,full,off_season,neighborhood,East Boston,4,19,2.891216553375092,79.71242655917219,2.293911657835308,0.5124653128780428,19.0,0.19893411072857559,0.2295488727184503,0.316925353884807,100.0
dualtopo_fullhistory,full,off_season,neighborhood,Fenway,4,18,2.0385936713658968,94.60814362640626,1.7415450678931341,0.36345802073377836,18.0,-0.07479254274148639,0.06918910832541371,0.26053689667635205,100.0
dualtopo_fullhistory,full,off_season,neighborhood,Hyde Park,4,21,3.423516800695285,51.96339951153508,2.4742063794817244,0.6791739092092922,21.0,0.4448438907759641,0.41781771514030325,0.6253705925967507,100.0
dualtopo_fullhistory,full,off_season,neighborhood,Jamaica Plain,4,22,2.00602202636769,67.03861582404448,1.7469577355818315,0.7576054611112947,22.0,0.40517529616091297,0.7024153817052722,0.6007208540392308,100.0
dualtopo_fullhistory,full,off_season,neighborhood,Mattapan,4,21,5.012276241865312,95.32381055530946,4.298618770781017,0.557803786457319,21.0,-0.5925078472386782,0.43655305477091344,0.409387978129862,100.0
dualtopo_fullhistory,full,off_season,neighborhood,Roslindale,4,16,7.953759201663613,52.80908739656797,5.915156722068787,0.5941347623910067,16.0,0.27916206279099154,0.3961671587410273,0.3943986993825365,93.75
dualtopo_fullhistory,full,off_season,neighborhood,Roxbury,4,23,11.324365327178619,65.38394842607174,8.832590351934018,0.5384888512157513,23.0,0.2721403602183682,0.43142191969816257,0.47921562430583614,91.30434782608695
dualtopo_fullhistory,full,off_season,neighborhood,South Boston,4,17,3.0177095260630153,48.23377278482854,2.3457281449261833,0.31480579513584006,17.0,-0.09210510991785803,0.19355628258171892,0.27403842478440416,100.0
dualtopo_fullhistory,full,off_season,neighborhood,South End,4,23,5.735989051254432,48.42594554669256,4.5487323429273525,0.4971293041677539,23.0,0.19415342722033146,0.5647580040736698,0.4506947262454464,100.0
dualtopo_fullhistory,full,off_season,neighborhood,West Roxbury,4,15,3.697907934900359,47.262725549961296,3.2031310399373374,0.3319096566564559,15.0,0.041045362209121694,0.4537790317347395,0.2576296378708752,100.0
dualtopo_fullhistory,full,off_season,macro,AVERAGE,4,275,4.723345740742834,62.40057107582687,3.7869193670198067,0.5504405090745087,275.0,0.1842454522796329,0.41782253646573836,0.4468300200137068,98.93245341614907
dualtopo_fullhistory,full,off_season,pooled,ALL,4,275,5.594032295993841,62.89111204161064,3.878472142653032,0.7545212103167915,275.0,0.5689903396803808,0.7062426212950785,0.7258767702012892,98.9090909090909
dualtopo_fullhistory,full,off_season,cross_week,ALL,4,23,,,,,,,0.6446705787794424,0.5953626962911224,
