model,variant,neighborhood,CI_coverage_flu_season,CI_coverage_off_season,CI_coverage_overall,Corr_flu_season,Corr_off_season,Corr_overall,MAE_flu_season,MAE_off_season,MAE_overall,MAPE_flu_season,MAPE_off_season,MAPE_overall,RMSE_flu_season,RMSE_off_season,RMSE_overall,target_kind,normalize,n_params,git_sha,mean_rank
dualtopo,post_covid,ALMIRANTE BROWN,100.0,100.0,100.0,0.7024203201818818,0.5377350674835601,0.7986083111676896,4.275426717904898,4.863864050971137,4.575196680032982,18.35558480717038,75.39208899930968,47.41191713146776,5.119378718998375,6.0371932421111465,5.605753379984267,level,train,479905,,1.0
gnn_st,post_covid,ALMIRANTE BROWN,100.0,100.0,100.0,0.6234381742248055,0.1354031890773441,0.6873508686534042,7.30115897838886,7.09860356648763,7.197970372325969,33.94973756243537,77.88747072188393,56.333111058758234,8.591415390426034,8.56568212678054,8.578315637878077,blend,train,15726,,2.6666666666666665
arima,post_covid,ALMIRANTE BROWN,100.0,100.0,100.0,0.0904694613877822,-0.1567152776912916,0.3322178695529312,5.82602100089188,8.028849399484008,6.948216600174662,24.14935861511037,137.26529232753052,81.7744569214376,7.605865614921344,10.576114904638924,9.239111449980689,level,none,,,4.0
gat,post_covid,ALMIRANTE BROWN,100.0,100.0,100.0,0.6483592063683653,0.2304671020736731,0.7370068629447302,10.320712969853329,5.533441331651476,7.881914210769366,43.85254270338281,85.75502934182721,65.19909250032619,11.668158644552424,7.068167715293807,9.604133289652315,level,,8129,,3.6666666666666665
persistence,post_covid,ALMIRANTE BROWN,100.0,92.5925925925926,96.22641509433964,0.0904694613877823,-0.1567152776912917,0.3322178695529312,7.51043931334855,9.892130809940692,8.72375384934832,30.43127333691253,128.14922455568149,80.21211641062503,9.300121241056896,11.85426165012278,10.677903169220082,level,none,0,,5.666666666666667
lstm,post_covid,ALMIRANTE BROWN,100.0,100.0,100.0,-0.3302223785009255,0.1662711530593341,0.42203854129821,10.074446309761084,9.896284972445445,9.983684873770098,44.75689515907091,93.14596684543368,69.40793167853873,12.11631891483179,12.021551650266082,12.068134241185945,level,train,22995,,7.0
xgboost,post_covid,ALMIRANTE BROWN,100.0,100.0,100.0,0.4809032432688988,0.3581941411331127,0.7102429311002614,13.018434995755076,7.899745467186839,10.410800707616538,58.43027515845273,65.36181577328405,61.961437358461126,14.775896477489551,9.856707290996034,12.513902726907608,climatology,,,,6.666666666666667
xgboost_nodemo,post_covid,ALMIRANTE BROWN,100.0,100.0,100.0,0.3769602793529939,0.2920818615039399,0.6767390412683608,13.687292688997411,7.200000061601084,10.382445501455887,61.70191951359178,58.941899666217225,60.29587166681607,16.223219144798676,9.07408972149307,13.078983314242429,climatology,,,,7.0
seasonal_naive,post_covid,ALMIRANTE BROWN,100.0,100.0,100.0,0.5764899171188307,0.257802955633925,0.6898715911119276,12.857188141502991,8.479873978559915,10.627235643399914,51.66292515585186,70.03390988538469,61.02172869731197,16.08225696060215,9.737134733182655,13.235552549603582,level,none,0,,7.333333333333333
dualtopo,post_covid,AVELLANEDA,100.0,100.0,100.0,0.8616229444120068,0.4946024406669359,0.8951325675751967,27.363134530874397,18.23142355459708,22.711130825978405,14.111292092862447,16.238741961139088,15.195087308776964,33.77083347575622,26.40083909436093,30.24157929475163,level,train,479905,,1.6666666666666667
gnn_st,post_covid,AVELLANEDA,100.0,96.29629629629628,98.1132075471698,0.5207963260706071,0.4647023076109772,0.7932660196556673,35.938643822303185,21.819259643554688,28.745749995393577,21.210981707942935,20.22837068889105,20.71040628314292,44.068571434924706,27.688441173594043,36.65045434891175,blend,train,15726,,3.0
gat,post_covid,AVELLANEDA,100.0,92.5925925925926,96.22641509433964,0.6166397421062837,0.2222072252796351,0.7876387405903746,33.22814765343299,28.724653455946186,30.933914760373675,19.127300692543617,27.30944153436789,23.29556112139749,40.8761072062646,34.987727807288906,37.990582068019314,level,,8129,,3.3333333333333335
xgboost_nodemo,post_covid,AVELLANEDA,100.0,100.0,100.0,0.6255211353025585,0.7297623101107577,0.8312944324806179,42.72700357280762,18.22637349705302,30.24555051534773,24.706976681715904,16.157109966887973,20.35138420435073,52.101916882957184,24.404616733736656,40.43645303358976,climatology,,,,3.0
xgboost,post_covid,AVELLANEDA,100.0,100.0,100.0,0.6120975914577698,0.7518853364903628,0.8281833635121878,44.059181179720376,19.670128874532708,31.634569628021005,25.34574270609426,17.355987787564732,21.275490200428276,52.17990590543152,25.72995326332203,40.90166081671477,climatology,,,,4.0
seasonal_naive,post_covid,AVELLANEDA,92.3076923076923,100.0,96.22641509433964,0.8103924933372468,0.5051100702635569,0.8579315789269353,42.26485192547322,28.79899330488904,35.40488621310015,22.597266532533727,29.289714377225195,26.00662675530108,54.852209071596775,35.83292221165263,46.153116848283545,level,none,0,,6.333333333333333
arima,post_covid,AVELLANEDA,88.46153846153845,92.5925925925926,90.56603773584906,0.0561279615778625,-0.0309755456513282,0.4735156818115378,37.68415577492371,42.77237932939928,40.276269661165976,19.000471993636552,45.44315544560936,32.47127299747174,53.38435323734315,46.85784654822375,50.16574012841928,level,none,,,7.0
lstm,post_covid,AVELLANEDA,88.46153846153845,96.29629629629628,92.45283018867924,-0.5613898212565538,0.2561716821586721,0.389856120850628,51.81946734053228,33.30168800283253,42.38588164019466,27.266022384439403,30.66314929182371,28.996634205182342,70.13757578323602,41.796113255665375,57.473205439340454,level,train,22995,,8.0
persistence,post_covid,AVELLANEDA,84.61538461538461,85.18518518518519,84.90566037735849,0.0432683495198503,-0.0274982378783402,0.4749911728856529,47.37137525788989,40.054583060508726,43.643952817714585,25.249718274464673,37.460589652987935,31.470350863523688,64.64178417077468,49.80319218697,57.56247327815948,level,none,0,,8.666666666666666
gnn_st,post_covid,EZEIZA,100.0,100.0,100.0,0.8841249356511063,0.6903871113676165,0.9384036192156712,10.8546882042518,11.571761943675854,11.219989920562169,8.866778392056931,26.08702168825186,17.6393551655902,14.784032034744753,15.375244439433198,15.088110717198926,blend,train,15726,,2.0
xgboost,post_covid,EZEIZA,100.0,100.0,100.0,0.8018723689424404,0.808285293867874,0.9374971396788822,16.269652035412623,8.658858672293121,12.392455416464951,13.111672733682228,18.936889183864572,16.07923583094493,19.354136291568864,10.526503164021143,15.498596187607816,climatology,,,,1.6666666666666667
xgboost_nodemo,post_covid,EZEIZA,100.0,100.0,100.0,0.7938819062905841,0.7121953086747627,0.9238903255650042,16.708544952420155,10.557267504114668,13.574875308943772,13.338638110576,23.479407555625524,18.50469046937481,19.51278952907975,12.90210576168851,16.479838928433395,climatology,,,,2.6666666666666665
dualtopo,post_covid,EZEIZA,100.0,100.0,100.0,0.8989331150344649,0.7674975203223114,0.9122956684359284,20.85019522446853,12.88925368697555,16.794621233670217,18.1291832176266,31.819659962295223,25.10357703094836,22.854546760632584,15.019849954381469,19.265609745596528,level,train,479905,,3.6666666666666665
gat,post_covid,EZEIZA,100.0,100.0,100.0,0.8928906357825995,0.7764754319176125,0.9470102204481156,23.75476514376127,16.02417175858109,19.816538324895895,19.45915962559791,42.623205553724226,31.259711324832075,28.723813623245423,18.274139531941415,23.976398354845948,level,,8129,,5.0
persistence,post_covid,EZEIZA,96.15384615384616,100.0,98.1132075471698,0.5343000733871324,0.4661234515664095,0.7838183401880471,22.865711091167768,19.647856738635895,21.22642679836852,18.307879602840508,42.56728400484646,30.66644410952278,29.25258334343641,26.35637502963725,27.814864380182108,level,none,0,,6.666666666666667
seasonal_naive,post_covid,EZEIZA,100.0,100.0,100.0,0.6326400800259061,0.5996978821464175,0.78218289426436,28.66802842982804,14.483172226421978,21.441780929979664,23.853050774409184,33.61967097787726,28.828498802591035,35.14821828938701,18.915001135736382,28.076820059598525,level,none,0,,6.666666666666667
lstm,post_covid,EZEIZA,80.76923076923077,100.0,90.56603773584906,-0.5706261800277403,0.2130614817652093,0.3399474688910885,44.14441647510564,19.448177080196345,31.56331338713298,33.60863666933411,50.4390588373568,42.1826253209683,54.088158878684695,23.919368325990646,41.55274645081901,level,train,22995,,8.0
arima,post_covid,EZEIZA,80.76923076923077,88.88888888888889,84.90566037735849,,,,37.04665190191697,37.10895066213584,37.07838900617941,28.191952289167972,96.80555826352622,63.14605344591651,44.55148206610126,39.9177893667019,42.25446407708268,level,none,,,8.666666666666666
xgboost,post_covid,FLORENCIO VARELA,100.0,100.0,100.0,0.7693598079428492,0.6544440085637581,0.8892308906476636,13.752426571140614,7.758943027885681,10.699142501935272,19.05671924741129,26.130568289346428,22.660378193302773,17.39203235884749,9.741683928042534,14.026163883503758,climatology,,,,1.3333333333333333
gnn_st,post_covid,FLORENCIO VARELA,100.0,100.0,100.0,0.7282572481754199,0.8410195544848406,0.8862347529744949,15.533129178560698,5.968535741170247,10.660600446305184,19.181870245988144,17.091193166247436,18.116808337440993,20.330618966547775,8.257678848602387,15.411216067341105,blend,train,15726,,2.0
xgboost_nodemo,post_covid,FLORENCIO VARELA,100.0,100.0,100.0,0.7420229307398446,0.6592868147916472,0.8756561299533262,14.874444581038793,9.336375363137044,12.053164036069978,19.7482236895346,25.13508824192432,22.492475442638792,18.49356617216626,12.448010942801242,15.707252319398536,climatology,,,,4.0
dualtopo,post_covid,FLORENCIO VARELA,100.0,100.0,100.0,0.5338308580357665,0.6564435077638986,0.7767230525397593,23.2744570512038,8.52080069647895,15.75844343653265,30.77547500796184,27.208634361049576,28.9584052444405,26.977515974049744,10.645058850846352,20.36553325657558,level,train,479905,,4.333333333333333
gat,post_covid,FLORENCIO VARELA,96.15384615384616,100.0,98.1132075471698,0.3502549154428045,0.6288923679919816,0.7569075650657191,23.11808600792518,8.472942422937464,15.657352483497476,29.119478295253877,30.737912765608144,29.94396378015134,28.34638069231639,10.108009659157362,21.124112109275007,level,,8129,,4.666666666666667
seasonal_naive,post_covid,FLORENCIO VARELA,100.0,100.0,100.0,0.6029944961636614,0.7310031757953086,0.8111435292271779,22.886348130640915,11.526675749239518,17.09934521936096,30.36917883086864,34.439372043538505,32.4426734863797,28.005602094215657,13.899048457548036,21.98117258784023,level,none,0,,6.333333333333333
persistence,post_covid,FLORENCIO VARELA,88.46153846153845,96.29629629629628,92.45283018867924,0.3158521756440321,0.7548563751130745,0.6672355768240452,23.296969813418155,8.811005863981794,15.917327801441145,29.48924240010047,27.347761639001973,28.398299370861608,33.513864682711656,11.27134526244204,24.813578268545175,level,none,0,,6.666666666666667
lstm,post_covid,FLORENCIO VARELA,92.3076923076923,100.0,96.22641509433964,-0.4348443533869128,0.7992992499101897,0.5398948053271442,28.791340087936597,8.02763582218816,18.213603952555317,32.530598729711244,24.607473046996343,28.494289419648933,39.82206621402521,10.635263620515431,28.906047995450944,level,train,22995,,6.666666666666667
arima,post_covid,FLORENCIO VARELA,65.38461538461539,100.0,83.01886792452831,,,,31.75088245660146,16.23313895090053,23.84561689709344,36.31779520337674,70.47292915437124,53.7175804236947,40.22085736840932,18.842937121363,31.21658095223318,level,none,,,9.0
xgboost,post_covid,GENERAL SAN MARTÍN,100.0,100.0,100.0,0.7594555067218838,0.669504840937023,0.81756066935282,13.367038987240475,8.821664770747985,11.051470990159396,36.955023252849784,31.76348866146248,34.25941875347561,16.671646045290032,11.66860368931868,14.34267859638762,climatology,,,,2.3333333333333335
gnn_st,post_covid,GENERAL SAN MARTÍN,100.0,100.0,100.0,0.5873901561074786,0.7396788064093621,0.756911610805805,15.823457057659445,6.948082888567889,11.302040028122237,44.79806077868538,32.59274601665887,38.46068580609469,19.297734008071995,9.173252615828185,15.018527676975582,blend,train,15726,,2.0
xgboost_nodemo,post_covid,GENERAL SAN MARTÍN,100.0,100.0,100.0,0.7203336367858282,0.7050075794464369,0.8079047896721196,14.50414372187024,8.838118804113789,11.617678197730164,40.65385139702798,36.17266153116387,38.32707973590624,18.641886064256443,10.794294060996942,15.16044443036205,climatology,,,,3.0
dualtopo,post_covid,GENERAL SAN MARTÍN,100.0,100.0,100.0,0.3697228307876666,0.4081718176057857,0.6151376464884752,17.197831300588753,10.239977801287615,13.653264423586288,40.909818313144434,55.52498085057616,48.49846039988784,22.16286077443419,11.817144875991463,17.666413604887957,level,train,479905,,4.666666666666667
lstm,post_covid,GENERAL SAN MARTÍN,100.0,100.0,100.0,0.1171610121520855,0.7055004028131084,0.5991438004326307,18.544892820423097,9.06707572296503,13.716570902850115,49.77754506785216,45.77338292468232,47.69846087812936,23.661281863117186,10.463533022641483,18.177516629939937,level,train,22995,,4.333333333333333
arima,post_covid,GENERAL SAN MARTÍN,80.76923076923077,100.0,90.56603773584906,0.0158771692540893,0.5599504416493185,0.3714846412145222,20.126380580147117,13.39854540940491,16.698992851655802,50.2853696114876,82.02618040624795,66.76617521645933,25.517869590368104,15.3398723225698,20.95980826678964,level,none,,,7.0
gat,post_covid,GENERAL SAN MARTÍN,96.15384615384616,100.0,98.1132075471698,0.574593786009536,0.3490110662971498,0.7000896089266341,27.03032266176664,10.297568497834382,18.50608940844266,68.92530703976473,61.34293742063937,64.98830742983425,32.11504558931114,12.20746942041845,24.122088188282618,level,,8129,,7.333333333333333
seasonal_naive,post_covid,GENERAL SAN MARTÍN,100.0,100.0,100.0,0.7210168789390718,0.6503099233639257,0.7979736560850517,26.63600566459054,8.75535371382374,17.52699429344519,75.21319178993369,50.88181936622437,62.57959456993076,33.31657070928316,10.312276851719425,24.468348223579753,level,none,0,,6.333333333333333
persistence,post_covid,GENERAL SAN MARTÍN,80.76923076923077,96.29629629629628,88.67924528301887,0.0187391639965277,0.559991434258359,0.3713457453921707,25.97864270427853,11.772456824596809,18.741529142931235,64.46352098063302,52.3350872329466,58.16606499625736,31.85092945126909,14.644819850153215,24.63592812303817,level,none,0,,8.0
arima,post_covid,JOSÉ C. PAZ,61.53846153846154,74.07407407407408,67.9245283018868,0.1135102470318289,0.5454155716273941,0.5874513049576374,126.72996020992622,57.71267730339939,91.57021231414842,32.05617223919512,39.56927463710321,35.88360176265773,172.78647780331588,67.21440911068125,130.18233317016072,level,none,,,1.3333333333333333
persistence,post_covid,JOSÉ C. PAZ,61.53846153846154,77.77777777777779,69.81132075471697,0.1290908380622131,0.5549313405125287,0.5882330632397932,126.42040642725672,55.59089451050112,90.33744752626802,32.0961988206243,38.10635144623936,35.15797468650367,175.98144470640426,66.22665664800282,132.01110461264162,level,none,0,,1.6666666666666667
gnn_st,post_covid,JOSÉ C. PAZ,30.76923076923077,51.85185185185185,41.509433962264154,0.3408600879198205,0.5798128202892385,0.7151310243454814,148.62137427696814,75.08201782791703,111.1579285387723,37.77855509078506,43.19890619015894,40.53986602820194,194.537272111278,91.70707111895156,151.1614501352012,blend,train,15726,,3.3333333333333335
gat,post_covid,JOSÉ C. PAZ,50.0,0.0,24.528301886792452,0.4872468517353754,0.3718068424582805,0.7489202576346189,135.67575062238254,137.92740613856802,136.82282041364684,38.815421968976594,88.68831843451613,64.22236922500619,181.6758820600652,150.3303961862205,166.44668451458222,level,,8129,,5.0
xgboost,post_covid,JOSÉ C. PAZ,0.0,7.4074074074074066,3.7735849056603774,0.7470635166355252,0.3426788502567592,0.8556135402340924,248.60607322929948,128.91007774200602,187.62886798105563,68.83812424408909,79.5018384819652,74.27058244074296,268.08841946585363,142.87068968036624,213.67323554274836,climatology,,,,5.333333333333333
xgboost_nodemo,post_covid,JOSÉ C. PAZ,0.0,3.7037037037037033,1.8867924528301887,0.7513997311670634,0.4579716956215374,0.8624191982304062,251.24066541739188,137.04298880518485,193.06449053947503,69.8049307768623,86.45259234795418,78.2858149734563,270.11673500632554,149.7382354409322,217.2912518501657,climatology,,,,6.333333333333333
seasonal_naive,post_covid,JOSÉ C. PAZ,26.923076923076923,40.74074074074074,33.9622641509434,-0.2075747238434379,0.5098614430111833,0.3187389547359668,224.27036558880764,112.47302006708966,167.31700088906453,59.24649332860423,76.51418963734335,68.04324427833924,281.79006619379817,132.27431503606465,218.78532710261712,level,none,0,,6.0
lstm,post_covid,JOSÉ C. PAZ,0.0,7.4074074074074066,3.7735849056603774,-0.5328176828147376,0.6449894700546198,0.2539490278574736,298.98666410812194,125.80062826764905,210.75981566108865,79.28779841730524,81.11746637721023,80.2198934157474,333.93830507507573,136.62395501173123,253.4058352423793,level,train,22995,,7.0
dualtopo,post_covid,JOSÉ C. PAZ,0.0,0.0,0.0,0.0344953312390953,0.0340268149180317,0.4935461985408521,316.9284007732685,151.79236009385852,232.80249325734263,86.91675280888217,97.22739007020678,92.16934160238716,343.82149610918754,165.07756598505642,268.0928460063166,level,train,479905,,9.0
arima,post_covid,LA MATANZA,96.15384615384616,100.0,98.1132075471698,0.1837919892008979,0.2541673489568278,0.6752566694597985,10.587226466898382,3.547425730051658,7.000912883976464,34.20066081784264,24.16677503946444,29.08905862885752,12.745323674388835,4.610842635063031,9.514181717986324,level,none,,,2.3333333333333335
persistence,post_covid,LA MATANZA,96.15384615384616,100.0,98.1132075471698,0.2244826694242084,0.1946004335969091,0.6929785516048549,10.33162683935231,4.364996677272,7.292022794518945,37.153543873122615,30.081390746526647,33.550748884102035,12.659459942208128,5.317284279905185,9.644819612344744,level,none,0,,2.6666666666666665
xgboost_nodemo,post_covid,LA MATANZA,100.0,100.0,100.0,0.5202610042746486,0.3940430399304677,0.7792139137320173,9.731084391427528,6.177029771138628,7.920528264110542,30.978409123351778,43.33290272334526,37.272207749763545,11.559549931946426,7.416132806128486,9.67312631840641,climatology,,,,3.0
gnn_st,post_covid,LA MATANZA,100.0,100.0,100.0,0.568857042351689,0.2577705284582077,0.8250238186453657,10.35773020524245,4.550925237161142,7.399546542257632,29.64250098240196,27.366853286000577,28.48320875970692,12.371423650930604,6.227019430560616,9.738370925144975,blend,train,15726,,3.3333333333333335
gat,post_covid,LA MATANZA,100.0,92.5925925925926,96.22641509433964,0.7601776164414263,0.2704428456818011,0.8820575806408817,8.52071631871737,8.505558367128726,8.51299434337976,25.845219811892512,57.60680218311018,42.02564856704113,10.245202127517285,9.635364386894988,9.939206716303053,level,,8129,,3.6666666666666665
seasonal_naive,post_covid,LA MATANZA,100.0,100.0,100.0,0.5591751355660359,-0.0208590977908391,0.7543932766926514,11.282069664242185,8.657578663123818,9.945064814615844,37.98571907870251,58.37897744781155,48.37473749315429,13.06174133702478,9.866352224999655,11.544948028342857,level,none,0,,6.333333333333333
xgboost,post_covid,LA MATANZA,100.0,100.0,100.0,0.587157710434055,0.52777472440688,0.8120295440860391,11.131076274751369,8.99063799104077,10.0406643188988,33.87954465824535,63.602596517812714,49.0214767376476,13.807969895639673,10.043113095074792,12.038062360463538,climatology,,,,7.333333333333333
lstm,post_covid,LA MATANZA,100.0,100.0,100.0,0.1304355648211326,-0.0186171837720419,0.5302097716350337,18.387611125168696,8.018936762087812,13.10545626095768,50.58188261235881,53.84107879722968,52.24222783861377,21.098582451291403,9.706838844690909,16.32102369583251,level,train,22995,,7.333333333333333
dualtopo,post_covid,LA MATANZA,96.15384615384616,96.29629629629628,96.22641509433964,0.6633442932936952,0.5105588831346441,0.8582428776514447,20.760537257561317,10.055863627681026,15.307212955546827,60.14771252124787,70.31658403269824,65.32808102708108,22.560840368512313,10.798481075956092,17.581172228536197,level,train,479905,,9.0
gnn_st,post_covid,LANÚS,100.0,100.0,100.0,0.7696674595853347,0.7431700108599616,0.895001713869096,13.88771761380709,10.839372564245153,12.334787116860443,14.183993261241062,24.00419361926226,19.186736839855634,18.436004819654187,13.52473767858874,16.12208341731242,blend,train,15726,,1.6666666666666667
xgboost,post_covid,LANÚS,100.0,100.0,100.0,0.83331968735363,0.7762771159457553,0.9113853368933206,13.79187323624933,11.607744995759893,12.679204132603768,14.230774476210406,23.883031890399455,19.147962215514266,17.798047285686344,15.613021287906635,16.7206382346706,climatology,,,,2.0
xgboost_nodemo,post_covid,LANÚS,100.0,100.0,100.0,0.8195476694961426,0.7671122559444221,0.902033821244528,14.170163711093997,12.124556005065926,13.128061672174038,14.504313769917292,24.251249760542304,19.469733991556453,18.028280901367765,16.542124009071568,17.287154201496424,climatology,,,,3.0
dualtopo,post_covid,LANÚS,100.0,100.0,100.0,0.7082376658711966,0.5055358577668351,0.8495633621092056,16.57953056922326,12.887211693657768,14.698537934501216,15.892588940660094,40.791200742377896,28.57678740568615,21.477415642894854,17.133712026517216,19.386580809661336,level,train,479905,,5.0
gat,post_covid,LANÚS,100.0,100.0,100.0,0.665054739035863,0.4683768771521135,0.8540610897643816,19.563772935133716,13.71352845651132,16.583459710175138,21.134994405127088,42.33926839791427,31.937171722207353,22.771640221554716,16.94336032670621,20.01571503123464,level,,8129,,5.333333333333333
seasonal_naive,post_covid,LANÚS,100.0,100.0,100.0,0.7194682905231198,0.468212413765175,0.8200039585568065,23.213653497198603,10.277649909359964,16.623613933582693,22.776119093614493,23.12550603999136,22.95410867007063,28.79403886055251,15.55332102921302,23.020896982466077,level,none,0,,4.666666666666667
persistence,post_covid,LANÚS,92.3076923076923,96.29629629629628,94.33962264150944,0.2934987475494985,0.5510167557625326,0.6891113825406998,28.60849322876738,14.806239400671693,21.57715637294505,28.588737346105393,32.55188903194408,30.607701412476047,36.31751719172328,18.62374760021847,28.700733257846966,level,none,0,,7.333333333333333
arima,post_covid,LANÚS,88.46153846153845,85.18518518518519,86.79245283018868,0.313247832091084,0.5347384603146675,0.6746367197198414,30.806324933963275,17.07233709578937,23.80976509187468,31.369508330996776,38.28814894978929,34.89409883490994,38.42315670795215,21.181928097193033,30.86764605268569,level,none,,,8.333333333333334
lstm,post_covid,LANÚS,88.46153846153845,100.0,94.33962264150944,-0.4529714103758174,0.6848515539593815,0.4490278785932219,34.397714325412565,13.414494040250965,23.70814927448119,32.164496481003646,29.549288759687816,30.83222084938992,44.745682893106334,16.83846205363408,33.565478754722164,level,train,22995,,7.666666666666667
arima,post_covid,LOMAS DE ZAMORA,88.46153846153845,100.0,92.6829268292683,-0.1612237695577228,0.0766218985542534,-0.1059439991496488,0.5514558434266464,0.4731008380643417,0.5227893780501934,113.61267959094046,123.70748299319727,117.43233493233492,0.705512648816819,0.5633991604254107,0.6570950435796474,level,none,,,1.3333333333333333
persistence,post_covid,LOMAS DE ZAMORA,88.46153846153845,100.0,92.6829268292683,0.0121077802711114,0.1322900153910132,0.0271250547220286,0.7575555020810497,0.444135480631831,0.6428896405752378,170.40615785181004,112.99319727891157,148.68233493233492,1.1173199448479936,0.5444665423037764,0.9487495952421344,level,none,0,,1.6666666666666667
gnn_st,post_covid,LOMAS DE ZAMORA,100.0,100.0,100.0,-0.0811188118246156,0.3822141165691651,0.0445582224580323,3.03561755327078,1.531878924369812,2.485469274404572,947.3133465227236,435.6206519182537,753.6998945102212,3.185992052537849,1.6235262184321892,2.720526043369606,blend,train,15726,,3.0
seasonal_naive,post_covid,LOMAS DE ZAMORA,100.0,100.0,100.0,-0.1776155072468097,0.183491668062732,-0.0991574309478711,2.7907007834015127,1.496543467346387,2.3172285946008575,994.5809021895976,320.6122448979592,739.5657345657345,3.846361045764597,1.928245984067067,3.277524401426605,level,none,0,,4.0
xgboost_nodemo,post_covid,LOMAS DE ZAMORA,100.0,100.0,100.0,-0.2027956473333333,0.1269523413989577,-0.1422047118257618,1.6397476648697813,1.7141435034473629,1.666965654593287,693.7307803662789,422.33007228378415,591.0386205512809,4.110251705598007,2.2168757353961985,3.537142523730485,climatology,,,,5.333333333333333
dualtopo,post_covid,LOMAS DE ZAMORA,100.0,100.0,100.0,0.0596122583206513,0.3399601862972656,0.1291256719733924,3.9443940932934103,2.5380706628163656,3.429885521167662,1208.0178090633278,717.3689513066982,1022.3668899121708,4.021560840666085,2.6273511037017,3.5751218597907135,level,train,479905,,6.0
lstm,post_covid,LOMAS DE ZAMORA,100.0,100.0,100.0,-0.1612155316295785,0.46280828795814,0.0821412611740076,4.131243856493171,2.747836500103097,3.625119213911437,1237.8231514047006,772.3814100958961,1061.7100600986669,4.255042980515483,2.92337637061,3.8220544245097585,level,train,22995,,7.333333333333333
gat,post_covid,LOMAS DE ZAMORA,100.0,100.0,100.0,-0.2827816387231003,0.0370871731312311,-0.1325898010875953,5.131079857165997,2.082768615086873,4.015844036893147,1639.204643081429,579.3458335483391,1238.1769854202591,5.477643384861356,2.24466879806585,4.568441783610462,level,,8129,,7.333333333333333
xgboost,post_covid,LOMAS DE ZAMORA,100.0,100.0,100.0,-0.1187753596654666,-0.1049998638240286,-0.1170437544868198,2.1836190328424263,3.2096527844648275,2.5589972346555,886.8629834584763,882.4062271390609,885.1766432295082,5.7296989468017605,3.837101991096552,5.119108096611829,climatology,,,,9.0
gnn_st,post_covid,MALVINAS ARGENTINAS,61.53846153846154,100.0,81.13207547169812,0.2828045389320771,0.7501541437880809,0.4834274725285436,37.54856877143566,2.6638479872986123,19.777107239894143,134.00489180982282,124.5850278106602,129.20609316873995,51.28977674676615,3.5176700167296495,36.01120612547824,blend,train,15726,,1.0
xgboost_nodemo,post_covid,MALVINAS ARGENTINAS,69.23076923076923,100.0,84.90566037735849,0.3684648685721216,0.6794055183977583,0.5390979780153111,36.15781013129173,3.710443950394117,19.62801981272125,82.86223575537916,208.0441949934599,146.63417725402405,53.23491535818798,4.73025623693485,37.43850184795893,climatology,,,,3.6666666666666665
gat,post_covid,MALVINAS ARGENTINAS,57.692307692307686,77.77777777777779,67.9245283018868,0.2721017358475183,0.0200118241561415,0.5431304540313399,37.385346935345574,4.572647127840254,20.669443259823996,86.00797635800848,82.33484505843363,84.13675852614956,54.35761609103988,6.311803136049686,38.33791174837436,level,,8129,,4.666666666666667
xgboost,post_covid,MALVINAS ARGENTINAS,65.38461538461539,100.0,83.01886792452831,0.4411351834237875,0.6055063995744391,0.5945068683397804,36.87797397502284,3.3812784090507155,19.81361963009364,65.77646606834377,138.20484259591746,102.67394090314544,56.28938677347565,4.010428914814693,39.52909776804821,climatology,,,,4.333333333333333
persistence,post_covid,MALVINAS ARGENTINAS,65.38461538461539,100.0,83.01886792452831,0.2652415667039344,0.7350633977023656,0.4610986319680518,37.378569006234585,2.8938980785995394,19.810906458194097,230.8656547841641,212.9125899727452,221.71975384249785,57.300183152608845,3.63867605302439,40.217231999619486,level,none,0,,4.0
seasonal_naive,post_covid,MALVINAS ARGENTINAS,69.23076923076923,100.0,84.90566037735849,0.1146016245890631,0.4366808791653136,0.3888589945601289,37.784380934999454,3.189624889551317,20.16063728920512,69.0557325741513,120.57484753212948,95.3013194395364,58.446305979395625,4.394518605779679,41.0560261889182,level,none,0,,6.0
arima,post_covid,MALVINAS ARGENTINAS,61.53846153846154,100.0,81.13207547169812,0.0791659609694529,0.7417188055871029,0.3516608428444531,43.28282303282314,3.046989980202082,22.78532317582751,248.99616312155777,205.908206606486,227.04569470821937,59.03863732728965,3.836278130544342,41.44146541200563,level,none,,,6.0
lstm,post_covid,MALVINAS ARGENTINAS,65.38461538461539,100.0,83.01886792452831,-0.3013020354009383,0.747360305545347,0.2602466324949195,39.90685380977269,2.8101851425989475,21.00855090385399,62.9176430530597,96.3540260578156,79.9512721309542,61.60624385333712,3.778513071448032,43.23346988559481,level,train,22995,,6.333333333333333
dualtopo,post_covid,MALVINAS ARGENTINAS,50.0,44.44444444444444,47.16981132075472,-0.3531880511015409,-0.0787262628706318,0.0881420243996273,42.20299826218532,5.190116334844519,23.34737916712491,72.71358657230901,89.40361863246352,81.21605573502923,63.76846957141051,6.895168307884268,44.93402518836503,level,train,479905,,9.0
gnn_st,post_covid,MERLO,100.0,100.0,100.0,0.7343368016082655,0.3532892724916889,0.8228353888892813,12.18557827289288,4.876262717776829,8.461964688211117,65.26552590628103,70.71092764869556,67.9882267774883,14.061234388418146,6.01383786061264,10.743286418448786,blend,train,15726,,1.3333333333333333
persistence,post_covid,MERLO,92.3076923076923,96.29629629629628,94.33962264150944,0.4817451391962553,0.3438507527623517,0.6143974790168807,11.72032130716116,6.2503489195289506,8.933731600254188,45.44603414275714,91.00493024050624,68.2254821916317,15.316054702649009,8.239945278029335,12.233830818299255,level,none,0,,2.6666666666666665
arima,post_covid,MERLO,96.15384615384616,100.0,98.1132075471698,0.4809338750191418,0.385444946088446,0.6195277417611589,10.61242966153532,17.142000099474654,13.938814601617622,62.12798289930986,307.92685174282775,185.0274173210688,13.274669785732533,18.11925509287252,15.927867026172578,level,none,,,4.0
lstm,post_covid,MERLO,100.0,100.0,100.0,-0.4184292354425956,0.5156248620256828,0.4042583392985408,17.711921001181214,11.394925134105412,14.49382876701052,115.64270594321256,159.16013498973126,137.40142046647188,21.30027062393784,14.077780077816971,17.98699993171221,level,train,22995,,4.666666666666667
xgboost_nodemo,post_covid,MERLO,100.0,100.0,100.0,0.6634272999757487,0.4924081775453424,0.7852546304486017,22.92388018173686,6.673179045632994,14.645221112400929,99.99128394971,109.50278907809904,104.74703651390452,28.722653654806617,7.532828956470178,20.823533712987494,climatology,,,,4.0
xgboost,post_covid,MERLO,100.0,100.0,100.0,0.6774447713179985,0.4856795255532771,0.792883769596997,25.28033956065582,8.18011466490857,16.56890423640722,109.40949080455444,138.39242545314633,123.90095812885038,31.459805444779217,9.684907797958852,23.093425585181773,climatology,,,,6.0
dualtopo,post_covid,MERLO,100.0,88.88888888888889,94.33962264150944,0.8568267468872703,-0.245079675859045,0.8584123775564098,28.39129015115591,7.684315716778791,17.842454118548698,103.81694293958846,107.89775532717134,105.8573491333799,34.125760703133395,9.184084334503638,24.78440473950856,level,train,479905,,6.333333333333333
seasonal_naive,post_covid,MERLO,100.0,100.0,100.0,-0.1675297180048542,-0.18074030817078,0.233667557571844,23.28217066425367,18.17242849645345,20.67909446556299,164.5487049751831,319.0166964883329,241.782700731758,30.96275486357619,21.355286860407237,26.50713694685609,level,none,0,,7.666666666666667
gat,post_covid,MERLO,76.92307692307693,96.29629629629628,86.79245283018868,0.6947424458014329,0.3192257507503225,0.7975217842835107,54.045495803539566,9.58618978659312,31.396415379812133,227.1064274334424,107.44871192841308,167.27756968092774,58.8560923135832,14.201085531433163,42.45089106791292,level,,8129,,8.333333333333334
gat,post_covid,MORENO,96.15384615384616,100.0,98.1132075471698,0.7741245231398448,0.8604187954748176,0.9045392127482116,25.91191944709191,15.746883321691442,20.73350481717092,25.535589338983968,44.634935205662174,35.26544478049928,30.85747326596595,19.01254285828298,25.519747546247235,level,,8129,,2.6666666666666665
arima,post_covid,MORENO,88.46153846153845,96.29629629629628,92.45283018867924,0.4916017756615173,0.7202250687285704,0.7839584124371679,32.23884184061565,15.020971085927044,23.467473720302586,27.335906610211584,78.26174065520173,53.279256029357505,39.51346442336911,17.950094838888177,30.4970521516163,level,none,,,2.6666666666666665
persistence,post_covid,MORENO,84.61538461538461,88.88888888888889,86.79245283018868,0.5191563630135944,0.7541814674802514,0.7865141385525181,32.35632484442817,14.239777034765869,23.127140111203975,29.448999416868393,59.31737408614263,44.66496387102697,40.96512821539669,18.62475362712567,31.622026017051,level,none,0,,3.6666666666666665
lstm,post_covid,MORENO,92.3076923076923,100.0,96.22641509433964,0.1969526015486085,0.851800066785462,0.7299469745342057,33.6800464347933,15.540863207523152,24.43933045108964,27.71592247063784,58.1079945980713,43.198676195934134,44.05907018928597,19.22456915165263,33.77227089356875,level,train,22995,,5.0
gnn_st,post_covid,MORENO,88.46153846153845,96.29629629629628,92.45283018867924,0.2267508363639837,0.8001985950669099,0.7877912684987733,33.88348021874061,13.734643582944516,23.61897853635392,26.57964908877451,43.64159329611251,35.271582930248584,45.4314255920491,17.151022585879005,34.093829951254804,blend,train,15726,,4.333333333333333
xgboost,post_covid,MORENO,92.3076923076923,100.0,96.22641509433964,0.1366695761294034,0.7667041261707619,0.6724610730064378,44.82931710219101,12.860492736671366,28.54331223673761,37.97429739229618,57.534499459664566,47.93892863416309,53.2353760548103,14.111678694016856,38.62272835020543,climatology,,,,4.666666666666667
seasonal_naive,post_covid,MORENO,96.15384615384616,100.0,98.1132075471698,0.2411553239755035,0.4618446536775091,0.5926816188706436,45.98320005720219,19.333211039533268,32.406790557635006,39.42929708557485,83.92946301994874,62.099192938935154,54.342781644453915,21.601292717337408,41.06603373328139,level,none,0,,7.666666666666667
dualtopo,post_covid,MORENO,76.92307692307693,92.5925925925926,84.90566037735849,0.825518488699114,0.2014011732648992,0.8844499827851209,48.17349580618051,20.72101239804868,34.188268409585056,42.72374547709008,55.75393265133838,49.36176535831091,52.805214089895166,26.0253623336073,41.38767080021537,level,train,479905,,7.666666666666667
xgboost_nodemo,post_covid,MORENO,84.61538461538461,100.0,92.45283018867924,0.0662629215867749,0.7602599793101383,0.6245983929792236,49.38558818000006,13.536772983411767,31.12298421192678,41.31946958125111,49.172457625618335,45.320048396306106,57.559362857815564,16.147541072765794,41.92989427566991,climatology,,,,6.666666666666667
xgboost_nodemo,post_covid,MORÓN,100.0,100.0,100.0,0.7568586178683392,0.3234358684554445,0.7757597102864348,5.302704376737604,6.035992892522205,5.676266450816551,20.93636629494108,55.203208831189166,38.393059662463685,6.414348541360865,7.536422312758473,7.008455004183319,climatology,,,,3.6666666666666665
xgboost,post_covid,MORÓN,100.0,100.0,100.0,0.7112296380119743,0.3878773219420267,0.7802858928203501,6.274077720023548,4.312006521536412,5.2745320151338735,21.209575592717155,33.049289279833566,27.241127848417968,8.304437645655147,5.5601675404190045,7.041351316181501,climatology,,,,2.0
gnn_st,post_covid,MORÓN,100.0,100.0,100.0,0.5986205174173671,0.2888438476166179,0.7523645463853333,6.676885531498836,4.208892857586896,5.419606244788979,23.591385868613273,34.90438022224072,29.35460940725367,9.135595684266882,5.303052221748131,7.434291554432398,blend,train,15726,,2.3333333333333335
lstm,post_covid,MORÓN,100.0,100.0,100.0,0.5582511660292934,0.2624177589403572,0.6980206671378906,7.523862515681992,4.772146153199441,6.12204474611541,28.744169972103062,45.85589129316619,37.4614619658522,9.434375392865247,5.625748380627543,7.73221346195868,level,train,22995,,3.6666666666666665
dualtopo,post_covid,MORÓN,100.0,100.0,100.0,0.6188318070864315,0.3698960118053296,0.8039284718819565,8.573588628035326,5.872908768830476,7.1977705865536095,32.323780062809895,45.77608804894773,39.17684262178578,10.31536748498218,7.4748490402729,8.981278122501497,level,train,479905,,5.666666666666667
arima,post_covid,MORÓN,96.15384615384616,100.0,98.1132075471698,0.2462397443898396,0.2036423274000252,0.5297879754398638,8.145270944140595,5.947851760316882,7.0258309825700245,28.86934219164739,62.49852869063402,46.00119191754624,11.054684155747395,6.542421657586606,9.041879164032782,level,none,,,5.666666666666667
gat,post_covid,MORÓN,100.0,96.29629629629628,98.1132075471698,0.5211367606146381,0.191151370978895,0.7597498472624701,9.47146435884329,5.30274510383606,7.347777191198097,43.33486606796119,39.831389763564175,41.55007625251365,10.943036423107422,6.841530722180365,9.0879121986424,level,,8129,,6.0
persistence,post_covid,MORÓN,100.0,100.0,100.0,0.2462397443898395,0.2036423274000252,0.5297879754398637,10.068799982533475,6.094873585052731,8.044346912118758,40.13724708990926,54.27438487824181,47.33918520849376,12.10792695786405,7.502480155416699,10.029582568738531,level,none,0,,8.0
seasonal_naive,post_covid,MORÓN,100.0,100.0,100.0,0.615894796162591,0.0313503974054419,0.7197654948123408,13.785081406305927,5.748192702233218,9.69081734951417,51.88298089730496,51.91532097144537,51.899456029414225,19.404612196330874,7.423979582730991,14.587492124490344,level,none,0,,8.0
gnn_st,post_covid,QUILMES,100.0,100.0,100.0,0.5058114306829121,0.456005734920357,0.7689659995954624,5.393749383779673,4.921955497176559,5.153401554755445,22.413768286897348,31.34354065951521,26.962897608797014,6.4062978667013875,6.839999062797013,6.630785569320249,blend,train,15726,,1.3333333333333333
dualtopo,post_covid,QUILMES,100.0,100.0,100.0,0.4052574118847805,0.5179206257364581,0.657131070633686,6.511477250319261,5.970043924119738,6.235652725651579,23.18375770165841,47.92525054321236,35.78791443226137,7.710920693498107,6.952689477101151,7.334453205342041,level,train,479905,,3.0
arima,post_covid,QUILMES,100.0,92.5925925925926,96.22641509433964,0.3441421875034109,0.0858103608243441,0.6624016650156441,5.480284224946953,6.062798386830643,5.777036722510342,20.48970053583701,37.34702050441122,29.07739184058236,6.471140182322921,8.852166249462838,7.775760490697411,level,none,,,4.333333333333333
persistence,post_covid,QUILMES,100.0,96.29629629629628,98.1132075471698,0.3350638084570313,0.0836269920673017,0.6502886405051967,5.829428729343632,6.309367035995611,6.0739256025437,21.795845539195323,39.72982473482914,30.932023619989906,6.844408872660804,9.075489060812991,8.058554342622955,level,none,0,,5.333333333333333
gat,post_covid,QUILMES,100.0,100.0,100.0,0.5995206283721154,0.3827601394110361,0.761078681028357,7.944939833420974,6.046065789681894,6.977588905478424,30.02422745689865,43.95563934834923,37.12136181669422,9.613213840357602,7.023797296539705,8.394485563422805,level,,8129,,4.666666666666667
seasonal_naive,post_covid,QUILMES,100.0,100.0,100.0,0.3539892997331185,0.6231157261666482,0.6301780213356099,8.70770916445705,4.444039802925547,6.535651187827795,29.41757269049959,29.86397965212361,29.64498755774201,10.5744489894175,6.042386377450995,8.570545161986608,level,none,0,,5.333333333333333
lstm,post_covid,QUILMES,100.0,100.0,100.0,-0.206654716958252,0.1214002254216416,0.4087412239255992,7.998584736803641,6.156278537912317,7.060051390198627,27.28841611736132,40.04874054879096,33.78895875224056,9.891610076218637,8.58098014867313,9.247171567382924,level,train,22995,,6.333333333333333
xgboost_nodemo,post_covid,QUILMES,100.0,100.0,100.0,0.3865923993381432,0.4131940859166152,0.7288865604678607,8.77126242295758,6.26268991378846,7.4933103899846305,35.67466394800759,39.1902343243153,37.46561489442849,10.26344477919043,8.288873971870363,9.31000924508045,climatology,,,,6.666666666666667
xgboost,post_covid,QUILMES,100.0,100.0,100.0,0.2707683325411176,0.3893235721735477,0.6801514876360503,8.36310235178898,6.648783163135232,7.489769934927635,34.43309907154202,42.74926951828999,38.66963873309287,10.311876907680606,8.767411193214585,9.556315123472205,climatology,,,,8.0
gnn_st,post_covid,SAN ISIDRO,100.0,100.0,100.0,-0.3513681376973876,0.5821827829802297,0.2441784926151712,8.328590814883892,5.7660432159900665,7.098567967414856,1137.3290751318648,484.5355723526726,803.6790626002775,9.750214947514875,7.421174162992581,8.710345346277096,blend,train,15726,,1.6666666666666667
arima,post_covid,SAN ISIDRO,92.3076923076923,79.16666666666666,86.0,-0.4124261397705949,0.7420828611175198,0.0033251689520445,6.588976384850519,5.768468135760454,6.195132425287288,1070.8716250229577,189.02017653543535,620.1475513515572,9.575261592573712,8.138514609969194,8.914568503390411,level,none,,,2.6666666666666665
persistence,post_covid,SAN ISIDRO,80.76923076923077,79.16666666666666,80.0,-0.2904493894419954,0.7026592466144213,0.0995654209666687,6.701743436560883,5.522253842031023,6.13558843118655,950.3765784985882,221.19738292505983,577.6849896498959,10.695237700993571,7.592826568911479,9.33564696615424,level,none,0,,3.3333333333333335
seasonal_naive,post_covid,SAN ISIDRO,100.0,100.0,100.0,0.2013666637562997,0.3568499224093607,0.440723745255904,2.1735384118575833,9.712999777988577,5.79247986760046,161.57486519328623,611.9750778925477,391.7794183506864,3.5082005675953765,13.862711339815824,9.93195713680822,level,none,0,,4.333333333333333
lstm,post_covid,SAN ISIDRO,100.0,100.0,100.0,-0.5075792057334364,0.76362101200497,0.1488058241080042,10.145729906327832,8.375888288950199,9.296205929986568,1853.562198307456,683.2376092422021,1255.3962972296597,14.687679507954128,9.12960344316019,12.336383569946635,level,train,22995,,5.666666666666667
xgboost_nodemo,post_covid,SAN ISIDRO,100.0,100.0,100.0,-0.310734173365529,0.24618097704456,0.067651556120701,7.998015076239114,7.980184047034201,7.989456182220757,1446.855640833892,453.7906235533241,939.289076446046,14.01036534453782,10.829316159300792,12.584217804653036,climatology,,,,5.666666666666667
xgboost,post_covid,SAN ISIDRO,100.0,100.0,100.0,-0.3232110110571288,0.2103731871095545,0.0625215186542833,8.105289524232962,8.650331220316291,8.36690953835296,1585.2932627286402,525.5709624638183,1043.6574203710643,14.28714529159449,11.80580615573141,13.154645529882082,climatology,,,,6.666666666666667
dualtopo,post_covid,SAN ISIDRO,100.0,100.0,100.0,-0.5019686282794195,0.8447885278403741,0.6420843822864056,13.934163093566896,13.194274028142294,13.579016342163088,2146.778256720728,926.2153363132596,1522.9349862902443,16.28052216106254,15.21876988554616,15.779799372399523,level,train,479905,,8.333333333333334
gat,post_covid,SAN ISIDRO,100.0,100.0,100.0,0.0883527730754662,0.65408706233867,-0.0256654441569176,20.848637250753548,6.45124755303065,13.937890195846558,3099.980810159472,622.6290910976655,1833.778820416771,23.118269267526017,7.531084318449955,17.468272534140432,level,,8129,,6.666666666666667
persistence,post_covid,SAN MIGUEL,92.3076923076923,96.29629629629628,94.33962264150944,0.6181768342707887,0.8835554409856333,0.7934009793649488,15.287068216348858,7.895437822300838,11.521520657116849,25.548750899600343,40.06866513429389,32.94568833991593,20.517002749832987,10.1501340692701,16.093074469452525,level,none,0,,1.6666666666666667
arima,post_covid,SAN MIGUEL,88.46153846153845,100.0,94.33962264150944,0.5339748561608572,0.7649074605654765,0.7776348468548571,17.263861502151627,11.57100522072951,14.363727170106396,31.408013332198433,79.80408336009118,56.06261504452114,21.9512165161075,13.684897409053413,18.215024293958468,level,none,,,3.3333333333333335
gnn_st,post_covid,SAN MIGUEL,88.46153846153845,100.0,94.33962264150944,0.4669554526889891,0.9058178005130676,0.7887340105294969,17.758712768554688,7.023246058711299,12.289701425804282,27.512290261697377,46.226746367629886,37.04606978736111,24.805966516817985,8.095350805266158,18.309793426232673,blend,train,15726,,2.6666666666666665
gat,post_covid,SAN MIGUEL,92.3076923076923,100.0,96.22641509433964,0.4453070969987008,0.8923869817224316,0.7233976016941166,17.429115295410156,11.146308651676884,14.228440212753585,27.311289210981386,64.0650647777428,46.034910726124,23.53317159214075,14.436292708631068,19.43835979394724,level,,8129,,4.666666666666667
xgboost_nodemo,post_covid,SAN MIGUEL,96.15384615384616,100.0,98.1132075471698,0.2338757889670878,0.8841726324572855,0.5758570311672165,23.543012418897344,8.39913939229936,15.828209178932338,40.58831233743486,61.25552288818281,51.11689129724984,29.032139013339116,9.239000679034456,21.37675915467075,climatology,,,,4.333333333333333
lstm,post_covid,SAN MIGUEL,100.0,100.0,100.0,0.6044819330825869,0.8240344270561936,0.8105668087869649,21.0741107423332,11.313075096201432,16.10150767732268,31.916625750459488,73.70890142965126,53.20703034174586,28.149931365325127,12.687974700218842,21.69665285311157,level,train,22995,,5.333333333333333
xgboost,post_covid,SAN MIGUEL,80.76923076923077,100.0,90.56603773584906,-0.009302903356763,0.8488551182871052,0.4933282461288662,24.59653908831467,9.018625055888135,16.660620618965304,40.72010329031771,61.16466538227905,51.135257563581035,31.005480449102517,10.53286470606482,22.98081591881681,climatology,,,,6.0
dualtopo,post_covid,SAN MIGUEL,88.46153846153845,100.0,94.33962264150944,0.8274693796426011,0.6515513632132734,0.842847405673949,25.378964717571552,11.440050584298591,18.278008460998535,39.18209173626636,62.31639934806963,50.96749372718501,32.09147890837905,15.700360962307604,25.11557229825965,level,train,479905,,8.0
seasonal_naive,post_covid,SAN MIGUEL,96.15384615384616,100.0,98.1132075471698,-0.3196899053220132,-0.1524388084771031,0.1829422618744333,24.994999830403604,13.954989246548845,19.37084349523231,39.40559958733763,80.31081394331912,60.24410501396971,33.796443157198574,17.927232638531,26.908160336938227,level,none,0,,9.0
gnn_st,post_covid,TIGRE,100.0,100.0,100.0,0.6235129105718731,0.3484120564469095,0.7589406822645625,8.041164764991173,1.8277035201037373,4.875816583633423,111.62674695388044,136.12129110221173,124.10509963321904,10.0289255380981,2.3599281414539783,7.2234328797963725,blend,train,15726,,2.0
arima,post_covid,TIGRE,88.46153846153845,96.29629629629628,92.45283018867924,0.6016644925393257,0.1632303724202319,0.7077973836488359,8.992513448866813,1.7695069754822257,5.312868641670891,85.40760654515955,121.25033609575782,103.6671102784832,11.425757623688222,2.9628943444232436,8.27735308543947,level,none,,,3.3333333333333335
persistence,post_covid,TIGRE,92.3076923076923,100.0,96.22641509433964,0.5034030815303565,0.3091680589400669,0.6479916381072247,9.233543596524608,1.6739004856217332,5.382404653234463,85.59201379640017,110.63141590919368,98.34793562744592,12.248491772365426,2.4742790757918907,8.75877980608938,level,none,0,,3.6666666666666665
xgboost_nodemo,post_covid,TIGRE,100.0,100.0,100.0,0.252526817418945,0.2055708450028926,0.5537936503041117,10.769234596986587,5.692292010801426,8.182867619118674,185.28880594400937,408.5251253431505,299.01296865677926,12.40221825304364,6.24993772052322,9.76502899577438,climatology,,,,5.666666666666667
xgboost,post_covid,TIGRE,100.0,100.0,100.0,0.2365934875929715,0.2046005645784815,0.5245293193288775,10.71603298859736,5.504326914637579,8.061012913183884,174.56112373437455,397.4839189790281,288.12556659485847,12.538751255256685,6.049899779614228,9.78636143510629,climatology,,,,6.0
seasonal_naive,post_covid,TIGRE,100.0,100.0,100.0,-0.0305446395547285,-0.1012860383300585,0.3322890030208055,10.464109052538609,1.5081677642730469,5.901648396252376,100.57102534998673,104.63771310993532,102.64273420882849,14.66854016833046,1.93524445926379,10.36634381569913,level,none,0,,4.333333333333333
gat,post_covid,TIGRE,100.0,96.29629629629628,98.1132075471698,0.2014804268242433,0.2550771722976241,0.5757292996954063,12.841717013945946,1.805776365377285,7.21963404203361,267.14867949777164,128.45339338961628,196.492590348334,15.295445311516213,2.1806921504397514,10.825470595986292,level,,8129,,5.666666666666667
lstm,post_covid,TIGRE,100.0,100.0,100.0,-0.521463406918466,0.5424615413888627,0.1398296635865537,13.033582359122818,3.094575347810448,7.970314636378781,251.4066258496295,172.0041193644987,210.9562923572045,15.659669589258137,4.423643865482354,11.41350525678744,level,train,22995,,7.666666666666667
dualtopo,post_covid,TIGRE,100.0,100.0,100.0,-0.2232733028759178,0.5993264202149807,0.3164711163083012,13.157037496566772,1.5235549079047308,7.230546366493657,242.790985285322,99.69349255441593,169.89226257335096,16.219182990309335,2.0142049666037383,11.450590248594416,level,train,479905,,6.666666666666667
gnn_st,post_covid,TRES DE FEBRERO,100.0,100.0,100.0,0.5418655543056682,0.6925774751569204,0.8483927446827407,12.626525438748873,7.018885082668728,9.76980299319861,19.941279004188168,28.72459602956312,24.415798998247105,14.85838406499561,8.418645533216942,12.017006819089689,blend,train,15726,,1.0
xgboost_nodemo,post_covid,TRES DE FEBRERO,100.0,100.0,100.0,0.562199643224661,0.5992998817814031,0.8301681356363142,13.485687804310354,7.400739785348507,10.385808624839225,22.041543261220102,27.38940620882846,24.76592627226587,16.225366390672896,9.374833775571318,13.18789332020451,climatology,,,,2.3333333333333335
xgboost,post_covid,TRES DE FEBRERO,100.0,100.0,100.0,0.5125969901197653,0.6221448326984249,0.8142227298492944,14.209356997290495,6.877694585074098,10.474359164651954,21.7746576831798,24.248816747174253,23.035078338422256,17.691898788060776,9.43105822136032,14.101784009056429,climatology,,,,3.3333333333333335
dualtopo,post_covid,TRES DE FEBRERO,100.0,100.0,100.0,0.4924730965815886,0.5575820792424616,0.7941986322462493,16.42592532818134,7.705340632685909,11.983363313494989,24.594017781053935,30.36549652332598,27.5342050648529,19.60071483416779,9.472560517025505,15.302967061229316,level,train,479905,,4.333333333333333
lstm,post_covid,TRES DE FEBRERO,100.0,100.0,100.0,0.0740809050368658,0.7313853649532099,0.7467604555546343,14.480045305053869,7.284445062160136,10.814362162447628,20.253140634130848,27.441617957896412,23.91519511982274,20.468239796269444,9.110611676740833,15.741878689430283,level,train,22995,,4.0
arima,post_covid,TRES DE FEBRERO,92.3076923076923,100.0,96.22641509433964,0.1369364430944969,0.5969734709446992,0.6279243489593963,16.141344406788335,12.633380163857268,14.354268283031,23.54098744706978,60.03042559570336,42.129946503920856,20.85722804872901,14.534052335444324,17.917034845447862,level,none,,,6.666666666666667
gat,post_covid,TRES DE FEBRERO,100.0,100.0,100.0,0.5780960756237894,0.5738529025116409,0.8310922267468416,21.325733331533577,7.581936165138528,14.324176284502135,35.95402939479898,33.71800099679324,34.81492058826776,24.855618570896137,9.487271826592222,18.67955746683168,level,,8129,,7.0
persistence,post_covid,TRES DE FEBRERO,100.0,100.0,100.0,0.1478164531456149,0.6021823389963167,0.6334689883664475,19.485506585150716,11.166761858734972,15.247655498108733,31.134181953205065,42.608659434737675,36.979670481533,23.60813873180511,14.434231769003445,19.48212525524669,level,none,0,,7.333333333333333
seasonal_naive,post_covid,TRES DE FEBRERO,100.0,100.0,100.0,0.6728344444013166,0.2554560259570134,0.75195449832313,21.34428661712173,12.763466423235323,16.97292538627394,33.97884799387475,52.19917116183071,43.26089941905987,28.762676349878888,15.643563172894456,23.032810549998352,level,none,0,,9.0
arima,post_covid,VICENTE LÓPEZ,84.61538461538461,100.0,92.45283018867924,0.0228962465340483,0.2213687905654348,0.253199300894955,21.852634086922592,16.488235028765306,19.119827019559448,133.40993958244133,195.4605752036805,164.43525739306088,30.59983870237244,17.937608893910287,24.965094231869845,level,none,,,1.6666666666666667
persistence,post_covid,VICENTE LÓPEZ,73.07692307692307,92.5925925925926,83.01886792452831,0.0012509662752447,0.2163852049007838,0.2552129170186915,26.024351162511852,6.809629524664242,16.235719384740424,138.8038977156505,58.30882872517154,98.556363220411,36.04525962284012,9.103355473151025,26.06895734239215,level,none,0,,2.6666666666666665
gnn_st,post_covid,VICENTE LÓPEZ,92.3076923076923,100.0,96.22641509433964,0.4439274478401099,0.595792443984123,0.6323420371033105,29.26164172245906,11.622255607887553,20.27553936220565,204.47364426913745,127.5218696801134,165.9977569746254,34.91170852842447,13.562102934786855,26.29859002393319,blend,train,15726,,2.6666666666666665
xgboost_nodemo,post_covid,VICENTE LÓPEZ,100.0,100.0,100.0,0.6053456513183706,0.4486944439984105,0.6888816611596971,32.32585061671709,15.495323310692228,23.751808404213858,234.19229045917317,171.55387265789358,202.87308155853333,36.09623035445355,18.158748499833084,28.410524213320745,climatology,,,,4.666666666666667
xgboost,post_covid,VICENTE LÓPEZ,96.15384615384616,100.0,98.1132075471698,0.547230650502532,0.49760555631111,0.6698435325732933,31.437321939583676,16.89103242420742,24.02694803552407,237.4173687460276,189.87355048501752,213.64545961552255,35.74212686287406,19.090803458400348,28.50202820333049,climatology,,,,4.666666666666667
dualtopo,post_covid,VICENTE LÓPEZ,96.15384615384616,100.0,98.1132075471698,-0.2248811091984908,0.2815644446078166,0.0514339687575866,30.032046758211575,35.26341572514287,32.6970837791011,186.1588294948164,15718315.61522607,8007535.127182466,33.26928461485123,43.42262282377094,38.77538862415159,level,train,479905,,5.666666666666667
lstm,post_covid,VICENTE LÓPEZ,92.3076923076923,100.0,96.22641509433964,-0.065064090106467,0.1298161872641473,0.3840359835785998,50.03330369356956,34.20646744674739,41.97057579424505,345.8080882360733,384.1253200317293,364.9667041339012,54.030040510340285,37.90106263637339,46.51751993712924,level,train,22995,,7.333333333333333
gat,post_covid,VICENTE LÓPEZ,57.692307692307686,96.29629629629628,77.35849056603774,0.6527936278017551,0.4500731317654588,0.7291030476839978,51.68507979466365,27.917645419085467,39.577141527859666,304.00913380365256,16000144.562969316,8151166.17806888,58.57745272864199,31.816605982627465,46.89334957302603,level,,8129,,7.666666666666667
seasonal_naive,post_covid,VICENTE LÓPEZ,69.23076923076923,100.0,84.90566037735849,0.6221891355099968,0.2910747520012173,0.6901921794611319,60.71440250269781,23.97147040763309,41.99630502030635,366.49573701922304,269.5667060198183,318.0312215195206,74.77236560449148,29.548505288522215,56.45797494674105,level,none,0,,8.0
