week_start,temp_mean_c,temp_max_c,temp_min_c,relative_humidity_mean,precipitation_sum_mm,wind_speed_max_kmh
2022-01-02,24.6,28.4,20.3,64.1,7.4,28.1
2022-01-09,28.3,33.0,23.9,57.6,0.8,27.2
2022-01-16,25.3,27.8,23.3,83.6,58.5,30.4
2022-01-23,23.2,26.3,19.7,76.0,8.5,21.5
2022-01-30,23.0,26.4,19.8,70.7,37.5,22.0
2022-02-06,20.4,24.5,16.1,70.1,4.3,27.1
2022-02-13,22.5,27.0,18.0,66.0,0.2,23.8
2022-02-20,21.8,25.0,18.1,80.6,83.7,23.0
2022-02-27,22.8,26.1,19.8,77.6,46.3,24.3
2022-03-06,20.3,23.7,16.8,76.1,71.7,21.3
2022-03-13,20.2,24.2,16.2,73.9,26.5,20.2
2022-03-20,18.2,21.7,14.9,78.4,30.0,32.2
2022-03-27,16.7,21.3,12.2,68.6,1.9,22.8
2022-04-03,18.2,21.9,14.7,80.0,4.9,19.1
2022-04-10,16.8,20.6,13.1,76.7,10.9,18.0
2022-04-17,17.4,20.5,14.2,77.1,1.5,19.6
2022-04-24,15.7,18.9,12.1,74.1,63.7,27.0
2022-05-01,13.8,18.3,9.8,79.9,0.0,15.3
2022-05-08,14.9,18.5,11.7,80.0,0.0,17.3
2022-05-15,11.8,15.4,8.3,72.9,0.2,26.1
2022-05-22,12.3,15.8,9.1,84.1,15.2,20.0
2022-05-29,7.1,11.1,3.5,74.3,0.0,16.4
2022-06-05,8.8,12.8,5.6,82.4,1.0,15.3
2022-06-12,10.2,14.9,6.4,76.7,0.0,18.6
2022-06-19,8.9,12.2,5.5,74.9,0.6,20.5
2022-06-26,10.1,13.8,7.4,76.1,8.9,20.3
2022-07-03,10.7,13.8,6.8,81.9,5.7,22.4
2022-07-10,11.1,13.6,8.1,79.0,9.9,27.0
2022-07-17,11.2,15.4,7.9,83.6,3.8,20.1
2022-07-24,13.8,17.2,11.0,85.7,45.9,24.6
2022-07-31,11.6,14.7,8.4,82.9,0.8,19.1
2022-08-07,12.0,14.7,9.6,78.9,2.1,22.5
2022-08-14,11.9,16.4,7.6,63.1,2.1,25.5
2022-08-21,13.6,17.4,9.5,82.1,7.4,17.7
2022-08-28,12.0,15.6,8.2,72.4,8.0,23.2
2022-09-04,13.9,18.9,9.0,69.3,15.6,22.0
2022-09-11,14.8,18.4,11.0,75.6,0.0,19.8
2022-09-18,14.5,18.0,10.9,73.0,13.4,20.5
2022-09-25,15.4,19.0,11.9,71.3,4.3,23.9
2022-10-02,16.4,21.0,12.0,66.6,7.4,28.2
2022-10-09,15.3,19.4,11.3,56.9,2.8,26.3
2022-10-16,16.4,19.3,14.1,81.6,22.8,29.2
2022-10-23,19.6,23.9,15.7,68.3,14.0,26.3
2022-10-30,16.5,20.6,11.6,65.9,2.2,27.1
2022-11-06,21.0,24.4,17.7,67.4,0.0,26.2
2022-11-13,22.8,27.2,18.6,67.4,16.8,27.8
2022-11-20,21.2,25.6,16.5,69.9,19.0,26.3
2022-11-27,23.4,26.6,20.2,70.0,15.8,24.5
2022-12-04,26.9,31.1,22.5,65.1,3.5,27.5
2022-12-11,23.3,27.8,19.3,59.0,17.9,30.9
2022-12-18,23.3,26.4,20.5,69.0,22.3,29.7
2022-12-25,23.2,27.9,18.1,58.0,0.8,24.3
2023-01-01,24.1,28.9,19.7,60.6,6.9,29.0
2023-01-08,24.8,28.9,21.0,62.4,1.7,24.8
2023-01-15,26.8,30.4,23.8,62.7,3.3,28.9
2023-01-22,25.8,29.6,22.3,70.7,22.6,24.5
2023-01-29,23.8,26.8,21.0,74.7,18.1,25.8
2023-02-05,26.9,31.8,22.0,66.0,0.4,19.8
2023-02-12,22.9,27.6,18.1,58.4,7.1,29.5
2023-02-19,23.4,27.9,19.2,65.4,1.0,22.1
2023-02-26,26.7,31.2,22.7,60.9,0.2,24.7
2023-03-05,27.4,30.8,24.4,71.0,0.0,25.0
2023-03-12,27.4,30.1,25.0,74.4,33.8,22.6
2023-03-19,23.3,26.0,20.9,72.7,62.6,25.3
2023-03-26,19.5,22.4,15.5,70.4,42.3,26.1
2023-04-02,19.5,22.0,17.1,78.9,35.1,20.2
2023-04-09,18.0,21.3,14.5,72.0,5.2,19.7
2023-04-16,15.2,18.7,11.4,73.0,11.9,22.8
2023-04-23,18.9,22.2,16.2,83.9,1.6,19.7
2023-04-30,15.8,19.6,12.0,76.0,24.2,24.4
2023-05-07,14.6,18.7,11.3,78.1,0.0,17.6
2023-05-14,16.9,20.5,13.3,79.3,8.4,21.3
2023-05-21,17.3,19.6,14.8,85.6,87.5,26.7
2023-05-28,14.3,17.1,11.2,83.6,4.3,17.3
2023-06-04,15.4,18.2,11.2,76.7,7.5,24.1
2023-06-11,7.9,12.1,3.5,76.1,0.0,15.5
2023-06-18,10.9,13.9,7.5,86.9,2.5,17.4
2023-06-25,11.7,15.2,8.5,81.3,1.6,17.6
2023-07-02,14.8,17.9,12.0,82.7,13.1,26.1
2023-07-09,10.2,12.7,7.3,82.7,26.6,23.5
2023-07-16,11.1,15.1,6.9,77.1,6.0,23.8
2023-07-23,11.1,14.0,8.2,78.4,7.8,23.2
2023-07-30,14.7,19.3,10.6,75.9,0.0,22.4
2023-08-06,12.1,15.5,9.2,69.4,3.6,24.4
2023-08-13,14.2,19.0,9.8,64.4,35.6,26.1
2023-08-20,11.0,15.1,6.9,70.0,15.5,20.2
2023-08-27,12.8,16.7,8.9,67.0,7.4,21.6
2023-09-03,11.8,14.9,8.4,77.9,28.5,25.8
2023-09-10,15.4,20.0,11.0,66.4,6.4,27.1
2023-09-17,14.8,17.8,12.3,80.1,4.4,28.4
2023-09-24,13.5,17.1,9.4,71.9,0.1,23.6
2023-10-01,15.7,21.0,10.1,58.6,1.0,23.8
2023-10-08,17.0,22.2,11.4,53.9,7.7,25.6
2023-10-15,17.8,21.8,14.4,68.0,4.6,25.8
2023-10-22,18.7,23.1,14.4,72.1,33.3,21.6
2023-10-29,15.8,18.6,12.5,75.0,68.3,34.6
2023-11-05,20.2,24.4,16.2,68.0,40.7,26.3
2023-11-12,19.2,23.2,14.9,65.7,8.4,26.5
2023-11-19,21.7,26.8,16.3,54.3,7.6,25.6
2023-11-26,24.3,28.5,19.9,71.1,28.7,27.0
2023-12-03,19.6,22.6,16.6,71.3,16.8,25.5
2023-12-10,25.2,28.9,21.6,72.4,14.9,24.2
2023-12-17,21.9,25.4,18.2,75.4,61.7,28.9
2023-12-24,22.5,27.0,16.8,63.0,23.9,23.4
2023-12-31,24.4,27.5,21.5,66.1,16.6,24.9
2024-01-07,24.4,28.4,20.3,69.3,14.5,22.8
2024-01-14,24.0,28.4,19.9,68.6,19.1,26.4
2024-01-21,24.7,28.4,21.0,58.4,0.0,25.4
2024-01-28,28.7,33.0,24.4,55.9,2.3,24.1
2024-02-04,27.0,30.9,23.8,72.4,51.3,28.5
2024-02-11,23.2,26.7,19.1,67.4,27.5,25.2
2024-02-18,25.2,28.9,22.2,71.3,3.6,22.7
2024-02-25,24.0,26.9,21.4,80.1,34.5,26.5
2024-03-03,21.7,25.7,17.4,63.3,20.4,22.8
2024-03-10,23.7,26.6,21.5,84.6,196.6,22.8
2024-03-17,21.1,24.1,18.2,77.1,130.8,26.4
2024-03-24,22.2,26.0,18.5,76.0,0.4,17.8
2024-03-31,18.9,21.9,15.0,74.9,23.4,20.7
2024-04-07,18.3,21.1,15.4,76.0,19.5,26.2
2024-04-14,19.1,22.7,15.8,78.9,21.8,26.3
2024-04-21,16.8,19.6,13.7,79.9,101.0,28.0
2024-04-28,14.2,17.8,10.0,73.4,4.3,20.8
2024-05-05,15.2,18.3,12.0,81.3,8.7,21.0
2024-05-12,9.4,13.8,5.7,75.6,6.4,20.7
2024-05-19,10.2,13.6,7.1,76.4,0.2,20.7
2024-05-26,11.8,14.7,8.9,82.6,2.3,19.7
2024-06-02,13.1,15.7,10.3,82.9,9.0,20.0
2024-06-09,17.5,21.2,14.2,79.4,7.7,24.9
2024-06-16,14.4,17.1,11.5,86.1,25.9,21.0
2024-06-23,8.9,12.2,5.5,71.7,3.1,24.6
2024-06-30,7.4,12.7,2.6,66.9,0.0,20.1
2024-07-07,4.3,10.0,-0.4,66.4,0.0,11.8
2024-07-14,10.3,14.1,6.5,80.4,4.8,19.8
2024-07-21,12.9,17.1,9.5,81.6,9.8,17.1
2024-07-28,13.8,17.5,10.3,70.9,21.4,27.2
2024-08-04,10.7,14.1,7.5,78.0,15.8,26.6
2024-08-11,11.0,15.3,7.1,70.3,0.4,24.0
2024-08-18,10.3,12.9,7.5,81.0,38.5,26.9
2024-08-25,10.7,14.0,7.4,83.0,80.6,24.9
2024-09-01,13.0,17.7,8.5,70.9,0.2,24.7
2024-09-08,14.0,17.4,10.2,77.1,0.9,21.0
2024-09-15,17.6,22.9,12.6,64.1,11.2,23.0
2024-09-22,16.5,20.8,12.1,69.4,1.0,27.2
2024-09-29,17.4,22.8,13.2,66.4,9.1,23.8
2024-10-06,18.1,21.9,14.5,72.6,9.3,25.9
2024-10-13,19.3,23.2,15.6,79.7,13.0,20.4
2024-10-20,20.4,24.9,16.1,73.7,63.5,28.9
2024-10-27,22.7,27.1,17.9,69.9,17.1,22.9
2024-11-03,19.9,23.5,15.5,71.3,9.9,26.1
2024-11-10,22.3,27.9,16.5,53.0,6.0,24.1
2024-11-17,20.3,24.0,16.9,69.1,19.8,21.9
2024-11-24,22.8,26.5,20.1,76.4,69.5,21.1
2024-12-01,20.3,25.0,15.4,54.7,30.7,19.2
2024-12-08,22.6,27.0,18.0,59.0,6.5,17.4
2024-12-15,22.5,26.7,18.4,58.9,5.2,18.4
2024-12-22,21.8,26.3,17.0,58.7,2.0,16.6
2024-12-29,23.8,28.8,19.6,60.4,7.3,17.8
2025-01-05,24.3,28.1,21.0,60.7,0.0,17.5
2025-01-12,26.5,31.0,23.1,61.6,7.6,18.3
2025-01-19,25.7,29.8,21.6,63.7,30.7,17.0
2025-01-26,26.1,30.2,22.4,61.6,3.7,19.9
2025-02-02,26.5,30.4,22.4,68.4,50.8,18.7
2025-02-09,24.6,28.7,21.4,70.7,28.2,19.5
2025-02-16,24.4,29.5,19.9,65.7,3.6,17.9
2025-02-23,24.9,27.1,22.8,83.4,43.5,19.5
2025-03-02,25.5,28.7,22.9,83.0,145.4,20.0
2025-03-09,18.1,21.7,14.8,70.3,0.8,14.9
2025-03-16,24.0,28.4,20.2,69.9,25.9,13.8
2025-03-23,20.7,23.7,18.0,84.6,30.8,17.2
2025-03-30,16.5,20.8,11.9,69.3,33.6,20.2
2025-04-06,19.2,21.6,17.0,82.3,39.1,22.4
2025-04-13,16.0,19.9,12.6,78.0,45.1,16.0
2025-04-20,17.5,21.0,14.1,77.6,13.8,14.5
2025-04-27,16.4,20.9,12.1,72.7,0.0,12.3
2025-05-04,18.2,21.3,16.0,84.6,54.5,17.0
2025-05-11,18.4,21.1,16.0,83.0,78.4,17.6
2025-05-18,12.7,15.7,9.7,73.3,7.3,14.8
2025-05-25,12.0,15.5,8.7,78.7,23.4,18.1
2025-06-01,11.3,16.0,7.0,76.3,0.0,11.0
2025-06-08,10.8,13.6,8.3,82.7,25.6,15.8
2025-06-15,10.3,14.5,6.3,78.7,2.2,13.4
2025-06-22,8.3,12.4,4.3,64.3,4.4,20.2
2025-06-29,6.1,9.3,2.7,75.6,0.4,16.6
2025-07-06,11.9,14.6,9.1,87.7,0.7,11.5
2025-07-13,12.0,15.9,8.6,82.4,30.0,17.5
2025-07-20,11.2,14.1,8.0,81.7,12.7,16.3
2025-07-27,13.0,16.2,10.5,77.3,23.7,20.5
2025-08-03,9.9,13.5,6.6,72.1,0.2,12.4
2025-08-10,11.0,14.8,7.3,69.7,0.3,16.1
2025-08-17,13.7,16.5,11.0,78.6,96.4,23.7
2025-08-24,14.7,18.8,10.9,73.6,0.0,17.5
2025-08-31,11.6,15.1,7.8,72.7,46.0,17.2
2025-09-07,15.0,19.3,10.7,68.6,0.1,15.0
2025-09-14,17.3,20.3,14.5,84.6,38.3,16.1
2025-09-21,14.3,17.8,10.3,71.9,16.5,22.8
2025-09-28,18.6,22.8,14.4,74.1,0.5,14.6
2025-10-05,18.4,23.6,13.1,63.6,39.9,18.5
2025-10-12,18.9,22.8,15.1,67.0,3.4,17.9
2025-10-19,20.3,24.6,16.4,63.7,46.2,23.8
2025-10-26,15.5,19.5,11.3,67.0,4.5,16.5
2025-11-02,17.6,20.5,14.9,75.6,26.1,17.6
2025-11-09,21.8,27.1,15.4,58.9,1.8,15.3
2025-11-16,18.7,23.5,13.8,61.6,42.0,22.4
2025-11-23,21.7,25.5,17.5,69.0,17.2,18.7
2025-11-30,24.2,28.5,19.5,63.1,5.9,16.8
2025-12-07,24.2,28.9,19.5,62.0,11.4,19.1
2025-12-14,23.7,28.2,18.9,54.9,11.3,20.2
2025-12-21,26.1,31.0,21.3,66.3,11.8,17.4
2025-12-28,26.7,31.7,20.9,44.6,0.0,18.6
2026-01-04,21.7,25.5,17.0,58.3,16.2,20.0
2026-01-11,26.3,31.9,20.9,61.9,21.3,17.1
2026-01-18,24.0,28.2,19.9,55.3,0.1,19.9
2026-01-25,25.7,29.8,22.2,67.3,5.4,20.2
2026-02-01,25.9,30.7,21.0,55.9,21.3,15.9
2026-02-08,25.2,29.7,20.9,51.4,0.0,19.2
2026-02-15,23.7,27.7,19.9,71.9,13.9,18.9
2026-02-22,23.4,27.8,19.0,61.0,6.0,17.4
2026-03-01,23.7,27.3,20.5,68.3,12.6,20.9
2026-03-08,21.7,24.8,19.0,69.7,1.6,19.7
2026-03-15,23.1,27.6,18.6,70.4,55.3,21.9
2026-03-22,19.9,24.2,15.3,70.4,18.8,14.4
2026-03-29,23.2,26.0,20.9,83.7,47.5,16.7
2026-04-05,17.3,20.3,14.0,77.1,37.1,19.6
2026-04-12,20.5,23.8,17.5,83.6,36.8,15.3
2026-04-19,18.3,22.2,14.1,78.9,16.6,15.3
2026-04-26,14.6,19.4,10.3,63.6,0.2,21.7
2026-05-03,14.3,18.4,10.3,74.9,43.3,22.1
2026-05-10,11.7,16.2,7.3,69.1,0.2,15.2
2026-05-17,10.0,13.9,6.4,69.4,1.8,12.5
2026-05-24,12.1,14.3,9.8,89.4,1.3,11.4
2026-05-31,13.5,15.8,11.4,89.3,0.5,11.5
2026-06-07,11.9,14.5,9.5,92.3,33.3,13.4
2026-06-14,9.5,13.7,5.8,76.1,9.9,16.3
2026-06-21,8.6,12.4,5.3,75.6,0.2,14.2
2026-06-28,7.4,11.7,3.3,74.9,5.3,13.1
2026-07-05,9.9,13.5,6.5,80.6,7.4,14.8
2026-07-12,13.3,16.3,10.2,84.0,23.2,17.5
2026-07-19,11.3,13.2,9.4,89.1,21.9,16.6
2026-07-26,13.8,16.6,11.2,90.4,39.7,16.4
2026-08-02,11.8,14.5,9.5,86.1,22.1,18.2
2026-08-09,9.9,12.2,7.9,77.9,8.1,17.9
2026-08-16,10.8,14.2,7.5,74.6,0.8,17.1
2026-08-23,11.0,13.8,8.1,78.3,10.7,14.0
2026-08-30,13.1,17.0,9.6,75.6,4.0,16.8
2026-09-06,11.1,14.7,7.6,72.4,2.5,15.0
2026-09-13,13.0,17.2,8.9,68.9,0.0,15.2
2026-09-20,15.4,19.4,11.8,67.5,4.9,29.2
