origin_date,target_date,horizon,neighborhood,actual,predicted,error,lower,upper
2025-05-18,2025-06-01,2,Allston/Brighton,2.8000001907348633,5.833884239196777,3.033884048461914,0.0,18.86510795982666
2025-05-18,2025-06-01,2,Back Bay/Beacon Hill/Downtown/North End/West End,1.6999998092651367,4.7849578857421875,3.084958076477051,0.0,16.58667925673826
2025-05-18,2025-06-01,2,Charlestown,10.300000190734863,13.48287582397461,3.182875633239746,0.0,33.293472879322835
2025-05-18,2025-06-01,2,Dorchester,24.299999237060547,22.466960906982422,-1.833038330078125,0.0,48.03977150118264
2025-05-18,2025-06-01,2,East Boston,1.6000003814697266,6.627077579498291,5.0270771980285645,0.0,20.515960743294638
2025-05-18,2025-06-01,2,Fenway,5.300000190734863,4.511391639709473,-0.7886085510253906,0.0,15.970783283475877
2025-05-18,2025-06-01,2,Hyde Park,4.600000381469727,7.584351539611816,2.98435115814209,0.0,22.44252843346314
2025-05-18,2025-06-01,2,Jamaica Plain,3.3999996185302734,6.33966588973999,2.939666271209717,0.0,19.924035277991656
2025-05-18,2025-06-01,2,Mattapan,5.700000762939453,12.657394409179688,6.957393646240234,0.0,31.85196734120217
2025-05-18,2025-06-01,2,Roslindale,13.100000381469727,14.375480651855469,1.2754802703857422,0.0,34.83132848739372
2025-05-18,2025-06-01,2,Roxbury,6.5,22.79547882080078,16.29547882080078,0.0,48.55457713861013
2025-05-18,2025-06-01,2,South Boston,2.09999942779541,5.65846586227417,3.5584664344787598,0.0,18.492277098957558
2025-05-18,2025-06-01,2,South End,10.200000762939453,13.13725471496582,2.937253952026367,0.0,32.69229015759455
2025-05-18,2025-06-01,2,West Roxbury,3.6999998092651367,6.239590644836426,2.539590835571289,0.0,19.716315021229967
2025-05-25,2025-06-08,2,Allston/Brighton,2.8000001907348633,4.6710100173950195,1.8710098266601562,0.0,16.331362971918914
2025-05-25,2025-06-08,2,Back Bay/Beacon Hill/Downtown/North End/West End,3.40000057220459,3.9232940673828125,0.5232934951782227,0.0,14.609701495310174
2025-05-25,2025-06-08,2,Charlestown,,11.838934898376465,,0.0,30.402552489914772
2025-05-25,2025-06-08,2,Dorchester,14.5,18.85378646850586,4.353786468505859,0.0,42.280188344856924
2025-05-25,2025-06-08,2,East Boston,,6.165990829467773,,0.0,19.562996292103982
2025-05-25,2025-06-08,2,Fenway,1.3000001907348633,4.086596965789795,2.7865967750549316,0.0,14.993142109877452
2025-05-25,2025-06-08,2,Hyde Park,,6.0174407958984375,,0.0,19.252083167978835
2025-05-25,2025-06-08,2,Jamaica Plain,6.800000190734863,5.462916374206543,-1.3370838165283203,0.0,18.073017617632118
2025-05-25,2025-06-08,2,Mattapan,8.5,10.94233512878418,2.4423351287841797,0.0,28.789174016360693
2025-05-25,2025-06-08,2,Roslindale,4.399999618530273,11.923538208007812,7.523538589477539,0.0,30.553367313921004
2025-05-25,2025-06-08,2,Roxbury,22.900001525878906,19.357425689697266,-3.5425758361816406,0.0,43.09465895360837
2025-05-25,2025-06-08,2,South Boston,2.09999942779541,4.821498870849609,2.721499443054199,0.0,16.66819726626699
2025-05-25,2025-06-08,2,South End,15.300000190734863,11.288969039916992,-4.011031150817871,0.0,29.416282229293273
2025-05-25,2025-06-08,2,West Roxbury,3.6999998092651367,5.069880485534668,1.3698806762695312,0.0,17.21789096918792
2025-06-01,2025-06-15,2,Allston/Brighton,5.699999809265137,3.463838577270508,-2.236161231994629,0.0,13.50502706681832
2025-06-01,2025-06-15,2,Back Bay/Beacon Hill/Downtown/North End/West End,1.6999998092651367,2.5729408264160156,0.8729410171508789,0.0,11.22702662016083
2025-06-01,2025-06-15,2,Charlestown,,9.739197731018066,,0.0,26.576320896937208
2025-06-01,2025-06-15,2,Dorchester,6.700000762939453,10.549720764160156,3.849720001220703,0.0,28.073459901372026
2025-06-01,2025-06-15,2,East Boston,3.09999942779541,5.646878719329834,2.546879291534424,0.0,18.46754298155841
2025-06-01,2025-06-15,2,Fenway,4.0,3.3293962478637695,-0.6706037521362305,0.0,13.173791450318562
2025-06-01,2025-06-15,2,Hyde Park,4.600000381469727,4.715877532958984,0.11587715148925781,0.0,16.43209856848521
2025-06-01,2025-06-15,2,Jamaica Plain,,4.45967960357666,,0.0,15.853205050364107
2025-06-01,2025-06-15,2,Mattapan,2.799999237060547,7.85283088684082,5.052831649780273,0.0,22.971703912109692
2025-06-01,2025-06-15,2,Roslindale,13.100000381469727,10.122543334960938,-2.977457046508789,0.0,27.287832327772314
2025-06-01,2025-06-15,2,Roxbury,9.799999237060547,12.384613037109375,2.584613800048828,0.0,31.371226892471505
2025-06-01,2025-06-15,2,South Boston,6.300000190734863,3.2771358489990234,-3.02286434173584,0.0,13.043963400087302
2025-06-01,2025-06-15,2,South End,17.799999237060547,7.546693801879883,-10.253305435180664,0.0,22.367937967034987
2025-06-01,2025-06-15,2,West Roxbury,,4.092329025268555,,0.0,15.006520514105237
2025-06-08,2025-06-22,2,Allston/Brighton,4.199999809265137,2.987442970275879,-1.2125568389892578,0.0,12.312599036975433
2025-06-08,2025-06-22,2,Back Bay/Beacon Hill/Downtown/North End/West End,1.6999998092651367,1.650435447692871,-0.049564361572265625,0.0,8.58158977096118
2025-06-08,2025-06-22,2,Charlestown,10.300000190734863,7.9621782302856445,-2.3378219604492188,0.0,23.185949303825105
2025-06-08,2025-06-22,2,Dorchester,9.5,7.143596649169922,-2.356403350830078,0.0,21.563580023541547
2025-06-08,2025-06-22,2,East Boston,1.6000003814697266,5.1445794105529785,3.544579029083252,0.0,17.381756215797587
2025-06-08,2025-06-22,2,Fenway,,2.859617233276367,,0.0,11.983091470691285
2025-06-08,2025-06-22,2,Hyde Park,6.899999618530273,4.478696823120117,-2.4213027954101562,0.0,15.896488887434067
2025-06-08,2025-06-22,2,Jamaica Plain,1.6999998092651367,3.9501876831054688,2.250187873840332,0.0,14.673159449058375
2025-06-08,2025-06-22,2,Mattapan,11.299999237060547,6.6633148193359375,-4.636684417724609,0.0,20.590118819859065
2025-06-08,2025-06-22,2,Roslindale,26.200000762939453,10.013397216796875,-16.186603546142578,0.0,27.08589320683732
2025-06-08,2025-06-22,2,Roxbury,29.399999618530273,9.278236389160156,-20.121763229370117,0.0,25.712074854827755
2025-06-08,2025-06-22,2,South Boston,2.09999942779541,2.5476999282836914,0.44770050048828125,0.0,11.159232223794724
2025-06-08,2025-06-22,2,South End,10.200000762939453,5.6136016845703125,-4.586399078369141,0.0,18.396434065856972
2025-06-08,2025-06-22,2,West Roxbury,11.0,3.9995031356811523,-7.000496864318848,0.0,14.789201854422998
2025-06-15,2025-06-29,2,Allston/Brighton,1.3999996185302734,2.702155113220215,1.3021554946899414,0.0,11.570885144175984
2025-06-15,2025-06-29,2,Back Bay/Beacon Hill/Downtown/North End/West End,,1.4408206939697266,,0.0,7.916886690836226
2025-06-15,2025-06-29,2,Charlestown,,6.9995927810668945,,0.0,21.273493919929994
2025-06-15,2025-06-29,2,Dorchester,5.75,7.489173889160156,1.7391738891601562,0.0,22.25382722420319
2025-06-15,2025-06-29,2,East Boston,3.09999942779541,4.771118640899658,1.671119213104248,0.0,16.555760950621824
2025-06-15,2025-06-29,2,Fenway,4.0,2.690776824951172,-1.3092231750488281,0.0,11.540814845944277
2025-06-15,2025-06-29,2,Hyde Park,2.299999237060547,4.352666854858398,2.0526676177978516,0.0,15.608664961657489
2025-06-15,2025-06-29,2,Jamaica Plain,1.6999998092651367,4.037096977233887,2.33709716796875,0.0,14.877386666909672
2025-06-15,2025-06-29,2,Mattapan,,6.627862930297852,,0.0,20.51756903016441
2025-06-15,2025-06-29,2,Roslindale,8.700000762939453,9.913614273071289,1.213613510131836,0.0,26.900834053774577
2025-06-15,2025-06-29,2,Roxbury,3.299999237060547,9.118904113769531,5.818904876708984,0.0,25.411024921288156
2025-06-15,2025-06-29,2,South Boston,,2.5164566040039062,,0.0,11.075022915931548
2025-06-15,2025-06-29,2,South End,7.600000381469727,4.947477340698242,-2.6525230407714844,0.0,16.947945919009463
2025-06-15,2025-06-29,2,West Roxbury,,4.049330711364746,,0.0,14.90603280160712
2025-06-22,2025-07-06,2,Allston/Brighton,2.8000001907348633,2.8108510971069336,0.010850906372070312,0.0,11.856197786058758
2025-06-22,2025-07-06,2,Back Bay/Beacon Hill/Downtown/North End/West End,1.6999998092651367,1.6669120788574219,-0.033087730407714844,0.0,8.632578040191621
2025-06-22,2025-07-06,2,Charlestown,,6.840609550476074,,0.0,20.95147654774217
2025-06-22,2025-07-06,2,Dorchester,10.049999237060547,7.464881896972656,-2.5851173400878906,0.0,22.205570362030368
2025-06-22,2025-07-06,2,East Boston,,4.687554359436035,,0.0,16.368539077567924
2025-06-22,2025-07-06,2,Fenway,1.3000001907348633,2.537968635559082,1.2379684448242188,0.0,11.1330387259756
2025-06-22,2025-07-06,2,Hyde Park,2.299999237060547,4.316158294677734,2.0161590576171875,0.0,15.524851423324328
2025-06-22,2025-07-06,2,Jamaica Plain,1.6999998092651367,4.079253196716309,2.379253387451172,0.0,14.975994197470454
2025-06-22,2025-07-06,2,Mattapan,2.799999237060547,6.273197174072266,3.4731979370117188,0.0,19.786165733358196
2025-06-22,2025-07-06,2,Roslindale,4.399999618530273,9.9560546875,5.556055068969727,0.0,26.97959697781624
2025-06-22,2025-07-06,2,Roxbury,6.5,9.071910858154297,2.571910858154297,0.0,25.32199762726495
2025-06-22,2025-07-06,2,South Boston,2.09999942779541,2.5774850845336914,0.47748565673828125,0.0,11.239209812339599
2025-06-22,2025-07-06,2,South End,7.600000381469727,5.12175178527832,-2.4782485961914062,0.0,17.331748889995403
2025-06-22,2025-07-06,2,West Roxbury,,4.228277206420898,,0.0,15.322273672579925
2025-06-29,2025-07-13,2,Allston/Brighton,1.3999996185302734,3.2153682708740234,1.81536865234375,0.0,12.889715215447094
2025-06-29,2025-07-13,2,Back Bay/Beacon Hill/Downtown/North End/West End,1.6999998092651367,2.113408088684082,0.4134082794189453,0.0,9.956692793931534
2025-06-29,2025-07-13,2,Charlestown,,7.227448463439941,,0.0,21.73181609561692
2025-06-29,2025-07-13,2,Dorchester,11.900001525878906,8.179252624511719,-3.7207489013671875,0.0,23.609152510336422
2025-06-29,2025-07-13,2,East Boston,1.6000003814697266,4.850747108459473,3.250746726989746,0.0,16.73332347133848
2025-06-29,2025-07-13,2,Fenway,2.5999999046325684,2.7404842376708984,0.14048433303833008,0.0,11.671892698976832
2025-06-29,2025-07-13,2,Hyde Park,4.600000381469727,4.442729949951172,-0.1572704315185547,0.0,15.814583419356977
2025-06-29,2025-07-13,2,Jamaica Plain,1.6999998092651367,4.227575302124023,2.5275754928588867,0.0,15.320650914871857
2025-06-29,2025-07-13,2,Mattapan,8.5,6.562992095947266,-1.9370079040527344,0.0,20.38455764773149
2025-06-29,2025-07-13,2,Roslindale,8.700000762939453,10.209053039550781,1.5090522766113281,0.0,27.44753533965479
2025-06-29,2025-07-13,2,Roxbury,9.799999237060547,9.879497528076172,0.079498291015625,0.0,26.837462180204174
2025-06-29,2025-07-13,2,South Boston,4.199999809265137,2.775035858154297,-1.4249639511108398,0.0,11.762570903991135
2025-06-29,2025-07-13,2,South End,2.5,5.844686508178711,3.344686508178711,0.0,18.88796923408178
2025-06-29,2025-07-13,2,West Roxbury,,4.43112850189209,,0.0,15.788124416397928
2025-07-06,2025-07-20,2,Allston/Brighton,5.699999809265137,3.3659915924072266,-2.33400821685791,0.0,13.264341694862166
2025-07-06,2025-07-20,2,Back Bay/Beacon Hill/Downtown/North End/West End,3.40000057220459,2.427461624145508,-0.972538948059082,0.0,10.833328032842969
2025-07-06,2025-07-20,2,Charlestown,,7.779268264770508,,0.0,22.827160463544534
2025-07-06,2025-07-20,2,Dorchester,8.900001525878906,7.732089996337891,-1.1679115295410156,0.0,22.734282964929182
2025-07-06,2025-07-20,2,East Boston,3.09999942779541,4.94575834274292,1.8457589149475098,0.0,16.944141962225224
2025-07-06,2025-07-20,2,Fenway,,2.826353073120117,,0.0,11.896608222685007
2025-07-06,2025-07-20,2,Hyde Park,,4.226005554199219,,0.0,15.317021481675747
2025-07-06,2025-07-20,2,Jamaica Plain,3.3999996185302734,4.201759338378906,0.8017597198486328,0.0,15.260912790728787
2025-07-06,2025-07-20,2,Mattapan,2.799999237060547,6.381711959838867,3.5817127227783203,0.0,20.01105417903468
2025-07-06,2025-07-20,2,Roslindale,,9.939929962158203,,0.0,26.9496810878604
2025-07-06,2025-07-20,2,Roxbury,9.799999237060547,9.603572845458984,-0.1964263916015625,0.0,26.323050865458598
2025-07-06,2025-07-20,2,South Boston,,2.832076072692871,,0.0,11.911509625360067
2025-07-06,2025-07-20,2,South End,17.799999237060547,6.08588981628418,-11.714109420776367,0.0,19.39559206122953
2025-07-06,2025-07-20,2,West Roxbury,3.6999998092651367,4.37992000579834,0.6799201965332031,0.0,15.671101454815542
2025-07-13,2025-07-27,2,Allston/Brighton,4.199999809265137,3.438725471496582,-0.7612743377685547,0.0,13.443448037149459
2025-07-13,2025-07-27,2,Back Bay/Beacon Hill/Downtown/North End/West End,1.6999998092651367,2.6030874252319336,0.9030876159667969,0.0,11.30772461381637
2025-07-13,2025-07-27,2,Charlestown,10.300000190734863,7.948278427124023,-2.35172176361084,0.0,23.158755409011434
2025-07-13,2025-07-27,2,Dorchester,3.549999237060547,7.231433868408203,3.6814346313476562,0.0,21.73979999413413
2025-07-13,2025-07-27,2,East Boston,,4.84705114364624,,0.0,16.725099755238205
2025-07-13,2025-07-27,2,Fenway,1.3000001907348633,2.83174991607666,1.5317497253417969,0.0,11.910660636285664
2025-07-13,2025-07-27,2,Hyde Park,2.299999237060547,4.133190155029297,1.83319091796875,0.0,15.101734372244033
2025-07-13,2025-07-27,2,Jamaica Plain,3.3999996185302734,4.202695846557617,0.8026962280273438,0.0,15.263081688697621
2025-07-13,2025-07-27,2,Mattapan,2.799999237060547,6.1336822509765625,3.3336830139160156,0.0,19.495542778951688
2025-07-13,2025-07-27,2,Roslindale,,9.833795547485352,,0.0,26.752491454464288
2025-07-13,2025-07-27,2,Roxbury,6.5,9.26992416381836,2.7699241638183594,0.0,25.69639957192953
2025-07-13,2025-07-27,2,South Boston,4.199999809265137,2.8337106704711914,-1.3662891387939453,0.0,11.915764047017129
2025-07-13,2025-07-27,2,South End,5.100000381469727,6.144111633300781,1.0441112518310547,0.0,19.517327229755452
2025-07-13,2025-07-27,2,West Roxbury,,4.298529624938965,,0.0,15.484309260878652
2025-07-20,2025-08-03,2,Allston/Brighton,7.100000381469727,3.1756362915039062,-3.9243640899658203,0.0,12.790024974140461
2025-07-20,2025-08-03,2,Back Bay/Beacon Hill/Downtown/North End/West End,5.099999904632568,2.4302473068237305,-2.669752597808838,0.0,10.84093549358169
2025-07-20,2025-08-03,2,Charlestown,5.199999809265137,7.6611833572387695,2.461183547973633,0.0,22.594429566001185
2025-07-20,2025-08-03,2,Dorchester,13.5,5.7891845703125,-7.7108154296875,0.0,18.770389175879473
2025-07-20,2025-08-03,2,East Boston,4.699999809265137,4.568849086761475,-0.1311507225036621,0.0,16.10098371538764
2025-07-20,2025-08-03,2,Fenway,,2.600646495819092,,0.0,11.301201534102969
2025-07-20,2025-08-03,2,Hyde Park,2.299999237060547,4.032222747802734,1.7322235107421875,0.0,14.865966394911217
2025-07-20,2025-08-03,2,Jamaica Plain,1.6999998092651367,3.9875364303588867,2.28753662109375,0.0,14.761081408669504
2025-07-20,2025-08-03,2,Mattapan,8.5,6.012163162231445,-2.4878368377685547,0.0,19.241000498723707
2025-07-20,2025-08-03,2,Roslindale,13.100000381469727,9.794105529785156,-3.3058948516845703,0.0,26.678624283679067
2025-07-20,2025-08-03,2,Roxbury,16.299999237060547,8.218730926513672,-8.081268310546875,0.0,23.685823268160227
2025-07-20,2025-08-03,2,South Boston,,2.5916900634765625,,0.0,11.27725014930881
2025-07-20,2025-08-03,2,South End,5.100000381469727,5.449956893920898,0.3499565124511719,0.0,18.04509201106388
2025-07-20,2025-08-03,2,West Roxbury,,4.177562713623047,,0.0,15.204827077878088
2025-07-27,2025-08-10,2,Allston/Brighton,8.5,2.8642053604125977,-5.635794639587402,0.0,11.994995766266038
2025-07-27,2025-08-10,2,Back Bay/Beacon Hill/Downtown/North End/West End,1.6999998092651367,2.013564109802246,0.3135643005371094,0.0,9.66933676207432
2025-07-27,2025-08-10,2,Charlestown,,7.1366376876831055,,0.0,21.549595710232346
2025-07-27,2025-08-10,2,Dorchester,10.799999237060547,6.815685272216797,-3.98431396484375,0.0,20.900821804809382
2025-07-27,2025-08-10,2,East Boston,4.699999809265137,4.355677127838135,-0.34432268142700195,0.0,15.615566845424071
2025-07-27,2025-08-10,2,Fenway,,2.499831199645996,,0.0,11.030078839154841
2025-07-27,2025-08-10,2,Hyde Park,6.899999618530273,4.616752624511719,-2.2832469940185547,0.0,16.209185760062788
2025-07-27,2025-08-10,2,Jamaica Plain,1.6999998092651367,4.161101341247559,2.461101531982422,0.0,15.1666182069066
2025-07-27,2025-08-10,2,Mattapan,11.299999237060547,6.626054763793945,-4.673944473266602,0.0,20.513866088924367
2025-07-27,2025-08-10,2,Roslindale,,10.178688049316406,,0.0,27.391514877320553
2025-07-27,2025-08-10,2,Roxbury,6.5,9.379974365234375,2.879974365234375,0.0,25.903667574659135
2025-07-27,2025-08-10,2,South Boston,2.09999942779541,2.7485179901123047,0.6485185623168945,0.0,11.693008120444983
2025-07-27,2025-08-10,2,South End,5.100000381469727,5.783658981323242,0.6836585998535156,0.0,18.75866703846087
2025-07-27,2025-08-10,2,West Roxbury,3.6999998092651367,4.115534782409668,0.41553497314453125,0.0,15.060627262090415
2025-08-03,2025-08-17,2,Allston/Brighton,2.8000001907348633,2.7137508392333984,-0.08624935150146484,0.0,11.60148963670668
2025-08-03,2025-08-17,2,Back Bay/Beacon Hill/Downtown/North End/West End,,1.8050098419189453,,0.0,9.05347547846104
2025-08-03,2025-08-17,2,Charlestown,5.199999809265137,6.815335273742676,1.615335464477539,0.0,20.9001101523425
2025-08-03,2025-08-17,2,Dorchester,22.849998474121094,8.024662017822266,-14.825336456298828,0.0,23.308051195055526
2025-08-03,2025-08-17,2,East Boston,3.09999942779541,4.139081954956055,1.0390825271606445,0.0,15.115441134910547
2025-08-03,2025-08-17,2,Fenway,1.3000001907348633,2.515873908996582,1.2158737182617188,0.0,11.073449279420023
2025-08-03,2025-08-17,2,Hyde Park,2.299999237060547,5.328855514526367,3.0288562774658203,0.0,17.78326870084573
2025-08-03,2025-08-17,2,Jamaica Plain,5.09999942779541,4.315910339355469,-0.7840890884399414,0.0,15.524281504018813
2025-08-03,2025-08-17,2,Mattapan,8.5,7.39445686340332,-1.1055431365966797,0.0,22.065447404933877
2025-08-03,2025-08-17,2,Roslindale,,10.872234344482422,,0.0,28.661814541259034
2025-08-03,2025-08-17,2,Roxbury,16.299999237060547,10.571598052978516,-5.728401184082031,0.0,28.11349754552389
2025-08-03,2025-08-17,2,South Boston,10.600000381469727,2.874898910522461,-7.725101470947266,0.0,12.022718402388746
2025-08-03,2025-08-17,2,South End,10.200000762939453,6.004367828369141,-4.1956329345703125,0.0,19.224626168435233
2025-08-03,2025-08-17,2,West Roxbury,3.6999998092651367,4.413915634155273,0.7139158248901367,0.0,15.748831769035494
2025-08-10,2025-08-24,2,Allston/Brighton,7.100000381469727,2.887301445007324,-4.212698936462402,0.0,12.054831898692038
2025-08-10,2025-08-24,2,Back Bay/Beacon Hill/Downtown/North End/West End,1.6999998092651367,2.0627784729003906,0.3627786636352539,0.0,9.811545299758391
2025-08-10,2025-08-24,2,Charlestown,10.300000190734863,6.998796463012695,-3.301203727722168,0.0,21.27188563403439
2025-08-10,2025-08-24,2,Dorchester,13.400001525878906,9.762836456298828,-3.637165069580078,0.0,26.620380550304056
2025-08-10,2025-08-24,2,East Boston,,4.13340950012207,,0.0,15.10224475940598
2025-08-10,2025-08-24,2,Fenway,,2.7243757247924805,,0.0,11.629496176726919
2025-08-10,2025-08-24,2,Hyde Park,2.299999237060547,5.8294878005981445,3.5294885635375977,0.0,18.855800404521766
2025-08-10,2025-08-24,2,Jamaica Plain,5.09999942779541,4.553291320800781,-0.5467081069946289,0.0,16.065774693350626
2025-08-10,2025-08-24,2,Mattapan,2.799999237060547,8.336687088012695,5.536687850952148,0.0,23.914376751693226
2025-08-10,2025-08-24,2,Roslindale,8.700000762939453,11.655990600585938,2.9559898376464844,0.0,30.07562014807849
2025-08-10,2025-08-24,2,Roxbury,6.5,12.173225402832031,5.673225402832031,0.0,30.997104684243524
2025-08-10,2025-08-24,2,South Boston,4.199999809265137,3.1218414306640625,-1.0781583786010742,0.0,12.654449054433806
2025-08-10,2025-08-24,2,South End,5.100000381469727,6.851728439331055,1.7517280578613281,0.0,20.974058849053627
2025-08-10,2025-08-24,2,West Roxbury,11.0,4.97770881652832,-6.02229118347168,0.0,17.01478588531261
2025-08-17,2025-08-31,2,Allston/Brighton,4.199999809265137,3.396328926086426,-0.8036708831787109,0.0,13.339185372977257
2025-08-17,2025-08-31,2,Back Bay/Beacon Hill/Downtown/North End/West End,,2.655867576599121,,0.0,11.448309446642684
2025-08-17,2025-08-31,2,Charlestown,5.199999809265137,7.709966659545898,2.5099668502807617,0.0,22.69068184411428
2025-08-17,2025-08-31,2,Dorchester,11.150001525878906,11.414131164550781,0.264129638671875,0.0,29.641657176157146
2025-08-17,2025-08-31,2,East Boston,9.399999618530273,4.2417731285095215,-5.158226490020752,0.0,15.353460538516574
2025-08-17,2025-08-31,2,Fenway,4.0,3.0536298751831055,-0.9463701248168945,0.0,12.481519623615457
2025-08-17,2025-08-31,2,Hyde Park,2.299999237060547,5.699039459228516,3.3990402221679688,0.0,18.578780440300093
2025-08-17,2025-08-31,2,Jamaica Plain,3.3999996185302734,4.66956090927124,1.2695612907409668,0.0,16.328105002023335
2025-08-17,2025-08-31,2,Mattapan,2.799999237060547,8.881160736083984,6.0811614990234375,0.0,24.95949903744766
2025-08-17,2025-08-31,2,Roslindale,,11.902084350585938,,0.0,30.515145713660587
2025-08-17,2025-08-31,2,Roxbury,16.299999237060547,13.485424041748047,-2.8145751953125,0.0,33.2978930764568
2025-08-17,2025-08-31,2,South Boston,,3.325863838195801,,0.0,13.165035320971956
2025-08-17,2025-08-31,2,South End,5.100000381469727,7.668088912963867,2.5680885314941406,0.0,22.608063790893745
2025-08-17,2025-08-31,2,West Roxbury,11.0,5.341342926025391,-5.658657073974609,0.0,17.810340142339935
2025-08-24,2025-09-07,2,Allston/Brighton,5.699999809265137,4.017899513244629,-1.6821002960205078,0.0,14.832384266606143
2025-08-24,2025-09-07,2,Back Bay/Beacon Hill/Downtown/North End/West End,8.600000381469727,3.2375621795654297,-5.362438201904297,0.0,12.945240039774333
2025-08-24,2025-09-07,2,Charlestown,10.300000190734863,8.610384941101074,-1.689615249633789,0.0,24.441721478220437
2025-08-24,2025-09-07,2,Dorchester,5.0,11.413604736328125,6.413604736328125,0.0,29.640710409556405
2025-08-24,2025-09-07,2,East Boston,3.09999942779541,4.291987895965576,1.191988468170166,0.0,15.469252736560405
2025-08-24,2025-09-07,2,Fenway,2.5999999046325684,3.3095664978027344,0.709566593170166,0.0,13.124601507117019
2025-08-24,2025-09-07,2,Hyde Park,11.5,4.935141563415527,-6.564858436584473,0.0,16.920640138995438
2025-08-24,2025-09-07,2,Jamaica Plain,1.6999998092651367,4.493845462799072,2.7938456535339355,0.0,15.930930863344383
2025-08-24,2025-09-07,2,Mattapan,5.700000762939453,8.735252380371094,3.0352516174316406,0.0,24.680968415830474
2025-08-24,2025-09-07,2,Roslindale,,11.763710021972656,,0.0,30.268256793834706
2025-08-24,2025-09-07,2,Roxbury,29.399999618530273,13.377506256103516,-16.022493362426758,0.0,33.11054091112486
2025-08-24,2025-09-07,2,South Boston,,3.1988964080810547,,0.0,12.848431400497752
2025-08-24,2025-09-07,2,South End,17.799999237060547,7.949689865112305,-9.850309371948242,0.0,23.16151730875221
2025-08-24,2025-09-07,2,West Roxbury,7.300000190734863,5.52484130859375,-1.7751588821411133,0.0,18.2062121062109
2025-08-31,2025-09-14,2,Allston/Brighton,7.100000381469727,4.259845733642578,-2.8401546478271484,0.0,15.395179350751768
2025-08-31,2025-09-14,2,Back Bay/Beacon Hill/Downtown/North End/West End,1.6999998092651367,3.5271644592285156,1.827164649963379,0.0,13.659723712603643
2025-08-31,2025-09-14,2,Charlestown,5.199999809265137,9.0487699508667,3.8487701416015625,0.0,25.278117877397328
2025-08-31,2025-09-14,2,Dorchester,24.650001525878906,10.248119354248047,-14.40188217163086,0.0,27.519552847061597
2025-08-31,2025-09-14,2,East Boston,4.699999809265137,4.171510696411133,-0.5284891128540039,0.0,15.19078459034834
2025-08-31,2025-09-14,2,Fenway,1.3000001907348633,3.446168899536133,2.1461687088012695,0.0,13.461713669187848
2025-08-31,2025-09-14,2,Hyde Park,11.5,4.433586120605469,-7.066413879394531,0.0,15.793731040684515
2025-08-31,2025-09-14,2,Jamaica Plain,5.09999942779541,4.470770359039307,-0.6292290687561035,0.0,15.878454260086889
2025-08-31,2025-09-14,2,Mattapan,5.700000762939453,7.919927597045898,2.2199268341064453,0.0,23.103253109627765
2025-08-31,2025-09-14,2,Roslindale,4.399999618530273,11.763250350952148,7.363250732421875,0.0,30.267435583513326
2025-08-31,2025-09-14,2,Roxbury,6.5,12.24371337890625,5.74371337890625,0.0,31.122012992132916
2025-08-31,2025-09-14,2,South Boston,4.199999809265137,3.135805130004883,-1.064194679260254,0.0,12.689708190153882
2025-08-31,2025-09-14,2,South End,5.100000381469727,7.774772644042969,2.674772262573242,0.0,22.818316143798324
2025-08-31,2025-09-14,2,West Roxbury,3.6999998092651367,5.598971366882324,1.8989715576171875,0.0,18.36513540221631
2025-09-07,2025-09-21,2,Allston/Brighton,5.699999809265137,4.376607894897461,-1.3233919143676758,0.0,15.663519320964047
2025-09-07,2025-09-21,2,Back Bay/Beacon Hill/Downtown/North End/West End,5.099999904632568,3.407406806945801,-1.6925930976867676,0.0,13.366465469739023
2025-09-07,2025-09-21,2,Charlestown,,9.393996238708496,,0.0,25.930035250113953
2025-09-07,2025-09-21,2,Dorchester,28.950000762939453,7.680397033691406,-21.269603729248047,0.0,22.6323572503169
2025-09-07,2025-09-21,2,East Boston,1.6000003814697266,4.0217790603637695,2.421778678894043,0.0,14.841483603352259
2025-09-07,2025-09-21,2,Fenway,4.0,3.2757763862609863,-0.7242236137390137,0.0,13.040577928050089
2025-09-07,2025-09-21,2,Hyde Park,4.600000381469727,3.850391387939453,-0.7496089935302734,0.0,14.43704578899841
2025-09-07,2025-09-21,2,Jamaica Plain,3.3999996185302734,4.117823600769043,0.7178239822387695,0.0,15.06595916572135
2025-09-07,2025-09-21,2,Mattapan,2.799999237060547,6.763675689697266,3.9636764526367188,0.0,20.794968410554056
2025-09-07,2025-09-21,2,Roslindale,8.700000762939453,11.418638229370117,2.718637466430664,0.0,29.649762610918238
2025-09-07,2025-09-21,2,Roxbury,35.900001525878906,9.956958770751953,-25.943042755126953,0.0,26.981273975167966
2025-09-07,2025-09-21,2,South Boston,4.199999809265137,2.7071752548217773,-1.4928245544433594,0.0,11.58413975404629
2025-09-07,2025-09-21,2,South End,12.700000762939453,6.640359878540039,-6.059640884399414,0.0,20.543154450180317
2025-09-07,2025-09-21,2,West Roxbury,,5.438974380493164,,0.0,18.021412516652184
2025-09-14,2025-09-28,2,Allston/Brighton,11.300000190734863,4.040959358215332,-7.259040832519531,0.0,14.886433382008379
2025-09-14,2025-09-28,2,Back Bay/Beacon Hill/Downtown/North End/West End,6.800000190734863,3.1698760986328125,-3.630124092102051,0.0,12.775541195783688
2025-09-14,2025-09-28,2,Charlestown,15.5,10.149980545043945,-5.350019454956055,0.0,27.338517101058486
2025-09-14,2025-09-28,2,Dorchester,15.950000762939453,5.58544921875,-10.364551544189453,0.0,18.336188071162184
2025-09-14,2025-09-28,2,East Boston,1.6000003814697266,3.9615397453308105,2.361539363861084,0.0,14.699908312962265
2025-09-14,2025-09-28,2,Fenway,2.5999999046325684,3.040191650390625,0.44019174575805664,0.0,12.447313689346752
2025-09-14,2025-09-28,2,Hyde Park,13.800000190734863,2.957813262939453,-10.84218692779541,0.0,12.236610258994622
2025-09-14,2025-09-28,2,Jamaica Plain,3.3999996185302734,3.8063783645629883,0.40637874603271484,0.0,14.33235193710677
2025-09-14,2025-09-28,2,Mattapan,,5.8546905517578125,,0.0,18.9091312567954
2025-09-14,2025-09-28,2,Roslindale,30.5,9.897449493408203,-20.602550506591797,0.0,26.870814251883825
2025-09-14,2025-09-28,2,Roxbury,26.100000381469727,8.168144226074219,-17.931856155395508,0.0,23.587562731807964
2025-09-14,2025-09-28,2,South Boston,6.300000190734863,2.285691261291504,-4.014308929443359,0.0,10.44240237488986
2025-09-14,2025-09-28,2,South End,7.600000381469727,5.680448532104492,-1.9195518493652344,0.0,18.539164749069606
2025-09-14,2025-09-28,2,West Roxbury,11.0,4.7007598876953125,-6.2992401123046875,0.0,16.39818655785509
2025-09-21,2025-10-05,2,Allston/Brighton,8.5,4.021756172180176,-4.478243827819824,0.0,14.841429927334149
2025-09-21,2025-10-05,2,Back Bay/Beacon Hill/Downtown/North End/West End,3.40000057220459,2.881214141845703,-0.5187864303588867,0.0,12.039075535517801
2025-09-21,2025-10-05,2,Charlestown,,10.231040000915527,,0.0,27.488075343600247
2025-09-21,2025-10-05,2,Dorchester,13.5,4.207588195800781,-9.292411804199219,0.0,15.2744098512538
2025-09-21,2025-10-05,2,East Boston,3.09999942779541,4.488754749298096,1.3887553215026855,0.0,15.919360240387517
2025-09-21,2025-10-05,2,Fenway,4.0,2.8468070030212402,-1.1531929969787598,0.0,11.949823084660867
2025-09-21,2025-10-05,2,Hyde Park,,2.618011474609375,,0.0,11.347565761193081
2025-09-21,2025-10-05,2,Jamaica Plain,1.6999998092651367,3.655475616455078,1.9554758071899414,0.0,13.970689630234949
2025-09-21,2025-10-05,2,Mattapan,5.700000762939453,5.261646270751953,-0.4383544921875,0.0,17.637270704286276
2025-09-21,2025-10-05,2,Roslindale,8.700000762939453,9.492738723754883,0.7927379608154297,0.0,26.115457633476193
2025-09-21,2025-10-05,2,Roxbury,39.20000076293945,6.946033477783203,-32.25396728515625,0.0,21.165219414500097
2025-09-21,2025-10-05,2,South Boston,6.300000190734863,2.0139636993408203,-4.286036491394043,0.0,9.67049595367614
2025-09-21,2025-10-05,2,South End,7.600000381469727,4.89234733581543,-2.707653045654297,0.0,16.825767678439576
2025-09-21,2025-10-05,2,West Roxbury,7.300000190734863,4.538736343383789,-2.761263847351074,0.0,16.032804678746217
2025-09-28,2025-10-12,2,Allston/Brighton,7.100000381469727,4.208695411682129,-2.8913049697875977,0.0,15.276973074011158
2025-09-28,2025-10-12,2,Back Bay/Beacon Hill/Downtown/North End/West End,1.6999998092651367,3.0583534240722656,1.358353614807129,0.0,12.49353218453583
2025-09-28,2025-10-12,2,Charlestown,5.199999809265137,9.960456848144531,4.7604570388793945,0.0,26.98776227999582
2025-09-28,2025-10-12,2,Dorchester,12.099998474121094,4.9297943115234375,-7.170204162597656,0.0,16.908797951867363
2025-09-28,2025-10-12,2,East Boston,,4.767767906188965,,0.0,16.54827133901768
2025-09-28,2025-10-12,2,Fenway,1.3000001907348633,2.92012357711792,1.6201233863830566,0.0,12.139613896147967
2025-09-28,2025-10-12,2,Hyde Park,6.899999618530273,3.2315025329589844,-3.668497085571289,0.0,12.930091355643157
2025-09-28,2025-10-12,2,Jamaica Plain,,3.8737382888793945,,0.0,14.492440345020006
2025-09-28,2025-10-12,2,Mattapan,5.700000762939453,5.905689239501953,0.2056884765625,0.0,19.01686358447064
2025-09-28,2025-10-12,2,Roslindale,8.700000762939453,9.984533309936523,1.2845325469970703,0.0,27.032405560971714
2025-09-28,2025-10-12,2,Roxbury,6.5,7.723506927490234,1.2235069274902344,0.0,22.717370931394107
2025-09-28,2025-10-12,2,South Boston,2.09999942779541,2.298062324523926,0.19806289672851562,0.0,10.47681732076079
2025-09-28,2025-10-12,2,South End,10.200000762939453,5.122747421264648,-5.077253341674805,0.0,17.33393124121907
2025-09-28,2025-10-12,2,West Roxbury,7.300000190734863,4.701964378356934,-2.5980358123779297,0.0,16.400889586954726
2025-10-05,2025-10-19,2,Allston/Brighton,4.199999809265137,4.867969512939453,0.6679697036743164,0.0,16.771621516952806
2025-10-05,2025-10-19,2,Back Bay/Beacon Hill/Downtown/North End/West End,5.099999904632568,3.245746612548828,-1.8542532920837402,0.0,12.96568704642199
2025-10-05,2025-10-19,2,Charlestown,5.199999809265137,10.175236701965332,4.975236892700195,0.0,27.385145055567328
2025-10-05,2025-10-19,2,Dorchester,19.450000762939453,8.991104125976562,-10.45889663696289,0.0,25.168656363801336
2025-10-05,2025-10-19,2,East Boston,12.5,5.43199348449707,-7.06800651550293,0.0,18.006354280293003
2025-10-05,2025-10-19,2,Fenway,2.5999999046325684,3.1040401458740234,0.5040402412414551,0.0,12.609430618591825
2025-10-05,2025-10-19,2,Hyde Park,9.199999809265137,5.0301971435546875,-4.169802665710449,0.0,17.130571327260117
2025-10-05,2025-10-19,2,Jamaica Plain,1.6999998092651367,4.62200927734375,2.9220094680786133,0.0,16.22104013053367
2025-10-05,2025-10-19,2,Mattapan,8.5,7.6381683349609375,-0.8618316650390625,0.0,22.548967130165224
2025-10-05,2025-10-19,2,Roslindale,13.100000381469727,11.861093521118164,-1.2389068603515625,0.0,30.442075508476275
2025-10-05,2025-10-19,2,Roxbury,16.299999237060547,11.322162628173828,-4.977836608886719,0.0,29.47610663327567
2025-10-05,2025-10-19,2,South Boston,2.09999942779541,3.036532402038574,0.9365329742431641,0.0,12.437991416405364
2025-10-05,2025-10-19,2,South End,17.799999237060547,6.712221145629883,-11.087778091430664,0.0,20.690040566509424
2025-10-05,2025-10-19,2,West Roxbury,11.0,5.325474739074707,-5.674525260925293,0.0,17.775936584002935
2025-10-12,2025-10-26,2,Allston/Brighton,9.899999618530273,5.974976539611816,-3.925023078918457,0.0,19.16283870508173
2025-10-12,2025-10-26,2,Back Bay/Beacon Hill/Downtown/North End/West End,3.40000057220459,4.112421989440918,0.7124214172363281,0.0,15.053374514857664
2025-10-12,2025-10-26,2,Charlestown,5.199999809265137,11.129590034484863,5.929590225219727,0.0,29.12848658227628
2025-10-12,2025-10-26,2,Dorchester,24.700000762939453,16.63465118408203,-8.065349578857422,0.0,38.639234367459245
2025-10-12,2025-10-26,2,East Boston,14.0,6.035341739654541,-7.964658260345459,0.0,19.289654987103198
2025-10-12,2025-10-26,2,Fenway,2.5999999046325684,3.510098934173584,0.9100990295410156,0.0,13.618116220410352
2025-10-12,2025-10-26,2,Hyde Park,13.800000190734863,7.25930118560791,-6.540699005126953,0.0,21.79559541534058
2025-10-12,2025-10-26,2,Jamaica Plain,,5.303798198699951,,0.0,17.728895344528127
2025-10-12,2025-10-26,2,Mattapan,2.799999237060547,9.928921699523926,7.128922462463379,0.0,26.92925124577714
2025-10-12,2025-10-26,2,Roslindale,8.700000762939453,14.317180633544922,5.617179870605469,0.0,34.73150680038373
2025-10-12,2025-10-26,2,Roxbury,16.299999237060547,17.248641967773438,0.9486427307128906,0.0,39.655643868878855
2025-10-12,2025-10-26,2,South Boston,2.09999942779541,4.459418296813965,2.3594188690185547,0.0,15.852609947328238
2025-10-12,2025-10-26,2,South End,7.600000381469727,9.490930557250977,1.89093017578125,0.0,26.11206625290538
2025-10-12,2025-10-26,2,West Roxbury,3.6999998092651367,6.381823539733887,2.68182373046875,0.0,20.011284908300297
2025-10-19,2025-11-02,2,Allston/Brighton,12.699999809265137,6.343559265136719,-6.356440544128418,0.0,19.932099293670383
2025-10-19,2025-11-02,2,Back Bay/Beacon Hill/Downtown/North End/West End,12.0,4.604037284851074,-7.395962715148926,0.0,16.180495624987486
2025-10-19,2025-11-02,2,Charlestown,,11.69269847869873,,0.0,30.14130943303274
2025-10-19,2025-11-02,2,Dorchester,25.049999237060547,18.997482299804688,-6.052516937255859,0.0,42.51298793603148
2025-10-19,2025-11-02,2,East Boston,3.09999942779541,6.372175216674805,3.2721757888793945,0.0,19.991329877008184
2025-10-19,2025-11-02,2,Fenway,,3.760708808898926,,0.0,14.223345643137085
2025-10-19,2025-11-02,2,Hyde Park,6.899999618530273,8.049518585205078,1.1495189666748047,0.0,23.356559778273784
2025-10-19,2025-11-02,2,Jamaica Plain,8.5,5.646899223327637,-2.8531007766723633,0.0,18.46758676165672
2025-10-19,2025-11-02,2,Mattapan,11.299999237060547,10.922073364257812,-0.3779258728027344,0.0,28.752381228324527
2025-10-19,2025-11-02,2,Roslindale,13.100000381469727,15.422510147094727,2.322509765625,0.0,36.61021085366585
2025-10-19,2025-11-02,2,Roxbury,19.599998474121094,19.451190948486328,-0.14880752563476562,0.0,43.24584504582913
2025-10-19,2025-11-02,2,South Boston,2.09999942779541,4.7688798904418945,2.6688804626464844,0.0,16.550757023799296
2025-10-19,2025-11-02,2,South End,7.600000381469727,10.589767456054688,2.989767074584961,0.0,28.14673510622666
2025-10-19,2025-11-02,2,West Roxbury,3.6999998092651367,6.884090900421143,3.184091091156006,0.0,21.03973370510267
2025-10-26,2025-11-09,2,Allston/Brighton,4.199999809265137,6.984228610992432,2.784228801727295,0.0,21.242455472160422
2025-10-26,2025-11-09,2,Back Bay/Beacon Hill/Downtown/North End/West End,10.300000190734863,5.155026435852051,-5.1449737548828125,0.0,17.40462187141633
2025-10-26,2025-11-09,2,Charlestown,15.5,12.520732879638672,-2.979267120361328,0.0,31.61140296087911
2025-10-26,2025-11-09,2,Dorchester,30.10000228881836,21.282821655273438,-8.817180633544922,0.0,46.17259261119109
2025-10-26,2025-11-09,2,East Boston,3.09999942779541,7.203874588012695,4.103875160217285,0.0,21.68456834497308
2025-10-26,2025-11-09,2,Fenway,6.599999904632568,3.9480814933776855,-2.651918411254883,0.0,14.668194202235513
2025-10-26,2025-11-09,2,Hyde Park,2.299999237060547,8.768590927124023,6.468591690063477,0.0,24.744706813417086
2025-10-26,2025-11-09,2,Jamaica Plain,3.3999996185302734,5.909062385559082,2.5090627670288086,0.0,19.02398054356466
2025-10-26,2025-11-09,2,Mattapan,11.299999237060547,11.670050621032715,0.37005138397216797,0.0,30.100786145071286
2025-10-26,2025-11-09,2,Roslindale,17.5,16.580869674682617,-0.9191303253173828,0.0,38.54985253862156
2025-10-26,2025-11-09,2,Roxbury,26.100000381469727,21.38705062866211,-4.712949752807617,0.0,46.33769384260555
2025-10-26,2025-11-09,2,South Boston,6.300000190734863,5.1524577140808105,-1.1475424766540527,0.0,17.39900081580525
2025-10-26,2025-11-09,2,South End,2.5,11.681024551391602,9.181024551391602,0.0,30.120423708896098
2025-10-26,2025-11-09,2,West Roxbury,11.0,7.461153984069824,-3.538846015930176,0.0,22.198161288068004
2025-11-02,2025-11-16,2,Allston/Brighton,15.600000381469727,8.028594970703125,-7.571405410766602,0.0,23.315728946546233
2025-11-02,2025-11-16,2,Back Bay/Beacon Hill/Downtown/North End/West End,10.300000190734863,5.966250419616699,-4.333749771118164,0.0,19.144478997887717
2025-11-02,2025-11-16,2,Charlestown,,14.675357818603516,,0.0,35.34346222676524
2025-11-02,2025-11-16,2,Dorchester,38.04999923706055,22.112220764160156,-15.93777847290039,0.0,47.48233822908776
2025-11-02,2025-11-16,2,East Boston,10.899999618530273,8.358708381652832,-2.5412912368774414,0.0,23.95695864923114
2025-11-02,2025-11-16,2,Fenway,5.300000190734863,3.884572982788086,-1.4154272079467773,0.0,14.518114716052843
2025-11-02,2025-11-16,2,Hyde Park,13.800000190734863,9.922788619995117,-3.877211570739746,0.0,26.9178668165933
2025-11-02,2025-11-16,2,Jamaica Plain,1.6999998092651367,5.9775872230529785,4.277587413787842,0.0,19.168330200950983
2025-11-02,2025-11-16,2,Mattapan,22.600000381469727,11.552529335021973,-11.047471046447754,0.0,29.890228224645593
2025-11-02,2025-11-16,2,Roslindale,21.799999237060547,19.012298583984375,-2.787700653076172,0.0,42.5369723958338
2025-11-02,2025-11-16,2,Roxbury,39.20000076293945,21.894474029541016,-17.305526733398438,0.0,47.139368263875696
2025-11-02,2025-11-16,2,South Boston,2.09999942779541,5.54684591293335,3.4468464851379395,0.0,18.253445602319537
2025-11-02,2025-11-16,2,South End,17.799999237060547,11.926860809326172,-5.873138427734375,0.0,30.55928541927752
2025-11-02,2025-11-16,2,West Roxbury,14.699999809265137,8.534998893737793,-6.165000915527344,0.0,24.29687943927984
2025-11-09,2025-11-23,2,Allston/Brighton,12.699999809265137,8.835506439208984,-3.8644933700561523,0.0,24.872465520076858
2025-11-09,2025-11-23,2,Back Bay/Beacon Hill/Downtown/North End/West End,17.100000381469727,6.634709358215332,-10.465291023254395,0.0,20.53158747774997
2025-11-09,2025-11-23,2,Charlestown,5.199999809265137,17.593244552612305,12.393244743347168,0.0,40.22296906498613
2025-11-09,2025-11-23,2,Dorchester,44.5,21.097652435302734,-23.402347564697266,0.0,45.87891127643476
2025-11-09,2025-11-23,2,East Boston,1.6000003814697266,9.475396156311035,7.875395774841309,0.0,26.0829238541117
2025-11-09,2025-11-23,2,Fenway,4.0,3.777759075164795,-0.22224092483520508,0.0,14.264086789688516
2025-11-09,2025-11-23,2,Hyde Park,13.800000190734863,10.345414161682129,-3.4545860290527344,0.0,27.698640767690748
2025-11-09,2025-11-23,2,Jamaica Plain,15.300000190734863,6.016609191894531,-9.283390998840332,0.0,19.250337025532403
2025-11-09,2025-11-23,2,Mattapan,11.299999237060547,11.471022605895996,0.17102336883544922,0.0,29.743917873164197
2025-11-09,2025-11-23,2,Roslindale,13.100000381469727,21.091306686401367,7.991306304931641,0.0,45.86883839549443
2025-11-09,2025-11-23,2,Roxbury,58.79999923706055,21.434139251708984,-37.36585998535156,0.0,46.41223471852385
2025-11-09,2025-11-23,2,South Boston,,5.670771598815918,,0.0,18.518530408284605
2025-11-09,2025-11-23,2,South End,33.099998474121094,11.80279541015625,-21.297203063964844,0.0,30.33805773117681
2025-11-09,2025-11-23,2,West Roxbury,7.300000190734863,9.343011856079102,2.0430116653442383,0.0,25.834116488498335
2025-11-16,2025-11-30,2,Allston/Brighton,11.300000190734863,9.69986629486084,-1.6001338958740234,0.0,26.50295697661154
2025-11-16,2025-11-30,2,Back Bay/Beacon Hill/Downtown/North End/West End,15.399999618530273,6.872138500213623,-8.52786111831665,0.0,21.015487204311007
2025-11-16,2025-11-30,2,Charlestown,10.300000190734863,20.71176528930664,10.411765098571777,0.0,45.265347121777204
2025-11-16,2025-11-30,2,Dorchester,62.20000076293945,18.891082763671875,-43.30891799926758,0.0,42.340644081581445
2025-11-16,2025-11-30,2,East Boston,4.699999809265137,11.707864761352539,7.007864952087402,0.0,30.168436435377444
2025-11-16,2025-11-30,2,Fenway,6.599999904632568,3.5612573623657227,-3.0387425422668457,0.0,13.74266854987247
2025-11-16,2025-11-30,2,Hyde Park,27.700000762939453,11.101332664489746,-16.598668098449707,0.0,29.077365624520606
2025-11-16,2025-11-30,2,Jamaica Plain,11.899999618530273,5.823879241943359,-6.076120376586914,0.0,18.843924020823327
2025-11-16,2025-11-30,2,Mattapan,19.799999237060547,10.566560745239258,-9.233438491821289,0.0,28.10428043098659
2025-11-16,2025-11-30,2,Roslindale,17.5,24.212833404541016,6.712833404541016,0.0,50.760668062887284
2025-11-16,2025-11-30,2,Roxbury,55.5,19.984786987304688,-35.51521301269531,0.0,44.10360713404604
2025-11-16,2025-11-30,2,South Boston,19.0,5.709478855133057,-13.290521144866943,0.0,18.60101087561621
2025-11-16,2025-11-30,2,South End,35.599998474121094,10.836004257202148,-24.763994216918945,0.0,28.59591916811585
2025-11-16,2025-11-30,2,West Roxbury,3.6999998092651367,10.67655086517334,6.976551055908203,0.0,28.30531162335097
2025-11-23,2025-12-07,2,Allston/Brighton,25.5,10.215003967285156,-15.284996032714844,0.0,27.458509750811427
2025-11-23,2025-12-07,2,Back Bay/Beacon Hill/Downtown/North End/West End,10.300000190734863,6.760529041290283,-3.53947114944458,0.0,20.788557510338027
2025-11-23,2025-12-07,2,Charlestown,15.5,22.466657638549805,6.966657638549805,0.0,48.039295635922386
2025-11-23,2025-12-07,2,Dorchester,109.69999694824219,17.44440460205078,-92.2555923461914,0.0,39.97820135157019
2025-11-23,2025-12-07,2,East Boston,17.200000762939453,13.167348861694336,-4.032651901245117,0.0,32.744769326242135
2025-11-23,2025-12-07,2,Fenway,18.5,3.583712100982666,-14.916287899017334,0.0,13.797171193972122
2025-11-23,2025-12-07,2,Hyde Park,23.100000381469727,11.17724895477295,-11.922751426696777,0.0,29.214641602235385
2025-11-23,2025-12-07,2,Jamaica Plain,23.799999237060547,5.932249069213867,-17.86775016784668,0.0,19.072872975011553
2025-11-23,2025-12-07,2,Mattapan,22.600000381469727,9.558670043945312,-13.041330337524414,0.0,26.239015179105238
2025-11-23,2025-12-07,2,Roslindale,56.70000076293945,22.807437896728516,-33.89256286621094,0.0,48.57329226082002
2025-11-23,2025-12-07,2,Roxbury,114.30000305175781,18.90972137451172,-95.3902816772461,0.0,42.370847924014484
2025-11-23,2025-12-07,2,South Boston,14.800000190734863,5.617574214935303,-9.18242597579956,0.0,18.404928756148678
2025-11-23,2025-12-07,2,South End,40.70000076293945,9.825788497924805,-30.87421226501465,0.0,26.737595080066132
2025-11-23,2025-12-07,2,West Roxbury,18.299999237060547,9.829390525817871,-8.470608711242676,0.0,26.744296666697252
2025-11-30,2025-12-14,2,Allston/Brighton,50.900001525878906,9.096107482910156,-41.80389404296875,0.0,25.36785095824427
2025-11-30,2025-12-14,2,Back Bay/Beacon Hill/Downtown/North End/West End,25.700000762939453,6.265189170837402,-19.43481159210205,0.0,19.769530036041317
2025-11-30,2025-12-14,2,Charlestown,92.80000305175781,23.066951751708984,-69.73305130004883,0.0,48.97897954521274
2025-11-30,2025-12-14,2,Dorchester,194.69998168945312,15.383331298828125,-179.316650390625,0.0,36.544102615505
2025-11-30,2025-12-14,2,East Boston,40.5,14.685178756713867,-25.814821243286133,0.0,35.36019768883072
2025-11-30,2025-12-14,2,Fenway,19.799999237060547,3.0885958671569824,-16.711403369903564,0.0,12.570309622472324
2025-11-30,2025-12-14,2,Hyde Park,66.9000015258789,9.500777244567871,-57.399224281311035,0.0,26.13053278511539
2025-11-30,2025-12-14,2,Jamaica Plain,30.600000381469727,5.328296661376953,-25.271703720092773,0.0,17.78205676463675
2025-11-30,2025-12-14,2,Mattapan,59.400001525878906,9.26873779296875,-50.131263732910156,0.0,25.694162032008858
2025-11-30,2025-12-14,2,Roslindale,91.60000610351562,18.296493530273438,-73.30351257324219,0.0,41.37407168533727
2025-11-30,2025-12-14,2,Roxbury,156.8000030517578,16.312801361083984,-140.48720169067383,0.0,38.10347072905009
2025-11-30,2025-12-14,2,South Boston,50.70000076293945,4.891358375549316,-45.80864238739014,0.0,16.823572520594016
2025-11-30,2025-12-14,2,South End,132.3000030517578,8.361879348754883,-123.93812370300293,0.0,23.963088018883923
2025-11-30,2025-12-14,2,West Roxbury,33.0,7.771203517913818,-25.22879648208618,0.0,22.811293639022754
2025-12-07,2025-12-21,2,Allston/Brighton,80.5999984741211,8.469903945922852,-72.13009452819824,0.0,24.171562889976727
2025-12-07,2025-12-21,2,Back Bay/Beacon Hill/Downtown/North End/West End,58.099998474121094,6.293197154998779,-51.806801319122314,0.0,19.827689352156963
2025-12-07,2025-12-21,2,Charlestown,77.30000305175781,24.38932991027832,-52.91067314147949,0.0,51.03374748760968
2025-12-07,2025-12-21,2,Dorchester,256.1499938964844,19.011306762695312,-237.13868713378906,0.0,42.535366956562
2025-12-07,2025-12-21,2,East Boston,48.29999923706055,16.585418701171875,-31.714580535888672,0.0,38.557414996653634
2025-12-07,2025-12-21,2,Fenway,14.5,3.3347911834716797,-11.16520881652832,0.0,13.1871590597895
2025-12-07,2025-12-21,2,Hyde Park,94.5999984741211,9.995552062988281,-84.60444641113281,0.0,27.05282858416731
2025-12-07,2025-12-21,2,Jamaica Plain,61.100006103515625,5.694023609161377,-55.40598249435425,0.0,18.568095470815273
2025-12-07,2025-12-21,2,Mattapan,82.0,11.07898235321045,-70.92101764678955,0.0,29.036910623965284
2025-12-07,2025-12-21,2,Roslindale,157.10000610351562,17.85277557373047,-139.24723052978516,0.0,40.64880295654147
2025-12-07,2025-12-21,2,Roxbury,254.6999969482422,19.260799407958984,-235.4391975402832,0.0,42.938714091028146
2025-12-07,2025-12-21,2,South Boston,40.099998474121094,4.848217010498047,-35.25178146362305,0.0,16.727694056626582
2025-12-07,2025-12-21,2,South End,114.5,9.764575958251953,-104.73542404174805,0.0,26.623621789223108
2025-12-07,2025-12-21,2,West Roxbury,88.0,7.674638748168945,-80.32536125183105,0.0,22.620992887439748
2025-12-14,2025-12-28,2,Allston/Brighton,66.5,13.563035011291504,-52.936964988708496,0.0,33.432434361542
2025-12-14,2025-12-28,2,Back Bay/Beacon Hill/Downtown/North End/West End,32.5,10.041678428649902,-22.458321571350098,0.0,27.138266663648537
2025-12-14,2025-12-28,2,Charlestown,77.30000305175781,32.153377532958984,-45.14662551879883,1.560551495170401,62.74620357074757
2025-12-14,2025-12-28,2,Dorchester,216.14999389648438,29.27580451965332,-186.87418937683105,0.0840151654887542,58.46759387381789
2025-12-14,2025-12-28,2,East Boston,59.29999923706055,22.24883270263672,-37.05116653442383,0.0,47.69719930206159
2025-12-14,2025-12-28,2,Fenway,17.200000762939453,4.411454677581787,-12.788546085357666,0.0,15.743210509013622
2025-12-14,2025-12-28,2,Hyde Park,87.69999694824219,13.614767074584961,-74.08522987365723,0.0,33.52202324486778
2025-12-14,2025-12-28,2,Jamaica Plain,56.0,7.406583309173584,-48.593416690826416,0.0,22.089598675188157
2025-12-14,2025-12-28,2,Mattapan,110.30000305175781,13.968435287475586,-96.33156776428223,0.0,34.132597258136144
2025-12-14,2025-12-28,2,Roslindale,170.10000610351562,21.454429626464844,-148.64557647705078,0.0,46.444344906193756
2025-12-14,2025-12-28,2,Roxbury,212.3000030517578,28.211679458618164,-184.08832359313965,0.0,56.86802251119087
2025-12-14,2025-12-28,2,South Boston,57.0,7.0396647453308105,-49.96033525466919,0.0,21.354365897317393
2025-12-14,2025-12-28,2,South End,127.19999694824219,14.579926490783691,-112.6200704574585,0.0,35.18072072976832
2025-12-14,2025-12-28,2,West Roxbury,80.69999694824219,8.994665145874023,-71.70533180236816,0.0,25.175420710098656
2025-12-21,2026-01-04,2,Allston/Brighton,77.79999542236328,27.710254669189453,-50.08974075317383,0.0,56.11079193008162
2025-12-21,2026-01-04,2,Back Bay/Beacon Hill/Downtown/North End/West End,58.099998474121094,19.156707763671875,-38.94329071044922,0.0,42.77055417980728
2025-12-21,2026-01-04,2,Charlestown,61.79999923706055,43.899723052978516,-17.90027618408203,8.152921657301114,79.64652444865592
2025-12-21,2026-01-04,2,Dorchester,174.80001831054688,61.44939422607422,-113.35062408447266,19.156724566539104,103.74206388560933
2025-12-21,2026-01-04,2,East Boston,37.400001525878906,28.715824127197266,-8.68417739868164,0.0,57.62707881927258
2025-12-21,2026-01-04,2,Fenway,21.100000381469727,7.505295276641846,-13.59470510482788,0.0,22.28583145424286
2025-12-21,2026-01-04,2,Hyde Park,57.70000076293945,30.05410385131836,-27.645896911621094,0.47682685448822326,59.631380848148495
2025-12-21,2026-01-04,2,Jamaica Plain,49.19999694824219,13.814287185668945,-35.38570976257324,0.0,33.866880102150525
2025-12-21,2026-01-04,2,Mattapan,84.9000015258789,23.79026222229004,-61.10973930358887,0.0,50.10541596706585
2025-12-21,2026-01-04,2,Roslindale,139.60000610351562,40.27793502807617,-99.32207107543945,6.037450966047302,74.51841909010504
2025-12-21,2026-01-04,2,Roxbury,101.19999694824219,57.58916091918945,-43.610836029052734,16.6464426802166,98.5318791581623
2025-12-21,2026-01-04,2,South Boston,44.29999923706055,14.119329452514648,-30.1806697845459,0.0,34.39211065398633
2025-12-21,2026-01-04,2,South End,117.0999984741211,28.490095138549805,-88.60990333557129,0.0,57.2874930247518
2025-12-21,2026-01-04,2,West Roxbury,69.69999694824219,15.583250045776367,-54.11674690246582,0.0,36.88107811955872
2025-12-28,2026-01-11,2,Allston/Brighton,43.900001525878906,36.738433837890625,-7.161567687988281,4.037013470794612,69.43985420498663
2025-12-28,2026-01-11,2,Back Bay/Beacon Hill/Downtown/North End/West End,29.099998474121094,25.734825134277344,-3.36517333984375,0.0,53.10432793562859
2025-12-28,2026-01-11,2,Charlestown,15.5,49.73299789428711,34.23299789428711,11.68527965368743,87.78071613488679
2025-12-28,2026-01-11,2,Dorchester,96.3499984741211,109.52922058105469,13.179222106933594,53.06526546102149,165.9931757010879
2025-12-28,2026-01-11,2,East Boston,31.200000762939453,31.666671752929688,0.4666709899902344,1.3062704761070165,62.02707302975236
2025-12-28,2026-01-11,2,Fenway,6.599999904632568,11.891223907470703,5.291224002838135,0.0,30.495791286511956
2025-12-28,2026-01-11,2,Hyde Park,27.700000762939453,50.04409408569336,22.344093322753906,11.877560892156204,88.21062727923052
2025-12-28,2026-01-11,2,Jamaica Plain,34.0,22.78339385986328,-11.216606140136719,0.0,48.535663214597314
2025-12-28,2026-01-11,2,Mattapan,45.29999923706055,43.54164123535156,-1.7583580017089844,7.940928335213343,79.14235413548978
2025-12-28,2026-01-11,2,Roslindale,61.099998474121094,66.64354705810547,5.543548583984375,22.599689518104086,110.68740459810685
2025-12-28,2026-01-11,2,Roxbury,111.0,100.56129455566406,-10.438705444335938,46.458247507499465,154.66434160382866
2025-12-28,2026-01-11,2,South Boston,25.299999237060547,24.06707763671875,-1.2329216003417969,0.0,50.53488570478426
2025-12-28,2026-01-11,2,South End,76.30000305175781,49.10139465332031,-27.1986083984375,11.296049177867332,86.9067401287733
2025-12-28,2026-01-11,2,West Roxbury,11.0,29.366474151611328,18.366474151611328,0.12951502909591284,58.60343327412674
2026-01-04,2026-01-18,2,Allston/Brighton,12.699999809265137,37.758365631103516,25.05836582183838,4.606124616942054,70.91060664526498
2026-01-04,2026-01-18,2,Back Bay/Beacon Hill/Downtown/North End/West End,20.5,27.052841186523438,6.5528411865234375,0.0,55.11446115044386
2026-01-04,2026-01-18,2,Charlestown,20.600000381469727,49.23752975463867,28.637529373168945,11.379812323056008,87.09524718622134
2026-01-04,2026-01-18,2,Dorchester,60.54999923706055,129.15768432617188,68.60768508911133,67.84272815163946,190.4726405007043
2026-01-04,2026-01-18,2,East Boston,18.700000762939453,30.10436248779297,11.404361724853516,0.5023651952728585,59.70635978031308
2026-01-04,2026-01-18,2,Fenway,11.899999618530273,13.601190567016602,1.7011909484863281,0.0,33.498518604703634
2026-01-04,2026-01-18,2,Hyde Park,16.200000762939453,55.32204818725586,39.122047424316406,15.193317523030899,95.45077885148082
2026-01-04,2026-01-18,2,Jamaica Plain,6.800000190734863,24.53311538696289,17.733115196228027,0.0,51.255957636423794
2026-01-04,2026-01-18,2,Mattapan,36.79999923706055,52.23004150390625,15.430042266845703,13.238852154333024,91.22123085347948
2026-01-04,2026-01-18,2,Roslindale,56.70000076293945,72.3832778930664,15.683277130126953,26.481931944057692,118.28462384207512
2026-01-04,2026-01-18,2,Roxbury,78.4000015258789,114.66151428222656,36.261512756347656,56.889816095801585,172.43321246865153
2026-01-04,2026-01-18,2,South Boston,19.0,26.937618255615234,7.937618255615234,0.0,54.93941470092242
2026-01-04,2026-01-18,2,South End,56.0,55.95558166503906,-0.0444183349609375,15.59773327241053,96.3134300576676
2026-01-04,2026-01-18,2,West Roxbury,22.0,33.55376434326172,11.553764343261719,2.301828632493386,64.80570005403005
2026-01-11,2026-01-25,2,Allston/Brighton,17.0,36.33330154418945,19.333301544189453,3.8126881270899133,68.853914961289
2026-01-11,2026-01-25,2,Back Bay/Beacon Hill/Downtown/North End/West End,10.300000190734863,28.376300811767578,18.076300621032715,0.0,57.11613028258908
2026-01-11,2026-01-25,2,Charlestown,15.5,46.44452667236328,30.94452667236328,9.67622520635988,83.21282813836669
2026-01-11,2026-01-25,2,Dorchester,50.29999923706055,145.83303833007812,95.53303909301758,80.680062112096,210.98601454806027
2026-01-11,2026-01-25,2,East Boston,15.600000381469727,25.778587341308594,10.178586959838867,0.0,53.1713512505006
2026-01-11,2026-01-25,2,Fenway,10.600000381469727,15.488731384277344,4.888731002807617,0.0,36.72187128434685
2026-01-11,2026-01-25,2,Hyde Park,6.899999618530273,52.04418182373047,45.144182205200195,13.122429030707316,90.96593461675363
2026-01-11,2026-01-25,2,Jamaica Plain,11.899999618530273,25.23601531982422,13.336015701293945,0.0,52.33897308987855
2026-01-11,2026-01-25,2,Mattapan,34.0,57.211307525634766,23.211307525634766,16.40312679630678,98.01948825496275
2026-01-11,2026-01-25,2,Roslindale,13.100000381469727,69.3401107788086,56.24011039733887,24.414026985237044,114.26619457238014
2026-01-11,2026-01-25,2,Roxbury,42.5,128.09410095214844,85.59410095214844,67.03212383408035,189.15607807021652
2026-01-11,2026-01-25,2,South Boston,10.600000381469727,28.780662536621094,18.180662155151367,0.0,57.7245386641059
2026-01-11,2026-01-25,2,South End,35.599998474121094,65.1859130859375,29.585914611816406,21.626384219692497,108.7454419521825
2026-01-11,2026-01-25,2,West Roxbury,14.699999809265137,32.721614837646484,18.021615028381348,1.8596436573447228,63.58358601794825
2026-01-18,2026-02-01,2,Allston/Brighton,8.5,34.191871643066406,25.691871643066406,2.644169306575545,65.73957397955726
2026-01-18,2026-02-01,2,Back Bay/Beacon Hill/Downtown/North End/West End,12.0,28.888309478759766,16.888309478759766,0.0,57.88626378800879
2026-01-18,2026-02-01,2,Charlestown,20.600000381469727,42.73332595825195,22.133325576782227,7.464610280614963,78.00204163588894
2026-01-18,2026-02-01,2,Dorchester,55.349998474121094,142.30325317382812,86.95325469970703,77.94359756762708,206.66290878002917
2026-01-18,2026-02-01,2,East Boston,14.0,20.41211700439453,6.412117004394531,0.0,44.78743677550379
2026-01-18,2026-02-01,2,Fenway,11.899999618530273,17.209758758544922,5.309759140014648,0.0,39.591490620651655
2026-01-18,2026-02-01,2,Hyde Park,11.5,46.34218978881836,34.84218978881836,9.614418700395952,83.06996087724076
2026-01-18,2026-02-01,2,Jamaica Plain,15.300000190734863,24.718080520629883,9.41808032989502,0.0,51.54147079533567
2026-01-18,2026-02-01,2,Mattapan,25.5,57.14929962158203,31.64929962158203,16.363239657202172,97.93535958596189
2026-01-18,2026-02-01,2,Roslindale,13.100000381469727,65.56169128417969,52.46169090270996,21.87678871371763,109.24659385464174
2026-01-18,2026-02-01,2,Roxbury,45.70000076293945,127.39459991455078,81.69459915161133,66.49957579379843,188.28962403530312
2026-01-18,2026-02-01,2,South Boston,10.600000381469727,28.027297973632812,17.427297592163086,0.0,56.58984369459185
2026-01-18,2026-02-01,2,South End,17.799999237060547,68.225341796875,50.42534255981445,23.66185570734452,112.78882788640547
2026-01-18,2026-02-01,2,West Roxbury,11.0,31.298633575439453,20.298633575439453,1.1151761063126244,61.48209104456628
2026-01-25,2026-02-08,2,Allston/Brighton,15.600000381469727,29.03438377380371,13.434383392333984,0.0,58.10555999588787
2026-01-25,2026-02-08,2,Back Bay/Beacon Hill/Downtown/North End/West End,5.099999904632568,25.03598403930664,19.935984134674072,0.0,52.031313381857615
2026-01-25,2026-02-08,2,Charlestown,20.600000381469727,35.943885803222656,15.34388542175293,3.598017787652168,68.28975381879314
2026-01-25,2026-02-08,2,Dorchester,63.70000076293945,122.16925048828125,58.4692497253418,62.53616896760658,181.80233200895591
2026-01-25,2026-02-08,2,East Boston,6.199999809265137,16.814592361450195,10.614592552185059,0.0,38.9378699580676
2026-01-25,2026-02-08,2,Fenway,10.600000381469727,15.151426315307617,4.551425933837891,0.0,36.152091754994494
2026-01-25,2026-02-08,2,Hyde Park,11.5,39.00605773925781,27.506057739257812,5.310525020109061,72.70159045840657
2026-01-25,2026-02-08,2,Jamaica Plain,6.800000190734863,21.365581512451172,14.565581321716309,0.0,46.30369839056546
2026-01-25,2026-02-08,2,Mattapan,19.799999237060547,49.20573425292969,29.40573501586914,11.360242246885733,87.05122625897364
2026-01-25,2026-02-08,2,Roslindale,30.5,54.29195022583008,23.791950225830078,14.538574048371139,94.04532640328901
2026-01-25,2026-02-08,2,Roxbury,42.5,109.12266540527344,66.62266540527344,52.76360035338771,165.48173045715916
2026-01-25,2026-02-08,2,South Boston,10.600000381469727,23.785022735595703,13.185022354125977,0.0,50.09727854068314
2026-01-25,2026-02-08,2,South End,20.399999618530273,58.67894744873047,38.278947830200195,17.350655689152084,100.00723920830885
2026-01-25,2026-02-08,2,West Roxbury,22.0,25.4981689453125,3.4981689453125,0.0,52.741536791916936
2026-02-01,2026-02-15,2,Allston/Brighton,19.799999237060547,17.137432098388672,-2.662567138671875,0.0,39.47208310567469
2026-02-01,2026-02-15,2,Back Bay/Beacon Hill/Downtown/North End/West End,18.799999237060547,15.2531156539917,-3.5468835830688477,0.0,36.3241366006686
2026-02-01,2026-02-15,2,Charlestown,5.199999809265137,23.054168701171875,17.85416889190674,0.0,48.959015644181875
2026-02-01,2026-02-15,2,Dorchester,56.25,77.92598724365234,21.675987243652344,30.299620297633716,125.55235418967098
2026-02-01,2026-02-15,2,East Boston,12.5,11.405814170837402,-1.0941858291625977,0.0,29.626698159370417
2026-02-01,2026-02-15,2,Fenway,9.199999809265137,9.777897834777832,0.5778980255126953,0.0,26.6484402005835
2026-02-01,2026-02-15,2,Hyde Park,16.200000762939453,22.657211303710938,6.457210540771484,0.0,48.33806902195068
2026-02-01,2026-02-15,2,Jamaica Plain,5.09999942779541,12.780662536621094,7.680663108825684,0.0,32.06847528409298
2026-02-01,2026-02-15,2,Mattapan,17.0,31.234302520751953,14.234302520751953,1.0818804709915923,61.386724570512314
2026-02-01,2026-02-15,2,Roslindale,56.70000076293945,28.48842430114746,-28.211576461791992,0.0,57.28497774518951
2026-02-01,2026-02-15,2,Roxbury,39.20000076293945,68.27855682373047,29.078556060791016,23.697694603856924,112.85941904360402
2026-02-01,2026-02-15,2,South Boston,10.600000381469727,14.825702667236328,4.225702285766602,0.0,35.59940671779097
2026-02-01,2026-02-15,2,South End,17.799999237060547,36.76570510864258,18.96570587158203,4.0521497134909765,69.47926050379418
2026-02-01,2026-02-15,2,West Roxbury,14.699999809265137,13.056802749633789,-1.6431970596313477,0.0,32.551869154372206
2026-02-08,2026-02-22,2,Allston/Brighton,12.699999809265137,9.649662971496582,-3.0503368377685547,0.0,26.409213602550153
2026-02-08,2026-02-22,2,Back Bay/Beacon Hill/Downtown/North End/West End,15.399999618530273,8.754864692687988,-6.645134925842285,0.0,24.7184712830038
2026-02-08,2026-02-22,2,Charlestown,25.799999237060547,14.862128257751465,-10.937870979309082,0.0,35.66133633464305
2026-02-08,2026-02-22,2,Dorchester,43.95000076293945,49.21426010131836,5.264259338378906,11.36548950431181,87.06303069832491
2026-02-08,2026-02-22,2,East Boston,4.699999809265137,8.343003273010254,3.643003463745117,0.0,23.926592938663255
2026-02-08,2026-02-22,2,Fenway,15.800000190734863,6.550897598266602,-9.249102592468262,0.0,20.35972185954273
2026-02-08,2026-02-22,2,Hyde Park,13.800000190734863,13.692028045654297,-0.1079721450805664,0.0,33.65568907655661
2026-02-08,2026-02-22,2,Jamaica Plain,5.09999942779541,8.267688751220703,3.167689323425293,0.0,23.780780339145643
2026-02-08,2026-02-22,2,Mattapan,8.5,20.605052947998047,12.105052947998047,0.0,45.095299911656355
2026-02-08,2026-02-22,2,Roslindale,4.399999618530273,17.21246337890625,12.812463760375977,0.0,39.59595388593141
2026-02-08,2026-02-22,2,Roxbury,32.70000076293945,43.181236267089844,10.48123550415039,7.728167490608378,78.63430504357132
2026-02-08,2026-02-22,2,South Boston,14.800000190734863,9.638053894042969,-5.1619462966918945,0.0,26.387520158696923
2026-02-08,2026-02-22,2,South End,17.799999237060547,23.40288734436035,5.602888107299805,0.0,49.50291804817287
2026-02-08,2026-02-22,2,West Roxbury,7.300000190734863,7.593875408172607,0.29387521743774414,0.0,22.46137827586029
2026-02-15,2026-03-01,2,Allston/Brighton,15.600000381469727,9.357892036437988,-6.242108345031738,0.0,25.862123751815137
2026-02-15,2026-03-01,2,Back Bay/Beacon Hill/Downtown/North End/West End,18.799999237060547,7.786876678466797,-11.01312255859375,0.0,22.842125777972182
2026-02-15,2026-03-01,2,Charlestown,5.199999809265137,15.154964447021484,9.954964637756348,0.0,36.15808176092747
2026-02-15,2026-03-01,2,Dorchester,53.25,38.464691162109375,-14.785308837890625,5.0038062571938084,71.92557606702493
2026-02-15,2026-03-01,2,East Boston,10.899999618530273,8.29745101928711,-2.602548599243164,0.0,23.83843976419662
2026-02-15,2026-03-01,2,Fenway,9.199999809265137,5.736977577209473,-3.463022232055664,0.0,18.65951722922464
2026-02-15,2026-03-01,2,Hyde Park,23.100000381469727,12.143138885498047,-10.95686149597168,0.0,30.94374186504252
2026-02-15,2026-03-01,2,Jamaica Plain,13.600000381469727,7.7380218505859375,-5.861978530883789,0.0,22.745968358054007
2026-02-15,2026-03-01,2,Mattapan,14.100000381469727,17.025432586669922,2.9254322052001953,0.0,39.28698132248903
2026-02-15,2026-03-01,2,Roslindale,21.799999237060547,20.818435668945312,-0.9815635681152344,0.0,45.43516461179537
2026-02-15,2026-03-01,2,Roxbury,39.20000076293945,33.87413787841797,-5.325862884521484,2.4733588525550765,65.27491690428086
2026-02-15,2026-03-01,2,South Boston,12.699999809265137,8.123603820800781,-4.5763959884643555,0.0,23.500924271941503
2026-02-15,2026-03-01,2,South End,38.20000076293945,18.611083984375,-19.588916778564453,0.0,41.8862148594607
2026-02-15,2026-03-01,2,West Roxbury,14.699999809265137,9.185540199279785,-5.514459609985352,0.0,25.53707971710306
2026-02-22,2026-03-08,2,Allston/Brighton,19.799999237060547,8.931982040405273,-10.868017196655273,0.0,25.05625783302727
2026-02-22,2026-03-08,2,Back Bay/Beacon Hill/Downtown/North End/West End,15.399999618530273,7.441017150878906,-7.958982467651367,0.0,22.15812423853729
2026-02-22,2026-03-08,2,Charlestown,,15.634864807128906,,0.0,36.96793500162342
2026-02-22,2026-03-08,2,Dorchester,57.45000076293945,32.303382873535156,-25.146617889404297,1.6392774287965857,62.96748831827372
2026-02-22,2026-03-08,2,East Boston,18.700000762939453,8.181958198547363,-10.51804256439209,0.0,23.61440986304259
2026-02-22,2026-03-08,2,Fenway,9.199999809265137,6.199573516845703,-3.0004262924194336,0.0,19.63301241921578
2026-02-22,2026-03-08,2,Hyde Park,13.800000190734863,11.094747543334961,-2.7052526473999023,0.0,29.065448174440874
2026-02-22,2026-03-08,2,Jamaica Plain,10.199999809265137,7.388055801391602,-2.811944007873535,0.0,22.05269494658522
2026-02-22,2026-03-08,2,Mattapan,22.600000381469727,15.61446475982666,-6.985535621643066,0.0,36.93361293779946
2026-02-22,2026-03-08,2,Roslindale,34.900001525878906,20.033435821533203,-14.866565704345703,0.0,44.181594266466604
2026-02-22,2026-03-08,2,Roxbury,35.900001525878906,28.543132781982422,-7.356868743896484,0.0,57.36732306640181
2026-02-22,2026-03-08,2,South Boston,19.0,7.434267044067383,-11.565732955932617,0.0,22.144697317084542
2026-02-22,2026-03-08,2,South End,33.099998474121094,16.31732940673828,-16.782669067382812,0.0,38.111022850626426
2026-02-22,2026-03-08,2,West Roxbury,11.0,9.310602188110352,-1.6893978118896484,0.0,25.773079246150434
2026-03-01,2026-03-15,2,Allston/Brighton,34.0,9.079720497131348,-24.920279502868652,0.0,25.336800280856608
2026-03-01,2026-03-15,2,Back Bay/Beacon Hill/Downtown/North End/West End,18.799999237060547,8.429224014282227,-10.37077522277832,0.0,24.093130982948722
2026-03-01,2026-03-15,2,Charlestown,15.5,16.57245635986328,1.0724563598632812,0.0,38.53586486536646
2026-03-01,2026-03-15,2,Dorchester,73.6500015258789,29.582284927368164,-44.06771659851074,0.23809296212663256,58.9264768926097
2026-03-01,2026-03-15,2,East Boston,14.0,7.844366073608398,-6.155633926391602,0.0,22.955088347582393
2026-03-01,2026-03-15,2,Fenway,6.599999904632568,7.684952735900879,1.0849528312683105,0.0,22.64134674545877
2026-03-01,2026-03-15,2,Hyde Park,13.800000190734863,10.343881607055664,-3.456118583679199,0.0,27.69582282456731
2026-03-01,2026-03-15,2,Jamaica Plain,15.300000190734863,7.277984142303467,-8.022016048431396,0.0,21.832972075056553
2026-03-01,2026-03-15,2,Mattapan,14.100000381469727,14.719633102416992,0.6196327209472656,0.0,35.418891675251345
2026-03-01,2026-03-15,2,Roslindale,30.5,18.284576416015625,-12.215423583984375,0.0,41.35463775011277
2026-03-01,2026-03-15,2,Roxbury,71.80000305175781,26.110759735107422,-45.68924331665039,0.0,53.67944475459329
2026-03-01,2026-03-15,2,South Boston,12.699999809265137,7.157225608825684,-5.542774200439453,0.0,21.59095806038697
2026-03-01,2026-03-15,2,South End,33.099998474121094,15.341117858886719,-17.758880615234375,0.0,36.47283556619281
2026-03-01,2026-03-15,2,West Roxbury,18.299999237060547,9.589763641357422,-8.710235595703125,0.0,26.297216670980635
2026-03-08,2026-03-22,2,Allston/Brighton,24.100000381469727,10.869025230407715,-13.230975151062012,0.0,28.6559797936819
2026-03-08,2026-03-22,2,Back Bay/Beacon Hill/Downtown/North End/West End,15.399999618530273,11.234966278076172,-4.165033340454102,0.0,29.318869901137273
2026-03-08,2026-03-22,2,Charlestown,10.300000190734863,20.140918731689453,9.84091854095459,0.0,44.353770081215885
2026-03-08,2026-03-22,2,Dorchester,71.05000305175781,32.223392486572266,-38.82661056518555,1.5972761588533864,62.84950881429114
2026-03-08,2026-03-22,2,East Boston,1.6000003814697266,8.436271667480469,6.836271286010742,0.0,24.106725544765553
2026-03-08,2026-03-22,2,Fenway,7.900000095367432,9.194988250732422,1.2949881553649902,0.0,25.55493503026434
2026-03-08,2026-03-22,2,Hyde Park,20.799999237060547,10.994956016540527,-9.80504322052002,0.0,28.884655507719835
2026-03-08,2026-03-22,2,Jamaica Plain,10.199999809265137,7.816908359527588,-2.383091449737549,0.0,22.901161343344032
2026-03-08,2026-03-22,2,Mattapan,28.299999237060547,15.558114051818848,-12.7418851852417,0.0,36.83875835042622
2026-03-08,2026-03-22,2,Roslindale,34.900001525878906,19.078075408935547,-15.82192611694336,0.0,42.64340822603308
2026-03-08,2026-03-22,2,Roxbury,55.5,27.991758346557617,-27.508241653442383,0.0,56.53618915281881
2026-03-08,2026-03-22,2,South Boston,16.899999618530273,8.101663589477539,-8.798336029052734,0.0,23.458204465213946
2026-03-08,2026-03-22,2,South End,22.899999618530273,17.986831665039062,-4.913167953491211,0.0,40.868286408868485
2026-03-08,2026-03-22,2,West Roxbury,,10.640912055969238,,0.0,28.240225419441572
2026-03-15,2026-03-29,2,Allston/Brighton,17.0,12.580171585083008,-4.419828414916992,0.0,31.716101844620677
2026-03-15,2026-03-29,2,Back Bay/Beacon Hill/Downtown/North End/West End,12.0,12.950020790100098,0.9500207901000977,0.0,32.3652056517991
2026-03-15,2026-03-29,2,Charlestown,,22.256107330322266,,0.0,47.708633974108565
2026-03-15,2026-03-29,2,Dorchester,67.5999984741211,36.016387939453125,-31.58361053466797,3.6379140567800974,68.39486182212616
2026-03-15,2026-03-29,2,East Boston,17.200000762939453,9.143035888671875,-8.056964874267578,0.0,25.45669974691373
2026-03-15,2026-03-29,2,Fenway,7.900000095367432,8.921639442443848,1.021639347076416,0.0,25.03657715057342
2026-03-15,2026-03-29,2,Hyde Park,30.0,12.961713790893555,-17.038286209106445,0.0,32.38566198017457
2026-03-15,2026-03-29,2,Jamaica Plain,11.899999618530273,8.708295822143555,-3.1917037963867188,0.0,24.629388999885766
2026-03-15,2026-03-29,2,Mattapan,11.299999237060547,16.31201171875,5.012012481689453,0.0,38.102153677509286
2026-03-15,2026-03-29,2,Roslindale,34.900001525878906,21.58942413330078,-13.310577392578125,0.0,46.65783628599995
2026-03-15,2026-03-29,2,Roxbury,42.5,31.661441802978516,-10.838558197021484,1.3035477352647469,62.01933587069229
2026-03-15,2026-03-29,2,South Boston,10.600000381469727,9.513014793395996,-1.0869855880737305,0.0,26.153476929310948
2026-03-15,2026-03-29,2,South End,30.5,20.89148712158203,-9.608512878417969,0.0,45.55136803464282
2026-03-15,2026-03-29,2,West Roxbury,11.0,12.03672981262207,1.0367298126220703,0.0,30.754777666866325
2026-03-22,2026-04-05,2,Allston/Brighton,17.0,13.027192115783691,-3.9728078842163086,0.0,32.500140206460436
2026-03-22,2026-04-05,2,Back Bay/Beacon Hill/Downtown/North End/West End,8.600000381469727,12.1275053024292,3.5275049209594727,0.0,30.91600204430269
2026-03-22,2026-04-05,2,Charlestown,15.5,20.424253463745117,4.924253463745117,0.0,44.80681859106961
2026-03-22,2026-04-05,2,Dorchester,50.849998474121094,42.99536895751953,-7.8546295166015625,7.6186837371611205,78.37205417787794
2026-03-22,2026-04-05,2,East Boston,6.199999809265137,9.025611877441406,2.8256120681762695,0.0,25.23417901229156
2026-03-22,2026-04-05,2,Fenway,9.199999809265137,8.195368766784668,-1.0046310424804688,0.0,23.640462466802553
2026-03-22,2026-04-05,2,Hyde Park,11.5,14.273332595825195,2.7733325958251953,0.0,34.65637416212556
2026-03-22,2026-04-05,2,Jamaica Plain,5.09999942779541,9.324585914611816,4.224586486816406,0.0,25.799420949032214
2026-03-22,2026-04-05,2,Mattapan,17.0,19.457012176513672,2.457012176513672,0.0,43.25522656345122
2026-03-22,2026-04-05,2,Roslindale,30.5,23.86795425415039,-6.632045745849609,0.0,50.22604176942339
2026-03-22,2026-04-05,2,Roxbury,58.79999923706055,39.40416717529297,-19.395832061767578,5.537116805059036,73.2712175455269
2026-03-22,2026-04-05,2,South Boston,4.199999809265137,10.432889938354492,6.2328901290893555,0.0,27.8593273219595
2026-03-22,2026-04-05,2,South End,15.300000190734863,24.233488082885742,8.933487892150879,0.0,50.79264359920514
2026-03-22,2026-04-05,2,West Roxbury,7.300000190734863,12.988397598266602,5.688397407531738,0.0,32.43232919485956
2026-03-29,2026-04-12,2,Allston/Brighton,11.300000190734863,11.713111877441406,0.41311168670654297,0.0,30.177819827126775
2026-03-29,2026-04-12,2,Back Bay/Beacon Hill/Downtown/North End/West End,10.300000190734863,10.2445068359375,-0.05549335479736328,0.0,27.51289592289199
2026-03-29,2026-04-12,2,Charlestown,20.600000381469727,16.568073272705078,-4.031927108764648,0.0,38.52857714241568
2026-03-29,2026-04-12,2,Dorchester,45.099998474121094,50.471466064453125,5.371467590332031,12.142309980509964,88.80062214839629
2026-03-29,2026-04-12,2,East Boston,14.0,8.546883583068848,-5.453116416931152,0.0,24.319734246495162
2026-03-29,2026-04-12,2,Fenway,1.3000001907348633,7.363430023193359,6.063429832458496,0.0,22.00360876972264
2026-03-29,2026-04-12,2,Hyde Park,13.800000190734863,15.995908737182617,2.195908546447754,0.0,37.57388723751916
2026-03-29,2026-04-12,2,Jamaica Plain,10.199999809265137,10.078977584838867,-0.12102222442626953,0.0,27.207288467289885
2026-03-29,2026-04-12,2,Mattapan,11.299999237060547,22.73261833190918,11.432619094848633,0.0,48.4561756689987
2026-03-29,2026-04-12,2,Roslindale,,25.202049255371094,,0.0,52.28676145915452
2026-03-29,2026-04-12,2,Roxbury,32.70000076293945,47.205322265625,14.505321502685547,10.137098104504666,84.27354642674533
2026-03-29,2026-04-12,2,South Boston,12.699999809265137,10.892982482910156,-1.8070173263549805,0.0,28.699529051748822
2026-03-29,2026-04-12,2,South End,28.0,26.99209213256836,-1.0079078674316406,0.0,55.022187219954084
2026-03-29,2026-04-12,2,West Roxbury,14.699999809265137,12.419862747192383,-2.280137062072754,0.0,31.43347773206123
2026-04-05,2026-04-19,2,Allston/Brighton,15.600000381469727,10.9398193359375,-4.660181045532227,0.0,28.784606489121927
2026-04-05,2026-04-19,2,Back Bay/Beacon Hill/Downtown/North End/West End,3.40000057220459,8.914450645446777,5.5144500732421875,0.0,25.022894571660178
2026-04-05,2026-04-19,2,Charlestown,,15.590054512023926,,0.0,36.89253195404912
2026-04-05,2026-04-19,2,Dorchester,28.200000762939453,47.96685028076172,19.766849517822266,10.600825451107134,85.3328751104163
2026-04-05,2026-04-19,2,East Boston,6.199999809265137,8.725391387939453,2.5253915786743164,0.0,24.662104536044794
2026-04-05,2026-04-19,2,Fenway,2.5999999046325684,6.353155136108398,3.75315523147583,0.0,19.951968939748152
2026-04-05,2026-04-19,2,Hyde Park,11.5,16.488540649414062,4.9885406494140625,0.0,38.396272010658635
2026-04-05,2026-04-19,2,Jamaica Plain,10.199999809265137,10.05325698852539,-0.1467428207397461,0.0,27.159698996582772
2026-04-05,2026-04-19,2,Mattapan,5.700000762939453,23.237634658813477,17.537633895874023,0.0,49.2453532254565
2026-04-05,2026-04-19,2,Roslindale,17.5,25.18577766418457,7.68577766418457,0.0,52.26174489412231
2026-04-05,2026-04-19,2,Roxbury,26.100000381469727,46.46295928955078,20.362958908081055,9.687362359005832,83.23855622009573
2026-04-05,2026-04-19,2,South Boston,6.300000190734863,10.269085884094238,3.969085693359375,0.0,27.558178080276882
2026-04-05,2026-04-19,2,South End,22.899999618530273,24.688608169555664,1.7886085510253906,0.0,51.49600237681436
2026-04-05,2026-04-19,2,West Roxbury,3.6999998092651367,11.390385627746582,7.690385818481445,0.0,29.598941832326044
2026-04-12,2026-04-26,2,Allston/Brighton,7.100000381469727,9.757966995239258,2.6579666137695312,0.0,26.611306502124407
2026-04-12,2026-04-26,2,Back Bay/Beacon Hill/Downtown/North End/West End,10.300000190734863,7.419266223907471,-2.8807339668273926,0.0,22.11484769299758
2026-04-12,2026-04-26,2,Charlestown,5.199999809265137,14.393156051635742,9.193156242370605,0.0,34.86157578736092
2026-04-12,2026-04-26,2,Dorchester,25.450000762939453,41.621925354003906,16.171924591064453,6.8148622810592485,76.42898842694856
2026-04-12,2026-04-26,2,East Boston,9.399999618530273,9.243879318237305,-0.15612030029296875,0.0,25.64726252322833
2026-04-12,2026-04-26,2,Fenway,4.0,5.414790153503418,1.414790153503418,0.0,17.96922341833785
2026-04-12,2026-04-26,2,Hyde Park,13.800000190734863,15.365049362182617,1.565049171447754,0.0,36.51324294521036
2026-04-12,2026-04-26,2,Jamaica Plain,8.5,9.066510200500488,0.5665102005004883,0.0,25.311759277631968
2026-04-12,2026-04-26,2,Mattapan,11.299999237060547,21.380611419677734,10.080612182617188,0.0,46.32749828349111
2026-04-12,2026-04-26,2,Roslindale,21.799999237060547,24.111658096313477,2.3116588592529297,0.0,50.60396853967881
2026-04-12,2026-04-26,2,Roxbury,32.70000076293945,41.349609375,8.649608612060547,6.65659765675418,76.04262109324583
2026-04-12,2026-04-26,2,South Boston,,8.827167510986328,,0.0,24.856556985048996
2026-04-12,2026-04-26,2,South End,7.600000381469727,21.138673782348633,13.538673400878906,0.0,45.944012718722206
2026-04-12,2026-04-26,2,West Roxbury,11.0,10.129461288452148,-0.8705387115478516,0.0,27.300614834523408
2026-04-19,2026-05-03,2,Allston/Brighton,4.199999809265137,8.444911003112793,4.244911193847656,0.0,24.123386650758945
2026-04-19,2026-05-03,2,Back Bay/Beacon Hill/Downtown/North End/West End,10.300000190734863,6.344756126403809,-3.9552440643310547,0.0,19.93457799290113
2026-04-19,2026-05-03,2,Charlestown,20.600000381469727,14.26815414428711,-6.331846237182617,0.0,34.64749782967009
2026-04-19,2026-05-03,2,Dorchester,30.649999618530273,36.999515533447266,6.349515914916992,4.182104544572326,69.8169265223222
2026-04-19,2026-05-03,2,East Boston,6.199999809265137,9.122336387634277,2.9223365783691406,0.0,25.417523010896037
2026-04-19,2026-05-03,2,Fenway,1.3000001907348633,4.666845321655273,3.36684513092041,0.0,16.321998902659146
2026-04-19,2026-05-03,2,Hyde Park,13.800000190734863,14.617420196533203,0.8174200057983398,0.0,35.24468590571924
2026-04-19,2026-05-03,2,Jamaica Plain,5.09999942779541,8.308586120605469,3.2085866928100586,0.0,23.859999299763096
2026-04-19,2026-05-03,2,Mattapan,11.299999237060547,19.443666458129883,8.143667221069336,0.0,43.233717753404946
2026-04-19,2026-05-03,2,Roslindale,30.5,21.45172882080078,-9.048271179199219,0.0,46.4400711146676
2026-04-19,2026-05-03,2,Roxbury,22.900001525878906,36.80138397216797,13.901382446289062,4.071959175865537,69.5308087684704
2026-04-19,2026-05-03,2,South Boston,4.199999809265137,7.827307224273682,3.627307415008545,0.0,22.921590194784184
2026-04-19,2026-05-03,2,South End,10.200000762939453,18.3370361328125,8.137035369873047,0.0,41.44016856540351
2026-04-19,2026-05-03,2,West Roxbury,,8.618375778198242,,0.0,24.457056719487685
