,Agler/Cassidy,Bexley,Clintonville/Near North,Dublin,Eastside,Far East,Far South,Far Southeast,Far Southwest,Hilliard,Linden,NE Suburban,Northland,UA/Grandview,West,Westerville,Worthington
2022-07-03,1.0,1.0,1.0,1.0,1.0,1.0,1.0,1.0,1.0,1.0,1.0,1.0,1.0,1.0,1.0,1.0,1.0
2022-07-10,1.3977855073685626,1.5636444905623008,1.9615783211674471,2.0991862608075222,1.6295055213692662,1.461179570966808,1.5525061821936652,2.913045104167321,1.8314089781557334,3.0,1.5882797319693318,1.7382407972672387,1.5301172333788444,2.2521874596489577,1.6726566567744383,1.5789358370771396,2.881188515482588
2022-07-17,1.162718103521612,1.2542523239585919,1.9467700835226447,2.082245033278673,1.3398766118626233,1.1126894184031533,1.2266286380636688,2.126265896916682,1.2299952178993732,3.0,1.3247756505509816,1.3442727849467049,1.1742067345391842,1.9607228114224502,1.2205804492064825,1.1960231931998986,1.9075487865036829
2022-07-24,1.2063629287914983,1.4194138343772402,2.0707277589237223,2.32288433164757,1.259647194458732,1.1160780536835484,1.295326783952833,1.7748800570764085,1.1452865407230248,3.083074668328529,1.3227089978591802,1.29616865088006,1.1843241165511602,1.8438172239746677,1.1424259314967307,1.1721801143559414,1.7430933995907565
2022-07-31,1.1111601038529424,1.4423503510701214,1.7685306207052232,2.1654689450440214,1.0673503882559823,1.1111237472395874,1.2252062667015111,1.6044887540542716,1.146144120148457,1.908127704907804,1.1742171202639806,1.2010307670293308,1.1260790198183643,1.7144745862537911,1.0766203123174538,1.3540819662230699,1.6168573262760395
2022-08-07,1.1033701467652735,1.201856303369221,1.5443308968181653,1.8364792222391673,1.25851903072977,1.110544243012015,1.060739879888605,1.7336190819153714,1.2332622414828571,1.403300503128052,1.0577257119372387,1.209807311842886,1.0882742072109188,1.7747577263656757,1.2159803092828247,1.624836394887214,1.6987796289682113
2022-08-14,1.1844945477903615,1.1232960876998546,1.5626282311605244,1.86597683944896,1.3763121648285703,1.1270098645851512,1.2677766117701896,1.7789146510527107,1.2714745065895519,1.4117996761973042,1.0918598461835256,1.2907333398615424,1.2042084326140607,2.0610799870030823,1.2305243513485626,1.5650585516260402,1.9250405256994163
2022-08-21,1.2004728879789293,1.2554985170264716,1.6931106428788323,2.4730188499134766,1.0930627614351975,1.1816580115666373,1.4476185162800739,2.0268626851411438,1.3105218001536427,1.9292435136154247,1.4280413837367296,1.2613828551040922,1.2450054090068094,2.270433403440511,1.1459953651067292,1.6119743794944275,1.6506201769879547
2022-08-28,1.332250430168734,1.475006330530981,1.8089669789848684,2.6544407893579454,1.038891451530137,1.216656105364598,1.1823718439957867,2.1959121958697434,1.241098778651486,2.015389543887621,1.3792512840391926,1.1795218638398066,1.1643711511385226,2.2745422333038645,1.1230322462306126,1.4786380717499028,1.4018476641384232
2022-09-04,1.1989952238854154,1.9266388662808716,1.7338545839626456,2.4709391336573496,1.3127837320878024,1.1531299152857581,1.188517929187583,1.9988699257759888,1.3153888105087372,1.6583591401561064,1.165356126991083,1.196235426209362,1.1313910279374393,2.304261333285258,1.1994338441526484,1.2674160346437746,1.4985479441512422
2022-09-11,1.0422812783851774,1.583235682329753,1.6981824177695557,2.348735451565382,1.297690822466623,1.1157559474079954,1.3877322022926335,1.725569556648113,1.347050822400132,1.5173900532918412,1.0453725808134404,1.2690043060630576,1.0924836303825975,2.0919004223802276,1.2295192093211076,1.194971483747876,1.6014030641567585
2022-09-18,1.007867795719289,1.3242019910072456,1.6148998424459045,1.8288884538219976,1.1316107515702185,1.122605560886826,1.2324014344424206,1.4374562895920415,1.1876409561816423,1.4479869350216577,1.0091005374281246,1.308113826466743,1.0416135479293531,1.9378602166493568,1.1043582570616053,1.1315807214506324,1.5015738571048256
2022-09-25,1.0696064452555947,1.1617712540958378,1.4469494958349127,1.6352966278966194,1.0402831001734432,1.0776103356394868,1.0448070639825937,1.5043559670206592,1.0997775399030598,1.4205719194877156,1.0930051419476756,1.3023392164773677,1.1011957976056452,1.9352867290620146,1.0265506521513597,1.160555712528645,1.6334673987047734
2022-10-02,1.229634810187122,1.024075844190694,1.4896155578470178,1.6873172618098469,1.0802987150997554,1.0595543979035524,1.0531032873034987,1.6483073004433713,1.1100886444781133,1.563207036933472,1.1789374824571597,1.3483123049337282,1.1674885003351934,1.9635099330402979,1.0786610940541779,1.3090481594526697,1.6479629598598353
2022-10-09,1.315558569760568,1.0598214267679682,1.58704895175446,1.671808745428017,1.1973035445805276,1.1104187325517287,1.1394324035811305,1.4044896699913367,1.157527575860261,1.4079457477810422,1.2819060588063933,1.2887625509323541,1.1553777142492536,1.8706805630608285,1.190766555720608,1.2265960266598968,1.372443881007521
2022-10-16,1.2412987327129312,1.4532569057628097,1.4513093598569449,1.773491934118979,1.304223463452449,1.1283279648161029,1.1193025594677781,1.353073625360038,1.307328256274067,1.2643063411504085,1.2736303233598094,1.1391817153667418,1.119726361640881,1.6910473218146105,1.1939321458608603,1.3998941962230484,1.2063275152994308
2022-10-23,1.0696829902964222,1.5442739327265371,1.338008787813738,1.6861494541440156,1.2618940596944856,1.0957888198375172,1.2542860394698676,1.5219642739588015,1.2743772414111578,1.4835291274938909,1.1614747484760217,1.1042978000078445,1.0668459368132865,1.6985245529576367,1.1082120340206183,1.503955409039552,1.2017834292239808
2022-10-30,0.978881595800514,1.2397962704228727,1.2646580971851709,1.5477708963803944,1.1682760626467443,1.0526379315085268,1.2511866349924115,1.5398464190367092,1.0985021584383878,1.671956221417832,1.1416764191466695,1.2123259580049723,1.1188418114173655,1.508201048148597,1.1280525274805273,1.2683141499106196,1.2517424392674787
2022-11-06,1.0642191401734158,1.0946130262223688,1.194684135710112,1.5453638685007625,1.0743674253186257,1.081484534976036,1.1272535267237893,1.2975816364369752,1.0289176625034386,1.4800075199148048,1.0793693568126324,1.3123428413223635,1.1318341016754245,1.297016706415956,1.163333752758556,1.1045438153506133,1.414755649487614
2022-11-13,1.09911534693569,1.1182679220191047,1.219206570868441,1.5731349436203335,1.0761049794105808,1.1199291462836451,1.0970874853959116,1.0958307438898278,1.107361423410009,1.2203759813833686,0.9834068306895682,1.210228416042065,1.0414252888468616,1.4955786709646839,1.1260931384061785,1.049316714803194,1.372491321655738
2022-11-20,1.2059215523899565,1.1360480809667306,1.2625643753205766,1.5809965087942943,1.1973355070340908,1.1023094909102418,1.095036286063967,1.2681600409866807,1.2208384385984918,1.092848468469408,1.0234165595037659,1.0786878308527441,1.0838816126455615,1.67158453166015,1.1078543420020197,1.164151355455175,1.1584403483569474
2022-11-27,1.2560700441065211,1.2260440062402316,1.2408270761185205,1.456058813090635,1.19440153509246,1.1311149030710748,1.1042475192416814,1.4783304643978337,1.2531641843277586,1.1948664410780414,1.169360872782535,1.090490345245623,1.1940150255081292,1.4610311697557132,1.0991553223315007,1.1883268206910127,1.1473408493867692
2022-12-04,1.1053773727802845,1.1721310272017804,1.206032126531151,1.3119751508333566,1.1481668737072752,1.0969717210561798,1.1189055144044657,1.2648662401254565,1.126232800345776,1.2104953915307683,1.1418702683936757,1.1572987417228948,1.1081598091468128,1.3544945195008773,1.0613689296304936,1.1099314482659406,1.2271517600505606
2022-12-11,0.9532773956717202,1.0602989472237998,1.1169121136461773,1.2576529487324242,1.0659010306605086,0.9964308384525496,1.0014322377467488,1.1358562735400661,1.0309353166659718,1.1269211255613556,0.9874111348616483,1.0957652296133085,1.0109561301583527,1.2491756185898713,0.9763109196165456,1.0770266815474034,1.1243683562258096
2022-12-18,0.8677520689234782,1.0246526701672787,1.060726399684425,1.287850051440053,0.9790489121758548,0.9365320181805662,0.9025143797000307,1.1871883074808693,1.0036093238300372,1.1266050686086169,0.9048982187629492,1.017296092475535,0.9909625749653879,1.1720738066932803,0.9306465569096576,1.0222020549605835,1.1309948337897422
2022-12-25,0.9488508801395342,0.9680070718918233,1.0640166067106476,1.2736354320751808,0.9360716537185905,0.9268800210858107,0.9945825871310969,1.3295539864757115,0.9855760824028166,1.0952895602318762,0.9592941655053091,1.0294652508366697,0.9687681238103302,1.232465126210133,0.9797809178147847,1.101078380942376,1.2605610362021555
2023-01-01,1.1145163342384012,1.0168121988972705,1.1004545043964054,1.2657749903590332,0.9046014098267916,0.9451366633503132,1.0225788519435428,1.2508772859053356,1.077442755922626,1.1078950322100916,0.9811955990779768,1.0641382613900356,0.9604304451593195,1.4375495668580291,0.9895424652287742,1.0947443859371762,1.292764259299685
2023-01-08,1.1001894707394757,1.162194484308179,1.124999252601884,1.344412013527991,0.945127504131193,0.9701748125920866,0.9716587087168137,1.1742743817344,1.083202347718593,1.2220337758612334,1.064026837464401,1.0287209822805692,0.9835907063646975,1.9489981076679117,0.9597377552198577,0.9492069260693518,1.2011030081950973
2023-01-15,1.0284851092667757,1.1333814078949866,1.0708975895970072,1.3078433974692116,1.0677146910075086,1.038660441285433,0.988162841180031,1.2329939929084257,0.9789619786630063,1.120767084214803,1.1201772835734425,1.0511843041120446,1.0098573913454214,2.0141046509169933,0.9893942813249235,1.0925916934060051,1.0876615558207703
2023-01-22,1.0271294599252663,1.1133299057669102,1.248317475550166,1.3229467544868319,1.0789086746969567,1.0758554281674977,0.9769298823413402,1.498483356026393,0.9867846824373103,1.0716460017100364,1.0683364636961323,1.1555453078659788,1.1187235075780453,1.6325655455618877,1.0734966617455293,1.2480553753629269,1.266649321036609
2023-01-29,1.189295919820284,1.1151127018414453,1.3638457909419972,1.500616849716087,1.0832916485994422,1.049594354606334,1.0697054040697973,1.6635318888581492,1.112294085501005,1.3035675788632157,1.085383407019768,1.1638686154660527,1.0870903374432002,1.519721147826701,1.0412929496770928,1.1614117353747402,1.4150732176695804
2023-02-05,1.1083686335859926,1.1494995078865091,1.225674614386975,1.4865047611529616,1.1245050664603826,1.0450044540898702,1.1941888957895042,1.461932462415693,1.2511678209014483,1.2831018190435561,1.1364076525290043,1.131692197210616,1.0663053954754675,1.6934579838941621,1.0464875615992295,1.2073780951088104,1.2549573507187857
2023-02-12,1.0047679031865868,1.0835616953765002,1.331489190660742,1.6244853150072263,1.0918485599228838,1.0250093579278308,1.1001504989422757,1.3049829568639608,1.1801747398636484,1.2215394759658216,1.0796487870308575,1.0951967091400776,1.1760074563224958,1.6497738737802123,1.117455489030916,1.210903235479745,1.292449396188115
2023-02-19,1.0634832775923948,1.0193604192928534,1.3713664063038984,1.9820436585412538,1.068621194449643,1.0487578460082094,1.011771557749473,1.2407723438279998,1.1190877606605114,1.287430925194665,1.0260999968059856,1.2045502666154169,1.1225883640566567,1.501718815243446,1.1253715918737541,1.3341324937345127,1.4625488793845995
2023-02-26,1.2070088221833422,1.253572287603064,1.207241864255615,1.7926011111302356,1.0401872396144722,1.0557367843647216,1.0680806967618672,1.3584392747931624,1.195337892468738,1.3549785994717827,1.0269218759498837,1.2548638228394458,1.0300315468940582,1.5398057318752687,1.117849739922499,1.3535010190452816,1.4341608693460703
2023-03-05,1.229263734479806,1.5425994816138118,1.1894804575877649,1.56286449589384,1.0231204072735842,1.038583346370021,1.2167127915444147,1.379407865436852,1.1738883491201082,1.476693434058476,1.1029840287142316,1.1337414646889445,0.9959305227950882,1.6533817383981753,1.0218964699092057,1.1262590773602328,1.3850953288070211
2023-03-12,1.1410445128763527,1.4059620290591417,1.3330985472869592,1.5954279936915343,1.142269346946783,1.0838171783487498,1.1521954055330024,1.2962715001728693,1.1106698119141127,1.3760431453662736,1.1594063678315718,1.1471517434221643,1.041562024481466,1.5593748690539784,0.9898381255819909,1.0576539394645152,1.4230140943243181
2023-03-19,1.0742429173828016,1.1957003909500938,1.2750495532754278,1.6270424806768276,1.1410438476999127,1.0988131471952929,0.9694125664096348,1.4432115968244708,1.1158278017445586,1.2203726358564495,1.0768857170324122,1.1142159961009912,1.1811000215305825,1.4548577559931988,1.102291499500226,1.1606342619573877,1.3774642368496475
2023-03-26,0.9954880882495131,1.0658704190051582,1.2316444698398679,1.6049329513960688,1.067821177913693,1.0450823514574215,0.9222772622427686,1.4588799512220765,1.1269586276117838,1.3491914972932266,1.0750455178291536,1.0278623866111791,1.211698475811458,1.4156574898736598,1.0682420508501602,1.2919373713431976,1.2877019287352485
2023-04-02,1.1009254549088976,1.0462329395387917,1.2992652590806006,2.028787783029258,1.1131172746379614,0.9854152451893691,1.089548471614696,1.272473100167185,1.091600187510026,1.433725078655002,1.1303307601562764,1.14562335964466,1.0805733513710791,1.4085919964005174,0.9751652602717361,1.2253972563846807,1.2642626323161166
2023-04-09,1.1375272266678789,1.0961850184501378,1.2647473385649517,2.1236840230700444,1.0758483072189713,0.9910977178316821,1.1153136655760518,1.1815123202416802,1.1136138234645945,1.2882795137769376,1.010785759036672,1.2473957314578044,0.9398535499296562,1.8126638067276972,0.9835651132613027,1.0803989009242576,1.3582896186737499
2023-04-16,0.9959288055489206,1.269749603235825,1.293497752982599,2.0378369419327407,0.9549225324274438,1.1039791610029868,1.0858782136460765,1.613369920685656,1.1308191268115881,1.537597825209093,0.8959347826648846,1.1875640845167548,0.9520843567229551,1.9618266409193215,1.092612088895977,1.2447351504578734,1.4321471307864355
2023-04-23,1.0713758884500828,1.3556619859191843,1.3893874125308832,2.0697270344822853,1.0094017413034138,1.11728384624858,1.0014711066584259,1.7257326699297695,1.0420056896057763,1.5871228935821724,1.0566893089216762,1.1962643886301991,1.2000493587654948,1.716303809539639,1.139817553625301,1.298122913373352,1.3027606887950334
2023-04-30,1.1735688947056715,1.3197339753406665,1.3766458261070638,1.8369746256488484,1.1557424508035383,1.031158072573412,1.0281718641624122,1.3329251018650636,1.174488986619977,1.3147432304569722,1.3480238433303575,1.2000840119837837,1.2450054065346035,1.7747577278906324,1.0636321298032152,1.304320056100673,1.408914774104196
2023-05-07,1.153939393853283,1.184837328775978,1.4108149236282834,1.63103002421433,1.1992218531926835,1.0078622981853587,1.2493649230211437,1.2258174127636072,1.3319286209908918,1.77424437990766,1.2487701848324668,1.1300420468502756,1.1986885928159803,2.092424296894507,1.013312257122052,1.4059155408970938,1.8550080670425886
2023-05-14,1.1735755113392687,1.028084102647462,1.471782865349271,1.6233400920288066,1.1988853203466958,1.0562229961540999,1.165734181211271,1.31982948832118,1.2175498307106942,2.009005695225921,1.1021664928288735,1.2962805478177346,1.145988415854251,2.088859233191438,1.1582308959347545,1.2171263297738226,1.8363513655904755
2023-05-21,1.0781709448316095,1.1242042149774605,1.32006198170209,1.963444031812815,1.116866019757237,1.061249195073818,1.0970740736213966,1.4121247813152806,1.1818166141196096,1.5717069866946272,1.0331511955651766,1.3594663699566625,1.0832605636193309,1.9378602148669535,1.1837084263168314,1.2042147119789637,1.5507372354335187
2023-05-28,1.0189458666713833,1.3772979337506421,1.222842143972463,1.9079722978541267,1.1876374623513781,1.0589683034332666,1.1745043825675547,1.517218662966368,1.113301737574542,1.4899399875633137,1.064951512590905,1.17420840543527,1.0798609009919438,1.9635099348105696,1.117689475741831,1.1952685518371569,1.3465735295561772
2023-06-04,1.1543186319861554,1.4021259698402826,1.6553816574100182,1.6478028948465306,1.2199687583262342,1.052659828214944,1.1243164158938705,1.5994701490777192,1.1677337607880929,1.434328034382865,1.2189814798589915,1.2249263917705508,1.0370085417421573,1.8452455925175737,1.117428414883674,1.0452383374280911,1.440803753085265
2023-06-11,1.169772809374536,2.000657364734532,1.7563727910983786,1.6798042721195754,1.1656867253556809,1.0741478073338884,0.9724704303719842,1.7557660821506542,1.3068115281461326,1.5387731215150797,1.224745658563765,1.3777038821452325,1.0295041303047139,1.740494526269405,1.1116632505629207,1.1452093950996105,1.466002072074976
2023-06-18,1.0501705437897602,2.973906476325295,1.4088684191839094,1.5874483973913238,1.2990217656629233,1.1498378942689549,0.9940084837964501,1.7693027131841976,1.2947957132787882,1.7430406763363564,1.1136927282009232,1.3883596890351608,1.1259678889523101,1.7126492583487287,1.0498643296820307,1.3087782624777593,1.3686127681601066
2023-06-25,0.9682875873881226,3.0511880118595918,1.412279802249242,1.4574646508543274,1.1913255812197765,1.1695021928420128,1.2051958750611398,1.6296897892633204,1.2821899085176003,1.9789222625108236,1.0911361771410404,1.3134985428748505,1.0648913061106753,1.8321846449252328,0.9819329691690692,1.2376237452090086,1.5260605108704102
2023-07-02,1.0329950215110435,2.1022687976087875,1.7507132232158922,1.7669216491488016,0.9989675759451039,1.1664049144698951,1.0619746007352995,1.917302645668437,1.3177445463242896,1.9522528534606098,1.1552385243033272,1.2470627925561486,1.0432263914321758,1.8431682943622978,1.0633873601793848,1.4382641300580263,1.4361249793327624
2023-07-09,1.301536245943874,1.8054576377321505,1.5267551810734117,1.967635384356922,1.1209495053445118,1.1624218683325975,1.1124072954370803,2.088684767395575,1.474587529220391,1.442219932047752,1.1532747400817815,1.4576232242864855,1.0743073910418142,1.7144745864482365,1.2544145401787776,1.9079687722951955,1.3620848542945247
2023-07-16,1.540952583569455,1.6098714396911127,1.3155852948246136,1.736465555816238,1.2788251828270583,1.1550386667069343,1.4465979193648644,1.6698099589229454,1.4264811045017847,1.2312362162099089,1.1474214425337885,1.4720065865025904,1.0471077479672835,1.832184646445974,1.2806610689896603,1.66911055761459,1.4321471335682596
2023-07-23,1.34323392055006,1.4455513403994438,1.3470282186316174,1.6870493662771673,1.1666033045372444,1.1059621035945637,1.4387714352452665,1.69816213596847,1.2997897074021707,1.5721023742425329,1.230220329195005,1.3126466183952106,1.2322475342055697,1.8169037792995122,1.2421220059579676,1.2905681829541686,1.3027606887950334
2023-07-30,1.0934014013054152,1.4968713273533711,1.7663274558993842,1.925707430158364,1.2867957849566336,1.1437528820246925,1.3943037684922548,2.1132453204833483,1.2237329871253704,2.2274969157569453,1.2666965275149502,1.3062061641464773,1.4302002115765193,1.7467089325273764,1.2217192368254945,1.0983412494469422,1.4683462564624867
2023-08-06,1.0227771026879304,1.3759863742434484,1.7034569365440697,2.0306336314582847,1.4651219148021848,1.2200671224335575,1.4292807546981678,1.7569338918391795,1.3734601343084938,1.7874625061542455,1.1575139688715925,1.3759758393329766,1.2723642267569444,2.294565072287278,1.233444672681797,1.5297950980533268,1.7130242744270012
2023-08-13,1.089724543816614,1.26215525129816,1.3546192074954253,1.915462491972113,1.2981186819431139,1.1668800014303489,1.312814216776837,1.5251858151204314,1.6679229987938002,1.3763537584762975,1.1142003050070242,1.3434138159412878,1.0807547100902613,2.5825134289672484,1.2092318389321526,1.651409340548984,1.4848615208175133
2023-08-20,1.1841077315381228,1.475006338552581,1.440221669211024,2.053622277509853,1.172244068942451,1.1266943919534853,1.098302175985405,1.4870017855324593,1.5668741433711768,1.503673477666002,1.2076999271880628,1.3185261826085979,1.1049469789555286,1.9713949065361638,1.0913509449869978,1.3577174237106147,1.4572651593748787
2023-08-27,1.2934520120284159,1.7195248136288008,1.726188337695556,1.9725112826527056,1.1336523416025739,1.1497208987750687,1.0804550969426912,1.537150450053052,1.4352328430572046,1.93664138241443,1.1691978978673538,1.379206407984973,1.239411986159933,1.7163038146060086,1.1572397617184358,1.4319172076914906,1.4987788900405568
2023-09-03,1.1788215442501346,1.6429455747216517,1.6981824129530048,1.769663911653075,1.1275365377212636,1.1854269564073983,1.1986083197535853,1.7968176552320518,1.3331059304293984,1.9206505812097592,1.2391590498565839,1.338829398738812,1.1733463817715426,1.8321846479667148,1.3288024615268292,1.3036776408793342,1.6334673964357969
2023-09-10,1.1390947299580534,2.117623523555602,1.614899842445905,1.6613041560843909,1.1449780109476018,1.160936557341482,1.1758241154273363,1.706118559603496,1.2458067340136136,1.65002070663027,1.3365967445437543,1.2579551058525082,1.1241191577535659,1.8169037792995122,1.2028150047848571,1.2232915670404014,1.6093825660831116
2023-09-17,1.2474729042234733,2.233637117787023,1.52777586829941,1.5786107475404831,1.1259069559569628,1.094725492926406,1.139737053759109,1.4943259514443756,1.1500448203316354,1.3543898605836724,1.1694498483677773,1.2112528453811369,1.096613406935197,1.8343858978290135,1.093035356171458,1.3273384304366262,1.3612362865528156
2023-09-24,1.2127456461897883,1.6806654705903228,1.45732088618299,1.741501023165985,1.1490960725896242,1.0781873833403128,1.095682846144837,1.491451892200508,1.1347509802842575,1.2064631667274188,1.0382183178614648,1.1875376730012583,1.0718982790237837,1.8932603077135672,1.0499024896019793,1.2663197461790883,1.3023682264835248
2023-10-01,1.0906256814725552,1.3288543817508647,1.3402064668776885,1.6643738795604794,1.1335964569455097,1.0767661119968481,1.0736476468632332,1.5223800519246757,1.1623945133574736,1.1300072422377272,1.0875968838403376,1.2121630625112056,1.0568229950023529,1.6732515428945542,1.0274485492700172,1.2923669331603744,1.3067398372158707
2023-10-08,1.09960047289028,1.1253639010071965,1.2849030997433868,1.4754026319015354,1.0667775329874445,1.0384530405734889,1.0910159044251326,1.4418825817531058,1.1366816128965667,1.5016483318590659,1.1578186227867096,1.2354022343174063,1.0495124110086103,1.5058398069464576,1.0298003701537215,1.314608096259374,1.2230255715194465
2023-10-15,1.136560414968519,1.130287082873441,1.2519992206421342,1.3803557784177836,1.0817504520090497,1.0155902358551119,1.0327947766331063,1.4246298960982333,1.1974596931105996,1.743550240944219,1.1008950446469037,1.1495028844204294,1.079782323487254,1.4539214031384617,1.0605266777657978,1.2466344624162706,1.313007608686159
2023-10-22,1.062689770710567,1.2114272361279113,1.235216932402359,1.2606548452579502,1.1990829342667109,1.059980797824857,0.9800773558638745,1.447810687743829,1.19017647349189,1.3828568902628395,1.0769692280413568,1.1412490668167903,1.0728438499493969,1.4711447270188187,1.0916235088425685,1.2249798674376045,1.31150936003376
2023-10-29,1.0181245543251523,1.272941521673722,1.1922407350768194,1.2834284913714342,1.2042739921340428,1.1265986497828104,1.101949591778366,1.4228195358045408,1.1446346465167803,1.3110142827969054,1.081037871183639,1.219339205128043,1.0996450957791235,1.4440294700650844,1.1045388579967925,1.2134327008098573,1.1428732836049242
2023-11-05,1.005503629069964,1.422551261348277,1.1254841301280003,1.4658556426875344,1.1479981606585152,1.1024299869525982,1.0960203176804928,1.7393192112811628,1.170768745347754,1.4511072914194845,1.0660895702318973,1.096724030668832,1.13533828217253,1.4020558781489645,1.13322697092068,1.114020505140116,1.1692905559286353
2023-11-12,1.0874280330602895,1.2297697959925404,1.2415942018838537,1.7426605303554061,1.0708810800039175,1.0760222198181804,1.0643183904482878,1.6373806412890037,1.1731064983037551,1.4180185695069014,1.0361834750283323,1.1119865543968237,1.0561855329996648,1.4177729693833718,1.1136353830980341,0.9909587570304806,1.3463061975850985
2023-11-19,1.1678271318087161,1.112042108001129,1.398720818899503,1.8482866657790027,1.077852545742043,1.0586680043382688,1.1333317392750908,1.2631805194700363,1.1573042315908313,1.2401582662178576,1.0798088105100745,1.217862316194091,0.9895714110471545,1.3813110817268093,1.0519291243741538,1.1291181649347974,1.3214700194687186
2023-11-26,1.1315868607510433,1.2848989849530517,1.4106142058715145,1.5354688001896533,1.2390043647719486,1.0794703472790497,1.0953568931843625,1.2222016318108366,1.2030207139825304,1.1699689458153548,1.1716689162750253,1.088137117100069,1.1288150648509487,1.345854891246292,1.063734337257079,1.3825818328297634,1.1779363932416005
2023-12-03,1.0889612193489775,1.3393955349652524,1.270699188253538,1.3659826792098384,1.170839050269419,1.0918383736788164,1.0709003962752222,1.360614766093778,1.1883608655133526,1.1891375202323293,1.1079485491976169,1.137852626831128,1.1747221228975795,1.458002329196281,1.1017766294778188,1.2492824077973073,1.1322908416637885
2023-12-10,1.133619392602573,1.2059768536282727,1.0994249201606539,1.502976700401327,1.046156856511485,1.0330964704351708,1.1464832314999278,1.3819338598116244,1.0796499445163212,1.1843023450225223,1.0342430478447144,1.224377992570323,1.0371169056843994,1.5271359393784594,1.073393068950927,1.1222542480603908,1.3636364136170827
2023-12-17,1.1707985082181218,1.04978146045223,1.1436297224652725,1.4640753324268818,0.9968423502081978,1.0337929069973821,1.134657671321774,1.384906834369889,1.0566498398408368,1.1275127328071877,1.0637547055237648,1.131071249061714,1.0170802275422155,1.3320945621762994,1.0398019770136353,1.109927532978263,1.2897960577355936
2023-12-24,1.1533582633356056,1.076184353801587,1.2742643069649027,1.232485894872146,1.1871363240705528,1.1149278502113351,1.1126366458195798,1.2692876984209331,1.1458917719566089,1.1259892928709123,1.1305285761743953,1.0897470348169498,1.0942087690970872,1.2092353943553784,1.0539878795112056,1.1855693978434945,1.1406870783894651
2023-12-31,1.122192266233791,1.1773059350285837,1.1835715376712665,1.118186749768554,1.2313128537258,1.117463600725393,1.114947656514806,1.1910594733042639,1.1273286131847946,1.1847523282816828,1.162107704138164,1.119975550499037,1.0965584670087507,1.2117002336924687,1.0878044693567501,1.148702158224129,1.1503792023759027
2024-01-07,1.011929536588542,1.0477846438119154,1.0884845690213734,1.1393440173580136,1.0619993175137001,1.0162086162962565,1.05030267447448,1.1344636746293664,1.0237395839910983,1.0577863444189313,1.0605279169372093,1.1496469798669249,1.0520024780268076,1.1508205945082128,1.059587249127152,1.0650699638120205,1.1501006665514915
2024-01-14,0.958250590358995,0.9328157551376203,1.0508446109270342,1.3515231342062688,0.9900270677340208,0.9437843667202673,0.9872262322739942,1.2262981738515362,0.9440705183032431,0.9244276267673686,0.9380795560177827,1.0699826147421816,0.9859810099167311,1.1248647384210053,0.977418325756994,1.0250684424600736,1.0485135941161237
2024-01-21,0.9790016435845352,1.0980700763763458,1.0939280888079363,1.4703549821504904,1.02137036608554,0.9993423864193625,0.9214887660811706,1.3311841832076146,0.9535612958036325,1.04396472135132,0.9804240637926475,0.9971970272537103,0.9873450359806225,1.2018319339823547,0.9732287677453703,0.9929020852378702,1.0168908100259806
2024-01-28,0.9969810026010659,1.2423076635350476,1.1540675870165018,1.3791623394456272,1.0321610940980255,1.1064969315380877,1.01655137830923,1.2341566316508925,1.0989181734502789,1.2177731718834122,1.060034796899558,1.0606278256793593,1.0621000835231857,1.2667182127736776,1.0831016223341536,1.086310740335065,1.2796201682995048
2024-02-04,1.1039313770866073,1.0722967552339058,1.1071530653958104,1.3969784188730088,1.0167015305074794,1.0648141399733326,1.174765132264355,1.1627193820392445,1.13237467380822,1.1837889357721312,1.0810448696763764,1.1461684436743846,1.057281630217615,1.3801422943827388,1.0858584463790446,1.1919755151814766,1.352229221463963
2024-02-11,1.102615534429764,1.121852337965352,1.0566838722860432,1.3073335643927642,1.0770919709456168,0.9612064924709878,1.0724899514741137,1.1791224653080066,1.1065231050639721,1.106356286379928,1.1425483883630936,1.1356578844805791,1.0634993215192916,1.3516032685514572,1.016040023618538,1.0807004572291177,1.1837151543179278
2024-02-18,1.028141862196603,1.136761283004821,1.1043247564212628,1.1551439059293824,1.0897107045187615,0.9953845396116439,1.025623734653514,1.2690953374013987,1.1521250692903124,1.14258197579363,1.0427725802968728,1.0585817627766905,1.0542948241756254,1.218548648435717,0.9546409509477483,1.0684121430594944,1.056012044320475
2024-02-25,1.0445794764766878,0.9531878717754133,1.0939612904931035,1.20624692484393,1.0285608163733984,1.0928699250168596,1.047208664476988,1.199563966683604,1.1099868314650965,1.189523469310612,0.9751770195760171,1.0368300956865812,1.0235426943936015,1.1817467199097007,0.9720001672055028,1.1339069780954047,1.1334823654778787
2024-03-03,1.003195795205321,1.0574695306975,1.088110295957269,1.3656397954180228,1.0013364558733333,1.0292614685138366,0.9758779155930882,1.1409630045602799,1.022195956893291,1.065029200247726,1.008646098546777,1.0543968537689814,1.0190911468337118,1.2496425087623526,1.053633132434802,1.0857869684109929,1.2092589087915322
2024-03-10,0.9340645482033254,1.2627220272626472,1.22389835849596,1.1757446983654034,0.9384095227740229,0.9546598229314747,0.8805994730806826,1.16523272179919,0.9774189815269457,1.024662399470582,0.9342511449482931,1.00324230569156,0.9988611030925563,1.250421298607636,1.0134496454065633,1.101361959528118,1.092162216317569
2024-03-17,1.0088819049117739,1.1193376320139243,1.1969799189430659,1.134413523041589,0.8969911714640686,0.9726788323199164,0.9482003882450925,1.1960171676877382,1.00375200745503,1.1483223950812242,0.9127863581984669,0.9722279213187659,0.9745020891355174,1.2120568243933698,0.9666218883409456,1.0785989164670755,1.1120006043609725
2024-03-24,0.9980752852300727,1.0924050716195743,1.1552577445963192,1.6068047235959406,0.9865790044856981,1.0318547548139831,1.0665491859879797,1.54885550494644,1.0450726913440553,1.09880626990313,1.1488135387306544,1.0853347899661938,0.9741707877652824,1.3928903600495945,1.0013236214491272,0.9798885373818406,1.1291949681354978
2024-03-31,1.028639808533578,1.0283492418197526,1.2805468194944611,1.5443194738174724,1.0807435828048664,1.0016601710294384,1.0882160697061618,1.4557444097574055,1.0701906392191751,1.000506810735248,1.1407122438302808,1.2280825954510897,1.0515661709999033,1.4658956944491024,1.0148771947664001,1.092067353464363,1.2320098594157742
2024-04-07,1.0919668601726318,0.9712186175572329,1.2316221990056635,1.418007878099325,1.130407224336159,0.9833482693797401,1.064881631021836,1.2580611084763915,1.14423687513377,1.0582797847808818,0.965712723614779,1.165030689472014,1.0483367024891752,1.2564545287581874,1.0207288778995915,1.1460146485545453,1.3494237362025225
2024-04-14,1.0231759382642145,1.225376830421302,1.0866866570831648,1.3807758813294881,1.0615895387933658,1.0215677372298622,1.0167533812880263,1.3873425332542348,1.1612848045623356,1.3635178476492158,0.9069168372983697,1.0559396130589416,0.9961565637598353,1.278762870343354,1.0241017270439194,1.1265111079171104,1.2726745865477793
2024-04-21,1.0026115030369034,1.3584812576578145,1.149632340928382,1.4300509376814659,0.957037261724039,1.0407712131562377,1.0199352734110394,1.5840006439546783,1.144440408845066,1.4096125574957312,1.0434313349045232,1.0513077973670892,1.0736041091178878,1.710666708650747,1.0156653194003529,1.3471141950239094,1.208872823554071
2024-04-28,1.1167845700213976,1.3572315255756964,1.3891952404749093,1.4997572695436465,1.1022781479138075,1.1083787049044929,1.0210824328743497,1.514762860396879,1.1417110841946614,1.2687574985459746,1.2232742032981752,1.1681336941035094,1.1066987246896196,1.8665394388813141,1.0513927085885193,1.2462904741161336,1.1491768379001857
2024-05-05,1.1559132297220798,1.1688189179394086,1.434433291322186,1.6334645078603547,1.291444703883998,1.0850578601817105,1.1648495146824767,1.2843889810153668,1.0751246716311054,1.2456603972604292,1.185294678821681,1.1873027058484917,1.0127322091781898,1.7789046013774432,1.066285936241597,1.0829891999859842,1.2015713560736947
2024-05-12,1.0464132602298342,1.0321982078722522,1.4190785958504322,1.7130768784513772,1.1408402240725992,1.0370501648968675,1.1826637636125792,1.231316065049827,1.044011701384419,1.2608170258076918,1.0306130386327816,1.1619647688550319,1.027117001067277,1.5091010196975787,1.0877464647135116,1.033893117549251,1.1484940926861302
2024-05-19,1.0510468120410976,1.639409706519763,1.4429150815865148,1.5475684783216612,1.0834310426429086,1.0600715927619375,1.0276895479625414,1.5492361149981944,1.174275957399165,1.255324036914765,1.0450248162174467,1.1863520653625068,1.1231788520589525,1.2794381511854775,1.132045100885793,1.1221791067711695,1.1432417506436208
2024-05-26,1.1459798404595247,2.2256198667305176,1.47135415389941,1.76981859716222,1.131330320056313,1.082480971601862,0.9965898067441331,1.5094804049779775,1.256682935412048,1.3084418112545535,1.149620456833784,1.1773351448510612,1.0822215391658936,1.463799785163224,1.071969977645093,1.202997498406136,1.3158814761509283
2024-06-02,1.0912122077026718,1.5959151403577856,1.5226349496004998,1.9318736091702375,1.1350624349161473,1.0536968189431957,1.0394719641545624,1.3859473539201825,1.2017986799332894,1.3536334759514768,1.0803994431890944,1.115971016627848,1.0645579353050887,1.8086274023209583,1.0005746565466305,1.4624054689095656,1.338423462011885
2024-06-09,1.0542157342525562,1.394405598081142,1.592225721365191,1.8653009113644115,1.1744864657599472,1.001562284046622,1.0784387254831898,1.4176448713198515,1.1078776807103266,1.354559514941359,1.0568763993557397,1.138152944292416,1.095172796363155,1.8880237496833132,1.0288934974731465,1.5735576641785272,1.383235550978256
2024-06-16,1.0678537432986062,1.24414641919192,1.4169025249367957,1.903640787723872,1.1564646815874107,0.9804435602376644,1.1764143569356214,1.3745465418005673,1.0771611179067055,1.3339149266850612,1.1164184112649547,1.1257824039546982,1.0461434044753781,1.7048935136511292,1.0819965244405712,1.3474945754561014,1.3438069313265242
2024-06-23,1.1570240889673002,1.0993288279054292,1.3276090072466846,1.7017243525569234,1.1355682676501475,1.0331344735508277,1.1634464446545565,1.5851236838004652,1.1783171017378082,1.3782587331214657,1.086284198266778,1.1395610358982413,1.0425695141997493,1.4741131503128342,1.0708879605856132,1.2005360321871816,1.3694928392971772
2024-06-30,1.3097736122732564,1.159728934728993,1.516917313041561,1.6000788661379457,1.1744864661302206,1.1184060180087805,1.1171651654075905,1.4547683018679805,1.3046547841086613,1.3819865722076876,1.1280518595848108,1.3566178138394087,1.2143682359838142,1.7845017240074594,1.1059810906616663,1.0864355850586562,1.4900828171953842
2024-07-07,1.3708757288348519,1.315000897006722,1.6520165796583115,1.7612403285489273,1.1845600425701681,1.179705361110843,1.0807104734843398,1.182749211098571,1.3323758615460857,1.3792867935981172,1.22530251057909,1.2940269100108022,1.241803339628452,2.1105879570641175,1.2442850993792278,1.2209563680332771,1.847612482252342
2024-07-14,1.2801653966750224,1.3603435966176936,1.676036465964859,1.9854264146165768,1.1177642828968255,1.202433200116689,1.0735178459327044,1.2782835122482952,1.2353612808295777,1.4031063204062348,1.1692895830466163,1.2936115920768836,1.1294276304962123,1.872758015547465,1.237301138943884,1.4161962465461402,1.9028074324846886
2024-07-21,1.183291623833033,1.3912289427013782,1.698381245377373,1.7453084336321947,1.082297743052632,1.135239866048073,1.1115647372999333,1.5869238100910903,1.1559105695405276,1.375739664634872,1.090702989586955,1.4350610543216162,1.1050837590965574,1.691047322890933,1.1250658612285758,1.2076972493075961,1.6819671612642242
2024-07-28,1.1165808862059372,1.2169154753589821,1.5284474049367476,1.6256125418054919,1.1800498111427147,1.101011160935768,1.260216089766873,1.6311201067202037,1.2482144022892336,1.3901778568625998,1.0970468176569717,1.2906189100127008,1.1222061031466457,1.5887126502197813,1.1003194900245898,1.2235829963137015,1.5494615321635916
2024-08-04,1.0547896565507304,0.998888657487651,1.3065155277533165,1.9439374981268447,1.2863583696288559,1.099424429678467,1.2499111973080073,1.5052869353457452,1.3409333826161953,1.421419633074925,1.146395391761341,1.1326446325075297,1.1132754449124185,1.6459220611072571,1.0993755021337477,1.3849664034105131,1.2852658092304536
2024-08-11,1.1802763148864708,1.1977265481398411,1.2301216450676031,1.9166165871697955,1.2768587184122189,1.0647707952203957,1.1540322452089877,1.4816449892391144,1.2271862019758681,1.248586380630577,1.1535211750483465,1.1505082039838388,1.1719989149519625,1.7621053837188063,1.0760023614248362,1.2655709147617158,1.201603716996
2024-08-18,1.245922672216565,2.0689329702452475,1.5771829928726944,1.8894671827656748,1.1325248669563532,1.0631984154170817,1.0991578562253848,1.7077226805969956,1.1981999197307078,1.0252611964016374,1.1028916828741964,1.2824250576175171,1.1877999935984969,1.6894926574756217,1.0723017699051822,1.1572506499609012,1.3875401635067168
2024-08-25,1.1498633421429634,1.7304979560155893,1.678744820853391,2.284957751377999,1.0510852429585182,1.1290227960440133,1.016639751543651,1.9466201170456774,1.230294803294976,1.10298596610089,1.0793387374792114,1.360327669541211,1.1329837666323197,1.5887126492547496,1.1156094510221797,1.1012251544133946,1.3244213443227326
2024-09-01,1.212420477470447,1.990506120469307,1.3242031107666856,2.3461781353196542,1.0819846470031704,1.155143334433144,1.0353419359716676,1.9366094527653934,1.212519646182618,1.5500730381374566,1.2193709519681626,1.3852834644695888,1.1245319683217352,1.6708350058101284,1.1336638960344492,1.1575622201279823,1.2887127516387205
2024-09-08,1.2968207939732674,1.6345253370103117,1.1986286432911368,1.8602460637050326,1.1209443331647595,1.1215622573758852,1.1807915652392098,1.586621306133379,1.2028488711336567,1.3652977594524611,1.1729483263098033,1.3359741579835853,1.1674369724583202,1.7757985069026365,1.180480084806961,1.2904701014656534,1.3323353070763087
2024-09-15,1.132564201649982,1.2225495557854276,1.50440101415285,1.648034567796837,1.2691139566358067,1.090346612984594,1.1246486009248857,1.4211476624607406,1.1396746459995315,1.2316068033833614,1.056752140154837,1.2551700835154742,1.1245745801930416,1.5091010184518474,1.1537936751927702,1.1368287854736139,1.20514016372563
2024-09-22,0.9390353477979566,1.0204253388229954,1.4905038516614977,1.545416425182159,1.169829781278319,1.0061525586302262,1.0138164989574439,1.3893527408221262,1.0777667969110125,1.2019475265096764,1.0508499820918147,1.1367096666968413,1.0526237719555467,1.31431446091351,1.017234053886423,0.982770709753089,1.098734359677917
2024-09-29,0.924759191492929,1.0414091908844854,1.259714641111269,1.3142369899194608,0.959181354475591,0.9765524190609973,1.0257172410967466,1.478233333423678,1.091520079644564,1.1469357555285613,1.0239381908897545,1.0700739359914557,1.0610114769594883,1.5005698851403284,0.971524152470674,1.125141720025899,1.1637542165426773
2024-10-06,1.1241487678677764,1.181997583855675,1.2924820047348642,1.2355976307228016,0.9901426564800945,1.09130894486725,1.0908511572545645,1.550731085652609,1.1554716571002273,1.2067854311156592,1.0528314352264143,1.161744978461736,1.0763954953564805,1.53799205624091,1.0576699268884393,1.4071453843285022,1.25625844083462
2024-10-13,1.1017486888137298,1.3457687907292109,1.4581902553014388,1.5391141895388984,1.2027487289962853,1.0964254051262488,1.069012706041304,1.331047569988084,1.275081252764113,1.2601278889107128,1.144924642190563,1.25106211005446,1.0863159085427971,1.3470870626945561,1.1082160543589212,1.4126996218460297,1.2690498295548074
2024-10-20,1.1621766511987992,1.2768493988001748,1.3398042756993944,1.8716398885270935,1.0855759816298187,1.0982518038160167,1.1118879879029315,1.2376763162671907,1.2225763895657773,1.1364639407878079,1.1492307649100744,1.26876308197039,1.117325864314105,1.355957940661772,1.1119132635002902,1.2821191106250216,1.333895376809775
2024-10-27,1.1907231229757598,1.235933536303269,1.2402931164215247,1.6405356455907343,1.0430283488619747,1.1006891073749268,1.186225415810035,1.4229527807264315,1.0416073791062443,1.1111415408570628,1.0801349800071312,1.2349538765211305,1.0635172206860124,1.37045873944772,1.1033669002131667,1.2617879085996442,1.3073453791276806
2024-11-03,1.0586458816476063,1.1682898969715036,1.2302940157805369,1.4298651119269883,1.090128160869094,1.042951356744979,1.129386007205881,1.3984604848265707,1.0755456412611377,1.2544485897287707,1.0055415076263097,1.1581922538239278,1.0875596458856334,1.3143856198296777,1.0941238949228886,1.2558732840853335,1.2507750079354574
2024-11-10,1.0874122449009058,1.0004526469633397,1.1884989498669363,1.5323939879046344,1.068621193286349,1.0623752530236779,1.062318333079157,1.2342429132828632,1.2558934601216474,1.3462625707807434,1.1426252597596003,1.1022899610632177,1.1251020124675306,1.2440809350598154,1.0436900547259313,1.1388138437198039,1.2900264652749758
2024-11-17,1.1183530848845895,1.1269822871771917,1.1723619811158057,1.4473682859046901,1.139438636449116,1.0946781347626882,1.029330076457799,1.205765798083567,1.1721071045331306,1.2186476646908238,1.1488044250954077,1.104555077254485,1.0438630877046666,1.1724445015276195,1.039790910220421,1.0350954049285201,1.2398406201693877
2024-11-24,1.0111241839124143,1.3187814282813917,1.189101809600773,1.3659284460450967,1.1002334946995833,1.0313556809990252,0.9914387043714554,1.223010577934428,1.1089002130748309,1.0665564721277314,1.0240752232767978,1.0989682463540114,1.0120012621063512,1.3965589558970828,1.0919366220276838,0.9880320320558461,1.1845188623980218
2024-12-01,1.0571998529899578,1.1287156337722275,1.160996903791969,1.5170863276514195,1.024193335577023,1.0152790294678642,0.9948684016256452,1.2304692249304516,1.075115658140008,1.1012573090250146,1.0558145324717554,1.0563110395745903,1.022914767435565,1.5676104067139396,1.042314517234051,1.064355060609205,1.2660793433332036
2024-12-08,1.1060750364971605,0.9801428162876139,1.1879222279842123,1.4530592884306053,1.082445236080133,1.052525264064581,1.136884641541638,1.3006673531327066,1.0942270763479354,1.1779864717754167,1.0907792203573543,1.0574476240164024,1.0509389060778453,1.3463111911193355,0.9971910066910512,1.33998748926206,1.2558186518011596
2024-12-15,0.9809771585527461,1.0694335109121873,1.2540790538082938,1.5116574176450208,1.1217141617647481,1.034407641018459,1.1411463308020549,1.2142482490779283,1.1486593528649929,1.0834385788850545,1.0707061009836616,1.1291831198796094,1.0964059323226232,1.2342539329313504,1.01185913889662,1.2974334604615565,1.172372359783922
2024-12-22,1.062656311797583,1.2381231675328601,1.1762978842077352,1.526447810922229,1.209372698414668,1.0662968969792845,1.07306933628846,1.3523624410571613,1.1267315036407226,1.1168300869318275,1.1379955806445115,1.1820831168841035,1.1532929821090707,1.2896595630347822,1.0695529031511826,1.1540195316963617,1.180668877460271
2024-12-29,1.1319994197233352,1.1286115708355646,1.105328166957343,1.3609343144694344,1.146800717121579,1.094379141601435,1.0812299136203354,1.3844764192937107,1.07250550230699,1.248857370170435,1.124485747516465,1.113054786353066,1.1109826155315423,1.4941000454645883,1.1467487042255273,1.1254916309661174,1.1887234384262795
2025-01-05,1.0619102348643175,1.0187295528118447,1.1112683067510607,1.2028361910176522,1.003897177625444,1.0268191024980886,1.0220612031828016,1.1168431461219772,1.037168661201889,1.1309897567614997,1.055524422563668,1.0953940203158183,0.9822821731525201,1.3705058018844154,1.0841312172792443,1.1009681405107208,1.126775643132721
2025-01-12,1.126365388517006,1.1898376413334077,1.1114269541770534,1.095195056258152,0.9496626974031465,0.9820112581514623,0.9826906968949973,1.0260310392537686,1.038871102212106,0.9748959824212255,1.0377094714527926,1.1378198703169045,0.952222104461999,1.2017483256347157,1.0009859860111763,1.0551755248186796,1.2734217660352254
2025-01-19,1.0830454721002007,1.287679518236392,1.134980875221936,1.1604183441877287,1.00530096431839,1.0192775929077726,1.1011959450575002,1.197265871181659,1.1290320136283842,1.0650891340045496,1.0740011078917184,1.0878386728379055,1.0808388070543795,1.2926038794472061,1.0453422697866548,1.0763991833472777,1.3825624719352017
2025-01-26,1.0564215564370538,1.1222411973157802,1.144293128406932,1.2959305635554315,1.1244932074177802,1.1004371729048261,1.154674320596115,1.394259818141046,1.163385739943156,1.2736138686127798,1.0821747297600368,1.1255523810999173,1.1615384436579603,1.4140692954570895,1.1236609311090535,1.1208289405908083,1.2452685750769639
2025-02-02,1.082351534356785,1.2362579865585848,1.1018089807989866,1.2530623325181132,1.2298839612587655,1.1576161238094849,1.142752993439771,1.4016460207777657,1.0933044843372526,1.2069039797327699,1.0961304859131455,1.1488489278641103,1.111452891699211,1.36972036377326,1.1124371234136363,1.1474432550123936,1.1250514140638157
2025-02-09,1.0816321311980654,1.2373533778914318,1.0626145022580424,1.1641232869129865,1.1759142540700334,1.1094641917417472,1.0906240146660577,1.267720380590351,1.0686470693675032,1.1094153579926511,1.1272520033678313,1.1018019855273078,1.0586249271007273,1.2539738007020125,1.096502527250406,1.1616678621315675,1.0708165339786235
2025-02-16,1.0550506357469474,1.0293478204114526,1.0819205892934458,1.147423123958244,1.0265100475801312,1.0130244683772591,0.9996029612821532,1.161788412788441,1.0497442362581286,1.0138219396648345,1.0570609075372033,1.0900513363230249,1.0488449833179947,1.1085444545579277,1.0585099203938344,1.0654448253308948,1.0514574843482203
2025-02-23,0.986022696209355,0.9604760556891943,1.12918711848879,1.1517448288068464,0.9248311749133074,0.9583449435570782,0.9552404562542031,1.0452506816078333,0.9888985674558343,0.9293604887677972,0.9574597194847797,1.0049532614921282,0.9996131441371142,1.0319258532176214,0.962879001959811,1.005629467579718,1.0259545966162396
2025-03-02,0.962015340724146,1.055693086284618,1.0811209752078426,1.0626385660964044,0.908339289315194,0.953579389801296,0.946105902361809,0.94900186712047,0.9458462075762424,0.8977253161379338,0.9239521408693535,0.9093818550642992,0.9363959388151306,1.0022395390121392,0.8833476831508146,1.0437639020227962,1.0204364748248655
2025-03-09,0.944083422192563,0.9957019242268539,1.044186851621279,0.9786663352220164,0.8876337023001238,0.9432726580262261,0.9138998988341304,0.9977715025722306,0.9823886377268739,1.0681274570541535,0.9727077435666446,0.9400192363325419,0.9382274342692503,0.9728490159940814,0.8969806470004034,0.970460252611554,1.0698167316988005
2025-03-16,0.9097942360721148,0.9208359775994839,1.0805827140363036,1.0472666957593522,0.9169421339943258,0.9270876695616022,0.9104775894084558,1.1085808143812508,1.0070899532598443,1.1077901415704676,0.9930232080966096,0.9960061991937557,1.0058119984400626,1.0786267118451598,0.9608625963078505,0.9299737651676675,1.1185788358232125
2025-03-23,0.937984721577972,0.9838436102990731,1.0715625226129817,1.293974985177137,1.0460737138908218,0.9268503286909155,0.9277257796964046,1.0942861606016825,0.9636271751397423,1.0119012240080423,0.9497335662502532,1.022955271652561,0.9385913697243268,1.1807752820119888,1.003332028964111,1.0586396613184599,1.058119818367775
2025-03-30,0.9451632208751412,1.0197191732284896,1.0757256765280387,1.3812161258202298,1.0679821104717888,0.9610445411924295,0.9915030858751773,1.1315239359398213,0.9982343699763011,1.1834880860501111,0.9697658399380206,1.0587924198036271,0.8507680178519383,1.2883413187046362,1.0001262945268448,1.0673970240655322,0.9986539807554135
2025-04-06,1.0616868828449995,1.1330815073859632,1.1341190752107637,1.338821184508104,1.0075814077396055,1.0051098446075926,1.030031320512446,1.2369997081582214,1.0045206869559717,1.1705338588186884,1.0159597796713629,1.1026286078445646,1.0901587871592735,1.3820906806361322,0.9664930948897289,1.057549687999954,1.1178603468121726
2025-04-13,1.17791544744099,1.451229077555275,1.257753699727235,1.3381595420765582,1.0183220147890286,1.0742672190125582,0.9905063619190649,1.2993521074891932,1.0357873189629416,1.0996062278319902,1.0498153770623888,1.1627679034365064,1.2124735696913649,1.441655425423315,0.9684555208941773,1.1265110491859387,1.4339116725187797
2025-04-20,1.1125953051493906,1.304670894182813,1.3488051421791476,1.4732953720448188,1.0818869394628727,1.0968345608530774,1.0320777430619241,1.2564341225118223,1.1811500373006285,1.177544172641917,1.12039787930368,1.170281516227398,1.1118024111340588,1.3705775188488456,1.0328567121890229,1.0981610459192224,1.5468294719464328
2025-04-27,1.0026104137514873,1.1323829997128052,1.2941944578433737,1.4512909140963093,1.1117681695211075,1.0260917745102742,1.0972091142695117,1.214620315026703,1.1200715682239695,1.2758369285481304,1.0484979279488273,1.1475187109610763,0.9841280478482521,1.3484029117388174,1.0667563381398741,1.1239792313535486,1.3918204295949366
2025-05-04,0.9831308403313765,1.025262387962354,1.2793041618809426,1.3402009069623,1.045256828815412,0.9852218057402751,1.0925584855857022,1.257452727455081,1.0860537363197065,1.256130324235587,0.9653561794232921,1.104766446130202,0.9046701645138491,1.63949013997353,1.0452771092214506,1.210008388500682,1.2653582016277813
2025-05-11,1.0728113685092384,1.0373676896580568,1.2841407418726258,1.4014480102424798,0.9598050740378702,1.0073394530513677,1.020349390731648,1.3931439756247694,1.1471236867007526,1.1990988866889567,1.0018081807498753,1.1233532126143173,1.034482818689796,1.7621053786855922,1.050123712012354,1.107524495700958,1.2875398685061545
2025-05-18,1.14208054415528,1.4022816461514926,1.2350793739967714,1.4208274583119858,1.0983388663985725,1.057685527396388,0.9949950042698759,1.4652747030525122,1.0999275841269511,1.3745977513069012,1.0433264995981917,1.1285448898308346,1.1751166818219545,1.6660781503630397,1.0650295042903564,1.1083343647681811,1.308386713172898
2025-05-25,1.231135259673079,1.2679880133896508,1.2296319991594653,1.4253541914661523,1.2169762985379051,1.095043979688597,1.0479625711020844,1.3827305719380474,1.076305418690803,1.356855093109324,1.1201044907545137,1.113143558324698,1.1086248706110267,1.6724528218352919,1.0896560012047327,1.1585991330455852,1.1703801191605492
2025-06-01,1.1239410472980844,1.0276440886083242,1.1887759170414711,1.4660731421181488,1.1267120657440215,1.0515694918828047,1.0186550006665904,1.3336880106972446,1.1402087902684306,1.1929091399721934,1.2130141296490407,1.0991927130292607,1.0602865317273915,1.754659788517682,1.0919417719132756,1.0717183481548378,1.1563040721112499
2025-06-08,1.0367615121107758,1.0079104360504245,1.2694396682286737,1.501273807673179,1.0940514498283629,0.9864156924567046,1.0349310206127893,1.17329153924708,1.1335167545043177,1.1229389666382898,1.133547512215252,1.0771259072013537,0.990258918287086,1.523802778617895,1.0389544909030677,1.0899691808880132,1.3290649731200437
2025-06-15,1.0254805774186053,1.2665736534138685,1.4401594504106556,1.6127221418400364,1.0557217914865034,0.9792670623986162,1.0774126283665186,1.134480176371283,1.1502833594516715,1.0973125063922926,1.0533212939619125,1.105326676497593,0.9895204287643864,1.3534703814829785,1.0279804418002518,1.1428825767694184,1.2891535820848734
2025-06-22,0.9032654647806347,1.3205451707542455,1.3951989362341712,1.6659419225734515,0.9921591529208574,1.0321522740410352,1.025353132040905,1.4611194426971053,1.1587906685285123,1.055249544445262,0.9856226640823675,1.2706868488414487,1.067094864615679,1.441384573866478,1.0329669619394672,1.1543339924870852,1.1298193009646642
2025-06-29,0.9415480273625088,1.215462930812975,1.6724438661325836,2.009323434537674,1.0978394823506927,1.0441406180467476,0.9165983573853306,1.3884869922836414,1.150410742997598,1.1380822662981909,0.9791093040666241,1.3471326422509484,1.0333574706651947,1.9489981133145085,1.0191965981011661,1.4239088372100492,1.0320113541116251
2025-07-06,1.3754501050799113,1.1920255459668072,1.955716187295563,2.2674463331721313,1.2267913369582562,1.0930865411783808,0.9099822640552346,1.3218371107585265,1.303150821099396,1.78357608193041,1.2085074301653929,1.2064016535686048,1.1666667140311047,2.0607838185369904,1.077869479716836,1.482699574937183,1.2578860852665452
2025-07-13,1.2886676513275652,1.2577096118469604,1.712662288891379,2.213813717528266,1.2934630485234382,1.1706824801698732,1.5302266686410146,1.55267549630467,1.3074044872111033,1.8932195585750213,1.2987292574796885,1.1577814613009714,1.207591342949817,1.5972689353849534,1.1215997676128215,1.3323410322417573,1.4992414834571879
2025-07-20,1.174067571458818,1.5462085343204812,1.4619849907015543,1.8589876073557823,1.3654416588282396,1.0797830744917323,1.3979662812038411,1.7094370573670699,1.1503662003641633,1.542743467949558,1.1555430511355314,1.3345171234331186,1.0829895584321254,1.3355819990586615,1.1301689120594725,1.2424127032810404,1.4225956354976896
2025-07-27,1.2327137368460444,1.6630238062297908,1.3575730612888628,1.5488978462539171,1.214455586994072,1.0318138501628114,1.1571004645523721,1.7119762653149566,1.1222057745333058,1.389809198200951,1.1289155103043726,1.466875041092914,1.1144608145809118,1.4041687399414446,1.1316028084038356,1.2214184860183066,1.4310411075946399
2025-08-03,1.5102960738023439,1.3304780563096354,1.328135465598224,1.61768073534371,1.1873257310182663,1.1584403597115698,1.038474949129124,1.5244988620749662,1.2388938731068113,1.3932823338208389,1.2234725249954908,1.3170126723814433,1.2229496209797905,1.8507224724471383,1.1682703212505832,1.2186464425942993,1.6054186106041008
2025-08-10,1.3434733362585667,1.237830541380922,1.3578634687705413,1.7636821540971355,1.221739387226655,1.2130252232760717,0.9916765824002693,1.3792650833901017,1.292571884299818,1.5378031062634536,1.1776694998951058,1.2105915813008954,1.162099830896541,1.7771360429427965,1.212954120020156,1.1638899536130862,1.5953642275331485
2025-08-17,1.1324879870887365,2.0960480318117773,1.4336342988003017,1.6458022843093145,1.1480950124753966,1.1406437328248247,1.1959286925170431,1.555145659869733,1.2194362873875968,1.5920253385738865,1.2553524161474943,1.2419446776162624,1.0791183823111543,1.5901090700414782,1.1255570406502295,1.4223477940179083,1.4562056963167356
2025-08-24,1.1310730866990732,2.1674973034677376,1.4822000709894003,1.6642193688441251,1.2768809163636732,1.1492050708030177,1.3042309977891857,1.6942135408261847,1.1653284450217687,1.449214057456371,1.2139602902197026,1.3716359096993074,1.1020596632292554,1.620306619054523,1.1420010743703064,1.6799429603523837,1.434570404984586
2025-08-31,1.2626025762727724,1.8662256836560207,1.494067488463796,1.7047887604989957,1.2748498657300955,1.175230402988852,1.1675031289995597,1.4496462764407534,1.2241733852164298,1.6284029036911487,1.108519829431414,1.3991508981154426,1.1604868641615638,1.8017685390238913,1.195990213072888,1.3082831866079954,1.422546317416269
2025-09-07,1.2229611343375866,1.457878032564227,1.3587951993845142,1.50425836796491,1.1401424408297207,1.0912509805986146,1.111814599329917,1.29654911930883,1.2221023347525952,1.5066899159116758,1.1155393546412493,1.2422657036428018,1.1389903340807912,2.039731268848167,1.1332100697698764,1.0763089809762927,1.2440003895307037
2025-09-14,1.107374029819474,1.1060144703226027,1.2152907799188584,1.3603118409396169,1.1070839012917018,1.0318547386989236,1.033603197575192,1.2247476166965015,1.155740867803847,1.1944654920516227,1.099121328813685,1.1265973806766323,1.067642611143513,1.7442306968804555,1.0519066141320925,1.0892054577453858,1.0883420881339403
2025-09-21,0.9736701502014975,1.0016922001922148,1.1427452821446276,1.374190142223042,1.065106124406322,1.0304035727073333,1.0109625848472619,1.1703170011471138,1.0921471340663538,1.061522578961094,1.0399944364574119,1.07957269404409,1.009815813055853,1.4327298117675975,0.9899875222431851,1.1505786890512566,1.1821720911611469
2025-09-28,0.9049276342160503,1.2546886289559656,1.2310724995820075,1.303202780770523,0.9821630251380329,1.0238961248130338,1.1300759411929506,1.2344237419710533,1.2033433826639315,1.0948824443756469,0.9701388778211532,1.080185994266412,0.980207008059827,1.2707740556226281,1.0081670956804278,1.1134763522612408,1.2462171971223412
2025-10-05,1.0282489102547099,1.2532392024340993,1.273743920764128,1.2007055670438604,1.0044031428228923,1.0145372290597154,1.0924893858713196,1.4896244709228834,1.2288640442780865,1.0913681195812535,0.9763005841553194,1.1913889461778946,0.9765801563076963,1.2839602811763517,1.074488506295147,1.2174964354236162,1.2935455439593317
2025-10-12,1.1657693557665019,1.1671271129029201,1.1557667473769135,1.345008789800382,1.0340084501760665,1.0079577879740749,1.0552853109482607,1.5502201729244347,1.0627156854539748,1.093753260806355,1.1604920940379315,1.2282687404352153,1.0741457129823435,1.5831836496211045,1.0822306252838327,1.1876436744108456,1.398667147035156
2025-10-19,1.182301882385815,1.0538034645898706,1.136191073109367,1.5537322631156893,1.0516853314186754,1.0333154668839883,1.1296433148445393,1.3109507263440754,0.9878534587462613,1.3215363440930492,1.186675126255302,1.1452285895106302,1.1618884581798101,1.7314346020283677,1.0606353089057905,1.0921269253008374,1.1983478443278062
2025-10-26,1.1293749684123313,1.0087747446092485,1.2577537017254494,1.512042222639441,1.1171281593901508,1.0743654111164693,1.0555656411160044,1.1646897969638768,1.0182303060100462,1.5143022419345618,1.0930214121556439,1.1351425100282042,1.132796759057173,1.5604719050040052,1.025390591541032,1.2044077407278548,1.2029066477093777
2025-11-02,1.1446401964593835,1.377477296903705,1.3833447528033305,1.4063642742850704,1.0843230528672512,1.1278847821861464,0.9289617627737482,1.2558677288481221,1.1324578740706452,1.3994277555922896,1.0028484150475812,1.1596883348722042,1.0514265770121445,1.4363583183106468,1.0462270786409342,1.2812697002994404,1.3199263515000361
2025-11-09,1.1709869470414231,1.3269027997075533,1.3460540176182416,1.337217094490904,1.0872292129423926,1.0861337017229278,0.9621713959588124,1.550192254664715,1.2634373900450544,1.3494734972599152,0.9849951307770966,1.1566766738558814,1.0294060675213652,1.4833893515713716,1.103907749651044,1.1989230486682525,1.3170580261103484
2025-11-16,1.0985451142250713,1.0633793587680391,1.211306262492963,1.3737591411511083,1.073733690917019,1.021256600899849,1.070187555989527,1.5511428215672614,1.218714516640548,1.3770252054103498,1.108212496514125,1.170424843247983,1.074877147394661,1.5212826546194143,1.0827406173802059,1.0681769813503426,1.335011243794997
2025-11-23,1.008743032066573,1.1782633700136682,1.137399660752793,1.3447622443230336,1.0528020227114703,1.0364575780092773,1.0899449918848299,1.366653604252512,1.1643386582052395,1.1964134289624928,1.1747681570784343,1.1389899741895755,1.054932388466653,1.4448849221381919,1.075752215218522,1.00022974270801,1.2643310603535785
2025-11-30,0.9917168662850037,1.3475987318979525,1.2349471133977379,1.2557206561659575,1.1073555858102768,1.0728347109859668,1.0769527287723983,1.3586637967795463,1.2147404975781961,1.1681947674117887,1.1106329599108564,1.0712185914703118,1.0882457903131442,1.3682041197378236,1.1248506956867166,1.474971150277817,1.2503647291421691
2025-12-07,1.0233817611914453,1.2448854283896653,1.3377206942230526,1.248854094161561,1.1596868787353487,1.0984824907493775,1.0337801992571034,1.4092032454736614,1.235208791872981,1.5014896597101726,1.1005504144941616,1.1693979170514153,1.1822414696147572,1.6069203582589442,1.1225220712755548,1.3950896305947968,1.1722325486474454
2025-12-14,1.2188455857690483,1.2249345180682811,1.252719490770101,1.3531953629867453,1.1094690353897527,1.0826788026288516,1.1280891569639964,1.301650782724307,1.1990184439315847,1.3314994194392038,1.1340583810568352,1.317918655526227,1.1900180976012387,1.484650996130684,1.0887235969940257,1.1958613241696725,1.1544812385679977
2025-12-21,1.2827119394936541,1.0919176905766264,1.1767745345240357,1.379785481436111,1.1300758995522446,1.1354349412180624,1.1575291026363461,1.2281674158472662,1.1643925788656382,1.1852133043072073,1.115747541670857,1.3359058077485837,1.1691935023759739,1.2272682869899731,1.116581440982456,1.2096582417829471,1.3702434823596936
2025-12-28,1.0973923113198851,1.1083353901622146,1.1768900657501016,1.2080269137506277,1.1743912228074838,1.1572368236588646,1.036847869296462,1.249439302546067,1.086668879549622,1.1093058537897726,1.0817675120961316,1.2328498588218537,1.1172305801775242,1.1833248650745347,1.0900646579558286,1.1564961170420898,1.2733847631200723
2026-01-04,0.9750557416831599,1.2169510103318313,1.1305022617916378,1.0559089722794552,1.0333800105897133,1.064513315283091,1.0231142524747707,1.190739608610432,1.0172154638217783,1.0425608827835966,1.0668025155329184,1.0609134456377043,1.0658938105816675,1.1228438811778372,1.0402998165281139,1.0374817733347996,1.0518039765466083
2026-01-11,0.9636502982251247,1.0973521170821992,1.0520964445014087,1.0986445587591265,0.9429120362376654,0.9759820708071963,1.057685457177302,1.1073683430886565,1.0011494422478835,1.0521249806932023,1.038615549748536,0.9554941861749213,1.0049014420937346,1.0064704392361126,1.038381350904356,0.9500443848931015,0.9415404820152787
2026-01-18,1.00737594772079,0.960569806805433,1.029791950806452,1.1984508070481394,1.060584806857842,0.939826338140241,1.0600782741263923,1.0689341297976096,1.0130300737562965,1.0388240444870172,0.9756174878489171,0.963616812695272,0.9268491244407617,1.084893989060956,1.0172651676409605,0.9547336315945963,0.9888931629147985
2026-01-25,1.0121169970652522,0.948935001978822,1.0597941349259716,1.152732123449895,1.04245761296409,0.9545171262772151,1.0438100519186204,1.0388087360992884,0.9724931430753381,1.0096647864056458,0.9400154773103778,1.0443336915733117,0.9399686756436874,1.3317504842011303,0.9908918058127077,1.0263957063740572,1.0223102991532997
2026-02-01,0.946834949714492,1.037759654600084,1.1068817988358097,1.2096229949544837,0.9418552538091125,0.9581362079441916,0.9490797123671058,1.1123783006670167,0.9346939968199616,1.0572636846706023,0.9908981974716059,1.0691347921525851,1.003768230562265,1.340040398322841,0.9848832228360213,0.9914056251888099,1.094949061815705
2026-02-08,0.9814469088226904,0.9982885745053437,1.1008622354327147,1.2901508250849052,0.9899576511266994,0.9927561648980955,0.9322058806232715,1.5801572111634155,1.0974820110640406,1.070252740919026,1.0654361680105597,1.0938710243046388,1.0096226447137564,1.2388424623384169,1.0190166822621276,1.09182273697754,1.22305546768339
2026-02-15,1.105319651972312,1.0809762927144904,1.0361137017879443,1.32966361679106,1.0430582167207034,1.1154094288814622,1.0836165474205055,1.6582910856415807,1.2106975265512112,1.113174523106351,1.051752720075351,1.189744927791504,1.0676553038593213,1.2400791994036464,1.0451771295807435,1.3273903736936885,1.1882397830374956
2026-02-22,1.0846406082492857,1.2368675406233216,1.0713515714127944,1.3018564359342861,1.0879014183359754,1.103705278863179,1.1089051709379338,1.3237178599229769,1.1435116898076323,1.1728628787036888,1.089341699602515,1.1523262466241972,1.0976503254968626,1.2891688612070988,1.0412841906916792,1.245936562242041,1.0870600230548524
2026-03-01,1.0623407420977908,1.0927901342830484,1.154618784125791,1.1962919306395785,1.07215689118615,1.0209542588260316,1.0398044547966465,1.1131589123573191,1.0821387616981955,1.1108794922466885,1.110065621103072,1.0516188655161285,1.1002369530482683,1.2811933198154433,1.0370752872200455,1.0674774132772713,1.0544409707953561
2026-03-08,1.0551020638539168,0.9400508875996562,1.06274910212928,1.148257755338625,0.9684488777340586,1.0000664136902868,1.0256722970141203,1.0715542936109415,1.0517588179110167,1.089367763978521,1.0361149911473062,0.9869886978024234,1.0627666033411112,1.2372238390304808,1.0126988635307883,0.9559832329138397,1.0895642473259701
2026-03-15,1.018998824599289,1.0240019000171223,1.004170970679513,1.1311447395129361,0.9609414073941009,0.9899364977731295,0.9856273854123128,1.2519507930987352,1.0394683239314333,1.0742905043057633,0.9758268460673266,0.9852816677340008,0.9889863234827254,1.1748031276063955,1.001659050275341,1.0191533797931802,1.0177220002433773
2026-03-22,0.9778120134979861,1.3401980997078313,1.0969435814246322,1.097799579107309,1.0132543375611338,0.9431481238431755,0.9302081938867465,1.2677890486282406,1.0144055997898134,1.0893269433801827,0.9654468940252938,1.0161064206442318,0.9625952157353393,1.1937382127485832,0.9937998479307537,1.1184958942236456,0.9956820733877222
2026-03-29,0.9964911249577701,1.2411355176317278,1.225319646335326,1.0968173046181513,1.0485791661720507,0.9665117596295137,0.9978240516696915,1.1958496173208668,0.9898968203209576,1.1025183401950018,0.9836408681738389,1.0603548295072494,1.0159818128607268,1.231146429411265,0.9675533126465649,1.097277532491799,1.0986136502626183
2026-04-05,1.070979089932003,1.1347035636855667,1.2721533763800887,1.2660881924969354,1.0135304626813693,1.0486397373521479,1.0193781058569658,1.3172447296895518,1.053613971269132,0.9782518882366862,1.0027683966968743,1.1169268954440694,1.0545742122689221,1.2576763035470857,0.9567150901694021,1.1237171677973914,1.0581803828332894
2026-04-12,1.07325715241619,1.1133299066711344,1.1489628380554577,1.4919831559971006,0.9346420768053285,1.03810604238417,0.975795092221363,1.2903481143485036,1.1413387781491457,1.1589790844760943,1.0230575000467936,1.111837020706079,1.033775462800001,1.4094203322167511,1.0199047784033255,1.1912352048726589,1.2320175738916603
2026-04-19,1.0110013369700026,1.0723053326942105,1.1142863692685818,1.3985430350228745,1.0482497598598743,0.9917282012019972,1.012846938772497,1.2594094241549498,1.091207897823379,1.4069590983561877,1.0409761159941253,1.086472861241132,1.032531487567556,1.5177855815486845,1.0779892440758747,1.0900626998237248,1.242125051040408
2026-04-26,0.9537705905528454,1.0255286334123317,1.1861005790851769,1.4928814753731716,1.1869569811855076,1.0169249383452175,1.0618672892825936,1.5333122589543344,1.0743151349344842,1.1809973523411714,1.0681599318313242,1.188811639872186,1.093652823775869,1.5200269931549835,1.060932907484717,1.0299615074902972,1.050305862888799
2026-05-03,1.0085792739363615,1.1242042117161934,1.1280100375766964,1.5659703911086003,1.0892881772021614,1.0958959378398696,1.0375007456247372,1.551799153332185,1.1299305678499554,1.320821395929339,1.0882142126557517,1.2424006712786797,1.0615549807539233,1.5200269947076166,1.049369927567051,1.1579379408430064,1.1289489726235111
2026-05-10,1.0432947330117057,1.5883180068913254,1.1652494365962915,1.410543441577558,1.04642016227798,1.0978683070944462,1.0545635171513776,1.3602409972062979,1.1078094905324103,1.5543866334366614,1.1221410569425403,1.1708183543270032,1.0004152617358941,1.478488979513576,1.0622352444542835,1.1622624875186072,1.225452418367354
2026-05-17,1.0037968493803613,1.5458360699947082,1.210090614621687,1.3997683184030578,1.1876190713329002,1.0119062906282377,1.0758057479759537,1.4284904697701097,1.1405579413881635,1.2851542905185351,1.099276747696671,1.168901750950955,1.0450452904849479,1.5889410813486053,1.0829009791728625,1.0956990620008795,1.1604173906819844
2026-05-24,1.0990922848368578,1.2574540622066914,1.190227143904688,1.3982188135866698,1.1656241814432402,0.9669655859062393,1.040359734709134,1.6419026067015425,1.1930861457470099,1.0460578141401102,1.0808211935942407,1.1933095909573068,1.075966846966252,1.731434606312876,1.0325294655576567,1.030910022734765,1.2297511697552548
2026-05-31,1.2889956016254267,0.9943242140234138,1.24301939473678,1.2778383476183106,1.0493157634522974,1.0381036618511252,0.9985918148869015,1.4274014572134548,1.133758449066498,1.2060407627817642,1.1082189384513936,1.1479084819838405,1.0496516560524676,1.5217586148192537,0.9851008958648918,1.1857730472796895,1.2151941597022617
2026-06-07,1.2013311305631709,0.8593228987576809,1.2243317373933775,1.150310623487752,0.9855484867095263,1.0566250282775413,1.0129017538299732,1.2194049157227054,1.1161312587807743,1.6755163421237893,1.0765520786234515,1.094489224941856,1.0445206208864233,1.4566659719684063,1.0334074469779395,1.4154234102170145,1.1170774097467782
2026-06-14,1.0148950863630264,1.4135652358051054,1.256728971864718,1.1302190015251803,0.9641461051536343,1.027812679315158,1.1829917327233177,1.2004228600821036,1.1524168107948851,1.4138195179084894,0.9841142944977279,1.0972898941597387,1.0680912948816317,1.6918450849187068,1.0703365812135972,1.2076972489395377,1.097926635924658
2026-06-21,1.1161711234994445,1.5879241805157915,1.2530733843961244,1.4871559008258466,1.1547405353374882,1.0341334601175598,1.1362895977024465,1.508809870481925,1.126589236270201,1.268757500762389,0.9824123424579748,1.1288749880325402,1.0545009124931033,1.628513953554349,1.0995261565935337,1.1223320956567875,1.2277019179809532
2026-06-28,1.196439970567625,1.251244336648512,1.1730671753712578,1.8586958783256347,1.1534430554425168,1.054563138315111,0.9761493031424848,1.8201042248769932,1.1358628028970374,1.178472598278142,1.1480901946636468,1.1877966543544272,1.0096179226413624,1.496569323940653,1.062611541374723,1.4119502495422147,1.2193670821273095
2026-07-05,1.0531145953441214,1.261166011018603,1.3008623364144998,1.6174781895140427,1.0453619387188051,1.0803126370557952,0.9778259764869012,1.8272041670956347,1.2049340508044593,1.2984107597558197,1.2158377104641973,1.224842947435137,1.0336062812873281,1.7182655465788146,1.0116410959610882,1.4761410606917442,1.1857653942741337
2026-07-12,1.0708408958704723,1.460774726580451,1.5217497035535414,1.496140342214135,1.0745896117600442,1.1114872410149579,1.1076491235669619,1.7806987970579158,1.218096618664736,1.4960349721052073,1.110370704775954,1.2124250319553846,1.1161211732604115,1.8410956665816236,1.1359016905201988,1.2287906493043028,1.3400930243623908
2026-07-19,1.2495041644546407,1.3236576206029214,1.4184698700894578,1.5325783004356397,1.0812973030866617,1.1018113454888507,1.1200960622518645,1.9999694633679876,1.1772337507287707,1.3007169336407147,1.010615098422327,1.1978355855352125,1.1724564561350035,1.7902779936421847,1.1655760371205708,1.0946702008620013,1.6145933503236167
