date,ALMIRANTE BROWN,AVELLANEDA,EZEIZA,FLORENCIO VARELA,GENERAL SAN MARTÍN,JOSÉ C. PAZ,LA MATANZA,LANÚS,LOMAS DE ZAMORA,MALVINAS ARGENTINAS,MERLO,MORENO,MORÓN,QUILMES,SAN ISIDRO,SAN MIGUEL,TIGRE,TRES DE FEBRERO,VICENTE LÓPEZ
2022-07-03,1.0,1.0,1.0,1.0,1.0,1.0,1.0,1.0,1.0,1.0,1.0,1.0,1.0,1.0,1.0,1.0,1.0,1.0,1.0
2022-07-10,1.5272265414173445,1.370997227950566,1.395785934414749,1.3890933850678264,1.3859758237561723,1.4192388211654225,1.6426891985699295,1.356449160020402,1.5030021073374868,1.6144229920346875,1.3831685183975364,1.4015743408423118,1.4737932082930802,1.4371293642235623,1.516141883309862,1.524897462124046,2.029766784167662,1.312478235259226,1.4198034605845558
2022-07-17,1.1080827017571,1.0072033428920364,1.0256620815277144,1.0093884607284251,1.023779052690901,1.0121072940604983,1.2569816234311706,0.9783736537421185,1.1325647527014955,1.4287817743467317,1.015757935740706,0.9683272590874502,1.1147219949419747,1.1007371167450803,1.0593822763239829,1.112727982235956,1.3799313620317177,0.9775812504479632,1.0415015284778641
2022-07-24,1.0745532030252454,0.9862950913488773,1.0191602720416857,0.9764372945362055,0.9933486964213508,0.9668573864199442,1.2287822252272738,0.9234268169852228,1.1098946274776582,1.3850062840037416,0.9723688027671964,0.8455813595969806,1.1183595945395048,1.1079147900243218,1.0169662173720082,1.0704149616430474,1.3207199411638635,0.9693903371841306,1.0292939015014646
2022-07-31,1.029609332581095,0.9681224002540294,1.0087780269292903,0.9825000695924202,0.9420878590457938,0.9598692057188042,1.1609761420107851,0.9069418273799227,1.3191813595153823,1.1564579584688781,0.84761805089096,0.8777839134685346,1.180039099375838,1.036522188673718,1.2109358240533448,0.9989406739769241,1.2856619293054268,0.9712272303085335,0.9967456121297241
2022-08-07,1.0400511531518477,1.0050501132638094,1.020115816840475,1.0048087725533021,0.9799307920496683,1.0092007906357,1.1635836787933496,0.9878451391867237,1.4312834535182464,1.0817125149421496,0.6935056248169142,1.0910013633313402,1.183500126479746,1.0144683981235885,1.2288752055862444,1.0056751758266727,1.1926320012784142,1.016177766897983,0.9682817791110648
2022-08-14,1.0254808870406502,1.0237614902769336,1.0226421125641416,0.993071328192425,1.0898269822564983,0.9988969831271963,1.206825646537649,1.0930229588343046,1.2655411529203286,1.2428096713833485,0.7223932482399568,1.1358813836187633,1.1594334652317908,1.0936942543968091,1.1137282270413735,1.0442277019021404,1.082425648534963,1.0667213304049987,0.9538572425198422
2022-08-21,1.054099366963343,1.0066728537213958,1.016786066523767,1.0576902881161303,1.0840892934995972,0.9380493897225299,1.2537834641771501,1.0936902168199236,1.2039472157858957,1.3289882971129334,1.1328186800758695,1.3155270878267962,1.2366331705441693,1.1272236048587376,1.1030720020038296,1.0974190391441903,1.090154278448365,1.0392838139257303,1.0111816151545334
2022-08-28,1.142630886538699,1.02569454347504,1.0182971419958657,1.034228233368626,1.0548084811499556,0.8427442777425108,1.2361758429208753,1.095941557301614,1.260357094448539,1.524837084072539,1.1428569556656232,1.2533475084099888,1.2487685216893745,1.090717184160383,1.0682593892445706,1.1240990311642112,1.1000883666808439,1.0476179390896116,1.0618315626579082
2022-09-04,1.1182239045899824,0.9876426249285954,0.9807077828451589,0.8991174141810242,1.0379023544771764,0.8236485225758905,1.1566189531186,1.0924024417693539,1.2862549276256627,1.5879759355984278,1.0873536717872132,1.1178589448683565,1.1730239657859118,1.0541277264321773,1.0778475422319274,1.1096317677855354,1.1611303851581602,1.0242104960377756,1.0380283689402885
2022-09-11,1.0607064626597267,0.9371112913757764,0.9941600784216997,0.9008362478728165,1.0453695323874501,0.9426830501976935,1.1396887659343833,1.0705174203597707,1.2467797850058377,1.6289684845615158,1.0669382037354227,1.1615489354871391,1.1785835524890802,1.0825949828775943,1.2192437498228752,1.1136889927233833,1.3151854364758666,1.0223584518686872,1.0206344914932224
2022-09-18,1.0665859560182847,0.9803542587053715,1.0756840198184237,1.1002518314049825,1.0217483762984718,1.0069376247512163,1.1626658503092664,1.0725896652013895,1.3448225797366191,1.6366991918970495,1.13580467069402,1.1962560334330778,1.1669783353655696,1.0788117643982633,1.2408676629952198,1.1020992350222472,1.424343668678097,1.0261967451690632,1.024083375734998
2022-09-25,1.0465690756946415,1.0147145902334116,1.0654287559690159,1.1341148769757845,1.027371138875157,1.0942550712803651,1.1603717839731713,1.0838457823362293,1.5581176526140585,1.4189692737906014,1.0496726753407672,1.093980517542859,1.1169071560124715,1.0083517249489633,1.171257485236888,1.0980996788806605,1.4711367646997182,0.9567334333466936,1.0216489817597436
2022-10-02,1.01638495204154,1.0306018934871557,0.9936329999850978,1.0777412751064714,1.0819324137262136,1.0707475535615274,1.2039002612566165,1.0522132961261932,1.448187564499882,1.3693782086849855,0.9178485540898668,1.0726505492448473,1.1413909050068707,0.9976736394080725,1.1243340915340965,1.1355567451909914,1.3660985719874468,0.9248815164476267,1.019236000353814
2022-10-09,1.0339118716798155,1.0539319051299032,0.9629151901465012,1.0055076370530438,1.0701413122751635,0.9245457269001314,1.217191423981709,1.016527989342225,1.403897821214552,1.931684003357862,1.0379536229218054,1.292352817104205,1.1387413785054201,0.9992918990235741,1.0854432703364898,1.1572964086443558,1.3140252883818846,0.9689922275922126,1.0021660346813495
2022-10-16,1.031776614153975,1.031059194982353,1.0772837078100688,1.0114410889788525,1.151426445503765,0.9323987945177784,1.1979756875022451,1.012336335469634,1.3062278674021033,2.7363870748197336,1.248171154289232,1.571455753237633,1.1632964135264985,1.0040835902181313,1.0739240874585514,1.1213337341817613,1.2654647540844721,1.0527589868941936,1.0281396296775773
2022-10-23,0.9791112369459712,1.0013411446235163,1.109475978856045,1.1807574753292434,1.1317758157577325,1.1379240628145242,1.1865068689620986,0.9940498824027472,1.1456306154590636,2.8196977671400525,1.1414171532559068,1.4166196227114274,1.1849598788928657,1.0312560616030462,1.030728161131998,1.1037557351623184,1.1294771173779141,1.0370737734734006,1.0480551983337383
2022-10-30,0.8746769634514648,0.9778870752880399,0.9870182117375425,1.1169987546427254,0.9596096602837227,1.0877534403852918,1.1196368290050287,0.9555356095006033,1.328007999604125,1.7860385366248996,1.1587675134686362,1.394696160094567,1.067977487054079,0.9724489571497275,0.9923088288238658,1.0754792437918927,1.0871401624993344,0.9879964666132504,0.9835027527534175
2022-11-06,0.8856799362029134,0.9221487610114932,0.8943766275648519,0.9297757149457707,0.8502659763663142,1.081425946187085,1.0678804234340118,0.9338135745024225,1.533871471278675,1.2519044810484325,1.3749427171128346,1.5797350939789976,0.9698345958455075,0.9313461591424843,1.021394353897429,1.042908656794048,1.1768201516516383,1.00814382771387,0.9368437937093527
2022-11-13,1.1672091783577012,0.9194616251380969,0.9407400121281628,0.884799318563671,0.9278140696005045,1.1103304553963806,1.0895401710386514,0.9554430753932714,1.3524534072123964,1.0391148278044322,1.4052571068494562,1.6509427876758218,0.9411492855457576,0.9383586152091206,0.955217344619658,1.0827744959737007,1.0491004480873647,1.026722879322034,0.9575669217755068
2022-11-20,1.2444051756353742,0.9958996292261486,0.9715963106354378,1.2701192849265512,0.9778291625574549,1.1041919159951716,1.1344616192298587,0.967709792935522,1.3028393011613009,1.4697749853469342,1.502195052061544,2.1092597639735695,0.9112571512463559,0.9988754363186553,0.930015689472358,1.0955127010714534,0.9100513970896362,1.0547124927610017,1.0402721635431944
2022-11-27,1.2910936000775992,1.0203360626552032,0.9569708426993108,1.3869328869305149,0.9861267289588338,1.1196860586714954,1.1488718399280997,0.9890193138415285,1.2647720464767702,2.0041714111419306,1.6860610820631992,2.0715427101255677,1.0054529309489457,1.1359486963382275,1.227901095684677,1.078530878095025,1.113852646715467,1.0274406354759953,1.1448862556002866
2022-12-04,1.2932802480296657,1.0315433324566847,1.0220177104436752,1.0626956311360238,1.0746529253149215,1.2391645532145354,1.2036560740975848,1.0335907806840512,1.2616212714505288,1.6022631624899926,1.591651219080269,1.7814979891664295,1.2476418632180113,1.1286511083180535,1.3278430933687793,1.0396897059064227,1.2001388140370612,1.0117070945757118,1.1291456280781347
2022-12-11,1.3724475173730355,1.0433472563874315,1.0006365108205106,0.7840442975376769,1.1358932974992841,1.361899933392679,1.268263358489442,1.023783815691407,1.4712857850704628,1.8242024329157178,1.4412617865410082,1.8428400816968507,1.4222310224109254,1.1018801975853894,1.1241287027716476,1.0006325755656174,1.1468800838413082,1.0534692447602965,1.0605321963877195
2022-12-18,1.3763125214600485,1.0447311365122274,0.8954576391428717,0.7931561631605627,1.1355157022791422,1.3808300937977933,1.216343409815287,0.9916534122023283,1.6997055867751107,2.633381480614662,1.4590296300343144,1.681786987376861,1.3673040274644568,1.1178417054542626,1.0075539361530839,1.1041910015491094,1.225450064813159,1.0648647329783405,1.0324960934260978
2022-12-25,1.2957915013923664,1.0173608287578273,0.9057309714642551,1.2950309538649398,1.057808893895891,1.3154566948215602,1.1868568561395636,0.9598787792187228,1.6476935303898976,2.742355317884439,1.5593383249388826,1.5556657749683946,1.2009005906447827,1.066492829085365,1.0570680100176972,1.1542884915021638,1.1853989263008025,1.2051337945943144,1.0319280096765877
2023-01-01,1.4134964776643395,1.0515775960024203,1.045185385245661,1.5274124154021769,1.0715155555758313,1.6770588297023694,1.2211785009748943,0.9848161265944094,1.5665350460599932,2.8846322436004472,1.734667327368017,1.758663536953657,1.1318527063478412,1.10236169378583,1.1830660243535678,1.0395130221327855,1.4207402749645228,1.2621888408079247,0.9797900145489317
2023-01-08,1.5723081614919308,1.0400214985305911,1.060984233337765,1.4260453102196682,1.13497163544767,1.4118088323823819,1.2777877382575655,0.978857631132963,1.7325455911887857,2.8534321924532096,2.018502048438364,1.676780600591303,1.0991586407082394,1.2053152744934406,1.2404406650428286,0.9729737121141789,1.508871267501375,1.074982132695403,0.8638716220875646
2023-01-15,1.5038157238265275,0.9557209001414837,1.1992941908479045,1.1394197790003147,1.097642706991195,1.0792194754288909,1.2962777369008505,0.9742191108008446,1.7873999166425103,2.745802660307127,2.070698716772721,1.3857075152646228,1.106800294883131,1.1698804731987413,1.1463090094157318,1.0768988052794457,1.1798351301379824,0.9424681732173308,0.8195022335327008
2023-01-22,1.5200623280903565,0.998270608690175,1.1751557238906418,1.0350897845765097,1.1305188867632643,0.9391132492031273,1.2697586405959769,1.1163803100762557,1.5918346902053633,2.9058796023846982,2.095089100252114,1.2550961101416946,1.2175957413229461,1.269571587794952,1.0923474455805493,1.1602185864886323,1.1253163352777675,0.9911567497579072,1.010284258267156
2023-01-29,1.5626220473125076,1.1042776396562985,1.0727962329494372,1.078123099701361,1.155264445649753,1.0216987616528141,1.347004678701371,1.1278444454415621,1.5575348653899808,2.5262292891204385,2.1354132202588083,1.2953799854187789,1.3497780612046562,1.3350420265985266,1.0820948729288744,1.1565062223682654,1.6779954944171864,1.08385444616162,1.116072471283052
2023-02-05,1.5624040214908048,1.0700265486376026,1.061993546476597,1.0949914996535532,1.1330848729301233,1.0790245790211395,1.356733231375899,1.0607785603854953,1.810069167596463,1.8432786001034753,2.3233091450088112,1.4309968875199555,1.4316255812788308,1.247932456361639,1.101407852945701,1.1735789731660724,1.9722676006630948,1.0800693899319658,1.160667756615942
2023-02-12,1.4596481430813053,1.0007884607010074,1.1398025129265148,1.1073263366128356,1.222651022817877,1.0244299721999652,1.2833072342563883,1.0624882838059222,1.7556762985482977,1.6607796965954842,2.443092447586164,1.3957445138850564,1.37412904562294,1.3724881146343972,1.1281387181656424,1.1191665612872528,1.9883335703015088,1.0946069833795837,1.1898770053765488
2023-02-19,1.3694806432392452,0.9816961222956697,1.183441865036496,1.0831393855052864,1.2099332767873898,1.008163521387694,1.3301387580767212,1.0799020071141754,1.4531198704094335,2.132106415853282,2.363592017414258,1.2787717370686078,1.3494974327284854,1.4828499786930383,1.1366795776278908,1.0797934898445662,1.8150961106909311,1.1844442300600593,1.244677009537997
2023-02-26,1.6923179429160882,1.006258438188475,1.1173784182303892,1.0500350498920323,1.098290372690023,1.0497528748836582,1.3690436769320118,1.1043011644797478,1.3224367818336635,1.6494548590649185,2.29392108446794,1.296449949967705,1.4205163156719112,1.3690475090520167,1.1267256748277232,1.141774938289731,1.6211580841716782,1.1461420729678562,1.2763201058812068
2023-03-05,1.5629002550894335,1.1096398024170593,1.0395545325591393,1.0933948277457342,1.0908108461594181,1.0978719146570481,1.366518885437431,1.1154047804744724,1.3705847723505733,1.2398241974026252,2.175266012744689,1.3103520665835537,1.3744835064059862,1.2830740279112116,1.0780365799797054,1.1311307886311919,1.6134209371483814,1.102389814884039,1.2838809794465764
2023-03-12,1.3433563847795262,1.3176164933206922,1.03767822311346,1.1356412432619594,1.1473867780409408,1.1555577996184159,1.4125190619650307,1.050586349121527,1.4901741063469829,1.4015585107406787,2.204919149035084,1.294028896160875,1.3616482414910653,1.2629319868966993,1.015333267865052,1.0566141339637656,1.582420991004345,1.2168146690779529,1.2428587383103602
2023-03-19,1.155725219596109,1.2464776911388158,1.1105309273755684,1.0719646631546786,1.1453999783284372,1.1326127956004042,1.4441352601629576,1.0554858059051468,1.6536480444018637,2.7807634382469066,2.4029849880592438,1.2965146486835117,1.4040084654921396,1.192218762663813,1.0171366634940189,1.0739744011412191,1.3871624504035929,1.2419692423049766,1.1198898155166797
2023-03-26,0.9633779887403403,1.0664281666252315,1.1075555961104726,1.0613871618676434,1.1483405216531948,1.1108808666544225,1.4512258037281747,1.1101925009663025,1.8968333021825556,2.187568075832846,2.4445788725732704,1.2352069764239224,1.366037759708676,1.1117982052404212,1.1855041848087646,1.1844282703697617,1.2984854787261866,1.1673515988291343,1.0989122114761598
2023-04-02,1.0780349159343863,1.0112667391100283,1.0612936095208583,1.122093586469849,1.1331959676851637,1.1679749461454707,1.384002812672696,1.09402208052575,1.6873153315537956,1.780739875723869,2.3635920183525787,1.3261444030803413,1.416330390154372,1.1232260889131966,1.181252282084853,1.170196858942444,1.644979848690472,1.095934333294554,1.166733230560666
2023-04-09,1.3251838252228612,1.081312084942033,1.0543363571231468,1.0982436159422,1.078671956497421,1.186239341676637,1.2905758022504272,1.1076993000470283,1.424530298142595,2.025193861453534,2.369339350489631,1.3097668684292652,1.357400493965176,1.1554686500084803,1.135359364192268,1.076981985200389,2.180398686308661,1.0320265772554125,1.1037487780527995
2023-04-16,1.1701643841109886,1.0675679209690534,1.065285738613203,1.1067933643724084,1.1270986486432601,1.2717606963146029,1.285447993615426,1.1226629487076876,1.3093259765553478,2.2460039476396103,1.920627851373691,1.1988712281879474,1.24841399678851,1.1173200199293911,1.0935651934205626,1.067741718154152,1.8352208630906575,1.0423579305706803,1.0448240296687383
2023-04-23,1.0890394884325683,1.0279273667009792,1.1030984470763776,1.1313825747824406,1.180504456238786,1.2396282034567765,1.3455053894974733,1.0950713284646612,1.1735008903142223,2.4507330154902465,1.549060304941773,1.113208386209233,1.207328039735256,1.0111946454043617,1.1381484184853237,1.1011485839156345,1.6216108419727715,1.045878737241034,1.0960869382267766
2023-04-30,1.0784788688198452,1.0097782364455032,1.1057617570711438,1.066760335247404,1.0853679078704597,1.1197610980757038,1.4803348624683423,1.0572636519915974,1.058156712584669,2.0039922728549926,1.5155957406442164,1.0361439490096276,1.2295531379327054,1.0508797863759367,1.2184242515025465,1.0739003934720714,1.5998298473111254,0.9812688183188252,1.1210079484880116
2023-05-07,1.1041433319629506,1.0211819475405062,1.0826729716898944,1.035547830114999,1.0366607053877943,1.0676289214714043,1.4187809882618694,1.0343243973295773,1.1446298244435638,1.5961448912024492,2.2330441609440586,1.0830434775458815,1.2324766577087456,1.2667278089420742,1.077666236957099,1.070397371019764,1.536705845681635,1.081373496917181,1.0621462679231777
2023-05-14,1.1292360840748046,1.0990688740349601,1.0647070486523056,1.0834175396789194,1.1247628818151085,1.0150204492479395,1.2894950021978455,1.1254173153984357,1.2839024425085368,1.2958564831831096,1.406191737809989,1.142099270792612,1.243021679518507,1.246279398351313,1.0261840791618588,1.0125367720978244,1.479045607891591,1.2372851051390292,1.0198990794050649
2023-05-21,1.1269772331720511,1.1813999106453474,1.0384746825563707,1.135397970170105,1.137873958329494,0.9752472747117874,1.2018526954297852,1.1535456983564596,1.2535497643380533,1.1026322735542888,1.0694964513314367,1.0615520247698844,1.2969783865419233,1.1255358777142526,1.0873309801768662,0.9801584875335079,1.666101790073557,1.1718591551768591,1.0596591301365663
2023-05-28,1.0969058075635907,1.080584564639068,1.0449633268775318,1.1228763083114057,1.0711906123965094,1.0365857601731558,1.1189339404656224,1.0361382358526974,1.2529961967368175,1.1307809451290718,1.053721863747843,1.0306505032727307,1.1997566939521025,1.0263639669197806,1.0839092640906063,1.2355505244889688,1.4769254852236025,1.0657693376189354,1.0971707491770926
2023-06-04,1.0759466507576538,0.9067607923130202,1.0582230221580498,1.050661321884283,1.0755767133788168,1.1147441677918566,1.0986582112572243,0.9773754019713679,1.255072365335987,1.2313645947404985,1.0745817894203615,1.0957920573393725,1.1227650850624555,1.0348298964714067,1.0708869900544307,1.2029349646493932,1.2218189552107344,1.0158394338428927,1.1070697643879184
2023-06-11,1.02600257911782,0.8780623478510515,1.0433446814805425,0.997515836348532,1.0590183200095946,1.0878674149871055,1.1103280430645532,1.0176399629484256,1.2026266788890903,1.4811088322492774,0.9491919901453096,1.0706357705431835,1.0729336115566155,1.0221895305948678,1.0190644660388308,1.0727331542048981,1.0475553309092898,0.9929585322400707,1.096946044225879
2023-06-18,1.0038343819568094,0.9873577663554911,0.9772886343705588,0.9545580604257715,0.9245314451232602,1.0268193468236564,1.0614226777422868,1.0009296859156351,1.1930824114098444,2.136153739352461,0.9642226210186663,0.9887139000839315,1.0667009321072194,0.9408713882980239,0.9436585803916911,0.9850034926495891,1.002464619473325,0.9518300279253313,1.0513505785652955
2023-06-25,1.0518292906508142,0.9212775740838,0.9207590330437907,0.9411680178808586,0.8510762225814064,0.9829071579281502,0.9768091394879473,0.9604695862580823,1.2055677867781183,1.645705760227512,1.1061213915727797,0.9533540602121989,1.2371454027782807,0.9550829754010679,1.0106945126770688,0.9846734267478313,1.0438904468921322,0.9090967879180476,1.0227808249706767
2023-07-02,1.0075202818341618,0.9288087374678309,0.9798888235527257,0.9911219487752351,1.011002323477317,0.9076279223551541,0.9693455688225887,0.9656755501233304,1.1814761097317652,1.2549831684154469,0.996737822495826,0.9422022134012596,1.2245715768699197,1.0367853657625898,1.1130381787033696,1.0885126290435623,0.9660037165874857,0.9588092420850359,0.9926279484398084
2023-07-09,1.0137689698763315,1.0083254531100936,1.0145640822048447,0.9943778527197807,1.03623681039706,0.8812982819418267,1.0429216190491934,0.9783489432802879,1.1645176405155824,1.0916268929583948,0.957238963913636,0.9494876721288582,1.166316279186201,1.039478864109921,1.0631055369482991,1.0454253947263654,0.9001424254071482,1.0586596667831483,0.9405013994215767
2023-07-16,1.1044519509524817,0.9648531408541706,0.9803533307160536,0.9973865036428692,0.9678635408522448,0.9545796073037865,1.012723001530661,0.9861057103060547,1.107177688619745,1.4068767858514413,1.208045695332877,0.9759393296705986,1.2126258883289442,1.005270554890204,1.0113251407661241,1.0135111483192565,0.9694557607794672,1.0398373123286382,0.9425996117953406
2023-07-23,1.0634514349644009,0.9468331545923375,1.0102257084310218,1.0425856215311073,0.9909328004724645,0.9944311739610268,1.0461980014241663,0.9711838403308286,1.2417923145117946,2.1815974488249763,1.052010867247289,0.992248486308701,1.1378691096378133,0.9946343176773171,0.9932975740845666,1.0420695538910054,1.0060471142629386,1.0088538009685273,1.0202500975970712
2023-07-30,0.9876561909738335,1.0275615779095735,1.0035031527551097,1.0420172181311484,1.0328369769541978,1.0069211251396135,1.123987969883076,0.9754643455324779,1.499020778089076,1.673480276894916,0.8391146726251231,1.0085391868365206,0.977213982110351,1.0067560491440046,1.0739192984605987,1.0214479269498125,1.0150199104694952,0.9737947527215259,1.03318690556457
2023-08-06,0.9696032987842923,1.0850645616040562,0.9366145578777436,1.0276040507043807,1.0432649171923205,1.0033519286922732,1.1385916352888557,1.0419472942180648,1.413254429646077,1.3559408367440025,0.8843229418958757,1.0318109043316408,1.094784170983003,1.0785771826429025,1.1003186915428347,1.0292046724338422,0.9729947701649987,1.0329370739940174,1.004498914381751
2023-08-13,1.0323495512823706,1.0718247224083157,1.02578919643727,1.0575091531276053,1.1026908383807799,1.0366496877211968,1.2551346914521722,1.053537189000062,1.3263280802821436,1.3182493186282664,1.0533592591008256,1.0586733897983933,1.3826700631104683,1.1219350328096587,1.056657679682428,1.0689548034878384,1.0287007898001996,1.14448505647588,1.0158991073674088
2023-08-20,1.0800350773223863,1.0192873146496293,1.0615783814027653,1.044375518558359,1.1313287791375042,1.0146464715412526,1.2515361161407867,1.015575254866514,1.2620707792782038,1.3461433965084177,0.9962039536744578,1.0189065896353338,1.1780453050025106,1.027626720420331,1.0939778188244236,1.0762176125603322,1.2028455922704029,1.1412988139292752,1.0786656442988252
2023-08-27,1.0672477418322024,0.985170527625553,1.0040003026926818,1.0319173264600117,1.0853426353141675,0.9248993770480476,1.140653589332262,0.9920002184814591,1.2457560761295448,1.4310764802570408,0.9891586812810869,1.0797017396851565,1.052714846539118,1.0263529888631802,1.0767920021181834,1.1214302557151592,1.1078425294274281,1.0931675562121832,1.1144841902981897
2023-09-03,1.039544813235031,0.9815149597267377,1.0846886818437884,1.0573173100756994,1.0838403262937597,0.8700862895417333,1.1125157411740267,0.9839470102666452,1.282498289973176,1.3842264025443998,1.07093331676362,1.1374208419659635,1.1371391063280565,1.1066086038307568,1.066637397976983,1.1311381843678805,1.0353600209031852,1.0600846800483517,1.0469577136020392
2023-09-10,1.0344830876289803,0.9787256702113749,1.0374109677226913,1.1169832376427244,1.0701700888472057,0.9513423478723053,1.1509576389242655,0.986523948963437,1.3098866142812327,1.2506706678077835,1.0187988874358296,1.031458592230853,1.1683065190921442,1.0568868067744341,1.1759372880186165,1.081541977476667,1.2401391403072506,1.0507454821105016,0.9886447177784272
2023-09-17,1.0500933387103077,0.9829812259632763,0.9643546343966931,1.1332728027121992,1.0130916467879414,1.0223452530802302,1.1829912443672193,0.9877083156515147,1.2770335132398116,1.1281951977073792,0.9309287181555139,0.9721470938499874,1.0972694840534827,0.9816188947542871,1.116173190046773,1.054309591683889,1.2991930763861563,1.0439515162544126,1.0412720528203352
2023-09-24,1.0362077575217454,0.987465146160597,1.0058941707998752,1.0096352572656127,1.018727542104476,0.991556336130436,1.1939320178931765,0.9686104500769427,1.2492294885705595,1.0262114654821124,0.9717929287625503,0.9696509388491915,1.137910026716821,1.0103749320674653,1.07146580678493,1.0324774985555005,1.3216928142260953,1.036029652140337,1.0487766449153144
2023-10-01,1.0078506986584737,1.0515758719389663,0.9947376877847248,0.8884101914569132,1.0569723125523418,0.9180587781811682,1.1879251927494074,0.9678662993631264,1.2687267297942195,1.382282686030311,1.0441134666244067,0.9851505396539206,1.1457598025041877,1.1725877975259158,0.9923114493303514,1.0033903254808205,1.32933913522189,1.0410536910563435,0.9774763582072761
2023-10-08,0.9941458413287151,1.0455142376351636,0.9098572990954733,0.8652526077215016,1.018385939976514,0.9068985236587254,1.2674172271222186,1.0150818040646883,1.3272535169753046,1.8665759150883472,1.1140257256233037,1.0093415512155304,1.0174257874789474,1.1540014014533935,0.883017623502462,1.0403661200163714,1.1680258491618278,1.0324389725101168,0.9816242798695705
2023-10-15,1.0063179911049898,0.9908846592921665,0.9194468770125529,0.9557961463577186,0.9626694040231669,1.0755844648679957,1.3116008998370625,1.002095413477792,1.3089548250675478,1.5701839817706897,1.172147458549085,0.988859150837193,0.9805525881445267,1.0646031203160693,1.1552875850696573,1.065725408478912,1.1774926824120628,1.03795386295621,1.0356002720117679
2023-10-22,1.0482652586374932,0.9714635503872928,1.0559651866951874,1.0306608782078113,0.9699411935482048,1.031154749342879,1.3084235800634652,0.987845816980895,1.3094819405731428,1.4248225110854924,1.1460706697259506,1.0032802459236576,1.181603749183683,1.0044699401871522,1.2827802791292728,1.062438213112446,1.6199596531176739,1.077700790157526,1.0547146076610612
2023-10-29,1.0588684980694085,0.9675851610934205,1.0081267161734901,0.9683749318082034,1.0244750730512553,1.0486107741014414,1.373252756701421,1.032482692449635,1.3978355135992098,1.3505960705673756,1.082294674976626,0.9889926885667054,1.2372685640317935,1.09703803578581,1.60737462611972,1.0362013771517993,1.5244438642747757,1.0289858221492927,1.0330975875209985
2023-11-05,1.0472602181220299,0.972467541399107,1.0148067380625376,0.9394873601882912,1.0397002362882664,1.1074876288133455,1.3667722418431925,1.0427938723387664,1.3472373879418613,1.399941579955886,1.0955134834384321,0.974974866110942,1.1716782879196321,1.246037987268184,2.029270545230659,1.009102596894671,1.3726235820176629,0.9377749481187408,1.0471192318675988
2023-11-12,1.1004410773456779,0.9837350825488534,1.0841184337688095,0.9869233298895244,1.048044027627886,1.0410138084291976,1.3005274843762187,1.0588409150856049,1.3702337507063094,1.4128701868037845,1.1547760276675307,1.0152745562679064,1.1763560781900133,1.1760609684794867,1.5787996579823516,1.076436693968886,1.457344471205012,0.9199721733792635,1.1210447166935857
2023-11-19,1.1263217107786268,1.0578340403522337,1.0388677273437918,1.0987091487730707,1.0768208516715196,1.826570236413892,1.2920220604037584,1.0739787780750538,1.48156277083542,1.3720874228329956,1.1157007399992984,1.0252081859086848,1.1823458911484825,1.128502651618908,1.9772237674300617,1.0832893375565595,1.5313381269296769,1.0923388628326598,1.0570644827512021
2023-11-26,1.1213157771976727,1.042496110721768,1.0148819496763255,1.1552324242621768,1.0209589015048872,2.3931016144060173,1.3133145246905464,1.0464955020699527,1.405978741236947,1.4436040023362693,1.035963155217099,1.0500933595983801,1.189781580399646,1.1239380722433259,2.402563508986386,1.0593254972780919,1.715317995508662,1.1560490725268562,0.9946614803856881
2023-12-03,1.1623161721169906,0.9619262661442838,0.9819840119006215,1.029753347302352,1.00648574476972,1.8758591035604033,1.2914215692355446,0.9824910086365771,1.3790449783027334,1.5275571228248,0.9847592187467983,1.040034527765756,1.2366366941278193,1.1127370848156175,1.98350618550323,1.057256903297344,2.066732753623052,1.0651723465481853,0.9994519939953102
2023-12-10,1.133096940366861,0.9384099946042229,1.0026508269303172,0.9877615893089494,1.0542976025277058,1.708248634778684,1.3529075124370786,0.9594224164651423,1.4918131277351956,1.5339383749992483,1.026063596838581,0.9922619021129616,1.2340828178242962,1.1052669355107574,2.0803652519460454,1.0293615874507007,2.25257364929451,1.0543433202851316,0.991956113325664
2023-12-17,1.1008892181860641,0.9960498740890352,1.1267578042757054,1.1070557004461532,0.9823350819187915,1.7054904484242028,1.3712502280109309,0.9941975096622618,1.7157469757268144,1.5195384382927128,1.0400011161302551,0.9650855077246294,1.220114743797228,1.1020910506808321,1.9318652245007402,1.0325021371479985,2.168902926223546,1.055443499855857,1.0710606857771197
2023-12-24,1.2227056541806602,1.0540626919263212,1.1163452338636184,1.120286232234748,0.8504561184976326,2.2509554223831967,1.2941455181821693,0.9573374673496077,1.7730707220345323,1.5192577929701327,1.0021580168343154,0.9556230509232635,1.1586275908415768,1.137812178321789,1.7189016217147959,1.063291846024249,2.041378424458183,1.0655854610222857,1.0931430114924081
2023-12-31,1.3206688330031169,1.0899490099878877,1.1361748391561748,1.1728870357180246,1.0032793557632704,1.5714237243899358,1.4320590879291957,0.9870901789710508,1.7887269692342491,1.509027798519864,1.098581226261347,1.0016202245621724,1.1471211952534608,1.142188477325996,2.4900971453245946,1.0925174805742386,1.9840471342251174,1.0930988973918143,1.1499187784308567
2024-01-07,1.2877033565200542,1.0802120933414932,1.1687542904782477,1.14177744914351,1.4147314993641928,1.1887055385450198,1.5339612344628633,1.1673556264819118,1.871830507619823,1.528596294578056,1.1484026739750068,1.0698744634713009,1.2614929883149668,1.1372793638302932,1.696834620051627,1.0813075865041424,1.8186150090096145,1.1410235324029536,1.2902865362531495
2024-01-14,1.254927388053529,1.0615723013804257,1.0684572920497801,1.0745260272824635,1.2584956918714896,1.053822960508449,1.3936406797161904,1.1476023365662789,1.7437116507856407,1.5547611392880623,1.1065206920320962,1.098797774778055,1.34472324272742,1.2566099338884824,1.2153240222182977,1.084517355381606,1.6567754421987817,1.1288119359443678,1.1731755294250843
2024-01-21,1.2328344289729167,1.0548395545321843,0.9819701917446226,1.109654635563087,1.1957085743820242,1.0513855922441535,1.2993659344894115,1.0650706211599084,1.5837192658345607,1.5388968889289798,1.1077436488100783,1.072612800862483,1.2514241230871435,1.229367258801517,1.391934483241392,1.0994976151169153,1.6461097803991767,1.0950997564413831,1.0667775338709644
2024-01-28,1.2728080078803663,1.0275480293929993,1.0521359744808056,1.1108112788743891,1.1131668501891216,1.051385590562169,1.2789997898548036,1.0469722809319666,1.4439063657064413,1.6169433990801125,1.1333259856790299,1.0765999891898435,1.1126399074773776,1.0934010128919327,1.4471257968408902,1.053108590339925,1.7254883768327465,1.0542975595227853,1.2340012433687966
2024-02-04,1.28703195105606,1.016649031646817,1.0868278334821155,1.0491067609719602,1.043380588000154,0.9696464382393979,1.249916893857789,1.0884228585768743,1.4569141629748472,1.756442238511928,1.1252390128138687,1.0718537298287092,1.1255754870045611,1.1029206942827163,1.166530806662877,1.1078406040349043,1.530882920642705,0.955885434866172,1.2327576585107103
2024-02-11,1.2643646646596136,1.00008981178419,1.0089459630605546,1.053088784394674,1.0760089482241535,0.7897958845527631,1.191756591750289,1.0580995438026235,1.6977800683148836,1.7625026876002134,1.0811440204655425,1.0377584132101907,1.1631755924507998,1.2603650562762336,1.0542647990468117,1.1295488678919419,1.3280535963980376,0.9829084388188136,1.0639676708307453
2024-02-18,1.269583873229785,0.9622272256531572,0.9643818320827755,1.1333984358833291,1.0956964664074162,0.7163240868060385,1.2843805147318272,0.9795705695409698,1.7761059381260398,1.7381937508120484,1.0413396903239338,1.018935263026931,1.0444338834981184,1.2551353781278018,1.0701462299352484,1.0463098229864893,1.2910185631947018,1.09531349380153,1.005829806970189
2024-02-25,1.2983475265659816,1.0322882271282692,1.0202074422755092,1.0828070201437656,1.0650924022156574,1.8701092169784228,1.5036499341101932,1.0360529805959027,1.7890996023231802,1.7312972617650706,1.0481266902016129,0.9985233656616309,1.052253872339281,1.1471830653935295,1.0375755851667479,1.050425166241915,1.393948317403923,1.0627257798031526,1.0166308323723374
2024-03-03,1.421216655293661,1.1075292564988966,1.1229315331330691,1.0428421780129449,1.0938492454906614,2.0252234199749024,1.5053321194487521,1.1512393266047372,2.0724995682021556,1.902628142483728,1.0985016886730878,1.0886951087573244,1.1875787000404947,1.1343674078203496,1.0376890163144241,1.1053346250241822,1.6262172359630969,1.0105191697110323,1.021571290547117
2024-03-10,1.5015213562608083,1.0688693417151622,1.0873710295537933,1.2067889624014905,1.1241351671790867,2.110037148049233,1.3961003724397945,1.1500303005248746,2.600832895311608,1.563394102552376,1.196725126883075,1.1575770410795476,1.1069084004300447,1.2306920635641199,1.0727689381950112,1.1335289343120345,1.8579385661951724,1.004825624996862,1.055382328997462
2024-03-17,1.3659745956116724,1.0317354011368183,1.0256726076899099,1.2702852495557677,1.0982080872296813,2.4891942514205265,1.3263683976165483,1.1173664398982663,2.8901622090366983,1.3404638022834015,1.2178668061539633,1.086014758336923,1.0420111915615167,1.1742113364295321,0.9768275932065505,1.1285892333607368,1.7850179584717834,1.1506052562890459,1.0503016225618593
2024-03-24,1.2482094974871665,0.9859603587849407,0.9648609579030957,1.2104336637802113,1.0986208198657506,1.9130950863516916,1.3170507331764456,1.0930431458555896,2.379093671155328,1.4130316208451628,1.1449261444249748,1.0581634461717593,1.0467549364647624,1.1042830273590598,0.9821313211526653,1.1076446475238162,1.6294473640090796,1.256051940386272,1.051281681763876
2024-03-31,1.2050995219587024,1.0018846529234036,0.9662735477926149,1.1293203840154142,1.0492330633492581,1.440109291574547,1.2802795643449463,1.0551858001201162,1.9317647043497275,1.2790387675543216,1.0473830001369446,1.0502913527537285,1.1915645831600707,1.110540479458071,1.288197753487614,1.1091380439238319,1.6164945086999338,1.1456968441118247,1.0729224034745934
2024-04-07,1.182994389473556,1.056947944190048,1.1162588700327092,1.1033692318092136,1.0463740842361555,1.4023740941844853,1.323734031943343,0.9825733353864704,2.0451825724358117,1.1118766052349685,1.0748341928475762,0.9825598152427273,1.3045863336759567,1.0594387373671696,1.1041833866940076,1.0898687777275178,1.6906215815200694,0.9720943240046754,1.0559324037156965
2024-04-14,1.1520778778814957,1.0044796149013675,1.097868933740435,1.1336614365166828,1.1093215580435953,1.8498824171256052,1.4006496616105464,0.9706837941053083,2.488162221966511,1.172067976003495,1.1254871130793929,0.9632098197415075,1.1914214163165016,1.0321002402405797,0.8825910291572535,1.0624869355203652,1.6547089192717908,0.9447180857071139,1.081515326157222
2024-04-21,1.121524065383992,0.933376757723087,1.0101606052200454,1.129431763082031,1.0955064833071395,1.6526473552612795,1.3541004072770264,1.0859281948774993,2.1338939613686225,1.5621310152989496,1.0159916775160467,1.1574125420848915,1.1594364391701124,1.1016427231415902,0.8994635519964553,1.0822779435148902,1.5192071023585354,1.1909170411425183,1.1352888687752996
2024-04-28,1.1152743879366136,0.9996150192888636,1.0177549724819028,1.1312766616807155,1.11192165366517,1.7906224019882793,1.2860990729743673,1.1201059271762104,1.5821026465139274,1.8477420643231284,0.926400119355417,1.1841877264537597,1.1724696434776467,1.1567188121318381,1.3480656150951364,1.1180231932463318,1.4365240176601781,1.204091807026879,1.0658115258405936
2024-05-05,1.2160793984223626,1.1184220154260918,1.0916173840171248,1.1887877357079126,1.1163026127091715,1.488960750266782,1.2937261705832643,1.0661142499001834,1.428259034067982,1.6768817549044464,0.9904005275413633,1.0995443545220467,1.1698559259843813,1.1402170011971047,1.9692382261671764,1.1067737806252327,1.463543919765235,1.1248317832920562,0.9787672705375124
2024-05-12,1.2843233353905408,1.1264860314169807,1.1010700366506885,1.2275060142003564,1.1190954078155813,1.186427331738358,1.3935603584327523,1.1022799180627583,1.420096024219687,1.5065069703326488,1.1612571358739097,1.0875108160149047,1.1839656086032957,1.1457034451396175,2.4423096320287967,1.1052865906391276,1.4925616598427371,1.1107096280002635,1.0368067853191256
2024-05-19,1.2176051242444301,1.132610901359701,1.1012704636202415,1.1795158215134092,1.1611300836805016,1.051702956649091,1.39760851526305,1.192248733124415,1.2995894619814214,1.3462651945400574,1.0717562290996523,1.0743586092670205,1.1770353125026445,1.1899343191796883,2.5956873703196868,1.1632115619193582,1.4220151620859673,1.1711106122316264,1.1294863644772717
2024-05-26,1.206019889223335,1.0986721304630227,1.1184257126594128,1.0919323718079008,1.1307656448012184,1.0478388985990463,1.3284125884697389,1.152329453931444,1.3341432582662707,1.205917562171239,0.9771580527145042,1.1206073639759062,1.1671856588793452,1.1690519445415601,2.159215910795044,1.1204665954726793,1.2727886675896816,1.1941024687633717,1.120907532181464
2024-06-02,1.1241744608456883,1.0379011810275303,1.0796649091176551,1.027835451065273,1.0355277226139272,1.0067471258551368,1.2037775434576046,1.050545282372209,1.3846897580680229,1.3675047118733077,1.0356235237876636,1.083955598283663,1.2023255624002303,1.0709440710408362,1.987822651289154,1.0119763498748873,1.1510377416761304,1.1232340686772115,1.0630896905891845
2024-06-09,0.9848470301555765,0.9953971425092072,1.014564403388216,1.0169276935662288,0.9697107570159543,1.0005797124464237,1.0802983429412267,0.9839863257634622,1.2692269761621526,1.4937130934594973,1.016396462986771,1.0033062515411957,1.1338692308677965,0.9763983944283017,1.864147632080129,0.9872169034354554,1.1413929438274444,1.0205150082228573,0.9848982215736595
2024-06-16,0.9287223294626085,0.9733077441950282,0.9731801806037779,0.9898066865001863,0.9432518037041229,1.1492629507744039,1.0216023797507379,0.9618063735119285,1.1929319185638805,1.2284825643066482,1.019719459788162,0.9848501273181821,0.9726745736243292,0.9424944895207128,1.701776973417133,1.032046748819781,1.1562849523394294,0.9370369318147375,0.9548626313594767
2024-06-23,0.9744500418761607,0.9426962659273558,0.9618370519212223,0.92091695130879,0.919832707376034,1.0876622734179027,1.042237509159372,0.9479472393011924,1.2048992934008493,1.0725911006852078,1.089191857609516,0.9444496443872068,0.841083678670736,0.9903967032356648,1.6220628380910438,1.0482784374939067,1.1100433352568615,0.9076466632329533,0.9564362396175367
2024-06-30,1.0264037211262675,0.9466638862651919,0.9542704638613659,0.9256038802170593,0.955744021483308,1.019238427056524,1.0698059357885301,0.961883455205453,1.2271708334484235,1.0774145769455328,1.0891376251877154,0.9359001567011096,0.850432136335153,1.1144638819264936,1.692974990830656,1.0779412595726339,1.1175749762957696,0.9172131639012905,0.9545904261614326
2024-07-07,1.0332635121995566,0.97582226626175,0.9580061992535377,1.0248245975917305,1.0159322780248816,1.2935868006130842,1.0316520973346426,1.0044814091888625,1.2158878631674195,1.11261233405433,1.031477066728809,0.9948449441069298,0.9969207937183878,1.0870260974430874,1.6325879850838605,1.0566932978229227,1.1350191900705735,0.9556778441683773,1.0280757328267014
2024-07-14,1.015208949352065,0.9626566442676848,1.0091001034276965,1.0103532957491812,1.0463441706402872,1.2763187566860663,1.0087679847102986,0.987101969150677,1.316198862104994,1.1359947831036405,0.9020268363284604,1.021049455920803,1.0944918562251453,1.0395557623192766,1.4168106874660604,1.0131100376882345,1.0812508729839179,0.9997925509916318,1.062085320105285
2024-07-21,1.0442580729334157,0.9932636661794567,1.0022860917644978,0.9643985969806091,1.0535956304709713,1.0302107361778143,1.0216010275635028,0.954262747721758,1.5484502442696373,1.1028928418353106,0.915805956020988,0.9801683354332416,1.1636671342536737,1.1152190184841442,1.30317671453231,0.9964732613834931,1.073309143794714,1.0114187770886445,1.0018601111343417
2024-07-28,1.060498889849082,1.008575136956146,0.9405163432522935,1.030895308829445,1.0099664329823324,0.8870952076700614,0.9865414668631369,1.0082024865049057,1.767518644303059,1.051745804678998,1.100743947845248,0.917856996314579,1.1524912827066243,1.1007602436575763,1.4108906198235265,0.9759590053709528,1.1455648123873925,1.0173132490850143,0.8975146832305574
2024-08-04,1.093837344100584,0.9813145077701326,0.9513090136067384,1.0686265230912628,0.9721918839708408,0.9525514014425136,0.9737414675416568,1.030968969303825,1.9393596505744801,1.1076207303307177,1.0183946523855518,0.9494760027493219,1.1028175104563862,1.0650035479312197,1.6262842431440916,0.9859608901313346,1.1681872177749506,1.0186934572724868,0.7328769094127813
2024-08-11,1.0999696005184103,1.0149693517945308,1.0236361677995274,1.0492789960841078,1.0066180532420907,1.0351293316123866,1.0363127074761644,1.027372991632334,2.0915055293867186,1.154146653024519,1.0104007658326677,1.024652792570691,1.0505008669844509,1.1393422088437621,1.8168111282937929,1.058620382301245,1.2062792486806317,1.08641815034752,0.6202081976695092
2024-08-18,1.0937700335810558,1.0509841831354299,1.038024294393422,1.010849139140135,1.106049225339529,1.1558839679603292,1.080451396030272,1.0487316872219261,2.034205667027608,1.1622262670852181,1.1286919055699203,1.0849848239665791,1.0127294744297661,1.1457185572275674,2.1151543708854033,1.1037094221361754,1.4410539008973535,1.1294372709533038,1.0934370829470306
2024-08-25,1.0703620993816683,1.0200151644076358,0.9768925543667016,1.0215324302151836,1.0499466927214005,1.136935072148765,1.0799255312392626,1.0573286996936115,1.7228668490526136,1.1149531434385436,1.13496575808851,1.035813754462187,1.0000113260503822,1.1218934765207043,1.802616151479407,1.0511218610797053,1.5839461524535494,1.0619837582773202,1.3585781124153897
2024-09-01,0.9999166935079561,1.0015209250985793,1.0058792019570044,1.0729863286880692,0.9614986758892491,1.0051137541047128,1.078269794944897,1.0489704703832763,1.621335500385453,1.0502942781253446,1.0630431791124753,0.9798708192809367,1.1394314058349535,1.1578936802882505,1.5322607665877712,0.9536861852561108,1.5187641602243678,1.0081886847843686,1.4536940403323113
2024-09-08,0.9268644093135725,1.0248581337301061,1.0657400642260535,1.0371472187578974,1.0114299975982513,0.9842665797977191,1.075870923317651,0.9909928921053283,2.009504267259179,1.0746156739349417,1.0265032400905367,1.0267369128290678,1.1353693888174317,1.1224251935781049,1.5983544287252056,0.903306769142041,1.4334243853213913,1.015114501559902,1.227072838202205
2024-09-15,0.9586014473746202,1.015658234045925,1.0318635031117982,1.0151118984307654,1.0709545095634885,1.0070537004324325,1.0668662604963528,0.9836477121472468,2.492168414134671,1.0996481720365059,1.0363859433961062,1.0357204879680506,0.9807983183196866,1.0556602470347927,1.8620690126657957,1.1610213954281576,1.4096633170273152,1.046534207320136,1.048654368247202
2024-09-22,1.1570516587518387,0.997331180787524,1.0749687862300352,0.9961029170844727,1.0442007829169244,1.004145945315136,1.0620323697835563,1.049868832900818,2.6588348580280607,1.2287470503900042,1.0411464937794137,1.005273079096541,1.0035940505331877,1.0373213912452393,2.035159125785581,1.2107217193224913,1.4785779019619922,1.0499419677656754,1.0437102902881397
2024-09-29,1.1216815446716206,1.0032147570217829,1.0643347015394358,1.018216213243239,1.036170431680724,1.00260182134034,1.0706916696696258,1.0452594161035984,2.6039157403433117,1.201997789899948,1.0491909675233686,0.9971143471541402,1.0772521745421935,1.0357046791682534,1.8812246407481978,1.1169138384479191,1.5073192632629775,1.0236187841135282,1.1292455195170978
2024-10-06,1.094948158993335,0.9942366774292527,1.0238329149947973,1.048433602964024,0.9999750553293288,0.9635236226058423,1.0626991477354824,1.0031670811063276,2.3176733965949325,1.1454126464055934,1.015229257640852,0.9971953199042808,0.978263466238065,1.0285724564909036,1.6479364579099935,1.0787452302402005,1.3950065229598878,0.9971659442269335,1.0910705276683756
2024-10-13,1.109191875659915,0.9942822530916257,1.0266060463259892,1.0126503506095952,0.944092699750511,0.9719035219828556,1.0419361682730592,0.9930937113184191,2.0497498475754337,1.2971278740765346,0.9718897591348821,1.0329713148788013,0.9627449120587803,1.1350864972037615,1.5432772064592342,1.0153240765349212,1.3035581375415528,0.9768238505148336,1.143943750101572
2024-10-20,1.032693188545056,0.9941091761236791,0.9559268523736851,1.0503113812163973,0.9856643017898479,0.9730000971068622,1.0527382974815322,0.9777009120436568,1.991376482955773,1.2739001713119744,0.9788794137986357,1.0568290424467432,1.0452113306034345,1.1748484091416642,1.6626702223659224,1.0468375077065835,1.353865798717245,1.0094592980227073,1.3610604832192006
2024-10-27,0.9710431457040228,0.9734869053263089,0.9115900598996969,1.0575065542821487,1.0203819694180398,0.9442095772717756,1.0758316084216102,0.8945912914275423,2.1572626031876294,1.2103466096401487,1.0293234157491866,1.0194293532782022,1.0865420533156749,1.066587496074244,1.74055016933945,1.1071163996768292,1.3312687871927957,1.041512210134452,1.2437163681971077
2024-11-03,0.906454124928442,0.9324309618804867,0.9973190534533373,1.0230694576165809,1.0023838522801192,0.9712696121225644,1.0819770497798826,0.9881393738086921,2.225122542721601,1.1669723862285588,1.2690576588407916,1.0168336609483122,1.232329153422611,1.1350674371365796,1.701930137867707,1.0588221191092373,1.2820938016546293,1.0279776383672097,1.2190449028551626
2024-11-10,0.9486441100809835,0.9390213767372816,0.9889144448827724,1.0453296332076658,1.0442551426108724,0.9833286017433207,1.1013124994814998,1.2440720808751211,2.3188703900327527,1.2044014687909952,1.1580964336374309,1.0168804357502568,1.1739086274293389,1.2740208895488407,1.9114452143268534,1.0609335426612962,1.3463893911275882,1.0033891137840076,1.4621177202040505
2024-11-17,1.3666689511731467,1.0177140763357815,0.96428966723505,1.07252616296855,1.0674522170761875,0.9649462342835399,1.123704358157139,1.1110746870087707,2.2260639941968177,1.3450399964514872,0.9926070225322965,1.0245632829440574,1.027897302567478,1.2209012199229619,2.0017733547148047,1.1486447997307974,1.4609499581898633,1.0127640204065365,1.291794388248124
2024-11-24,1.3599244764056975,1.046629148032286,0.9900828322813797,1.015055193845653,1.0397719090953097,0.9854331305448284,1.107351278590366,1.0260274897723343,1.989568259047781,1.349529161385625,1.0192283640702755,1.060912120579344,0.9627509151484929,1.2161576793611446,1.9530507392761451,1.107322371506629,1.4945941084743446,1.0010647756835247,1.0967120901920921
2024-12-01,1.1844626559928066,1.0220760869856378,1.0274512019437452,0.9709953840481013,1.03534199432866,1.0040516972953883,1.0796122043878609,1.0442309707876658,2.084715967355617,1.2115848072020645,1.2484892415053663,1.0671033650566466,1.0585494241830768,1.1947130763109948,1.8698543975884316,1.0550812866356407,1.4357337767635368,0.9630815391876937,1.0803832079591404
2024-12-08,1.0831607293028909,0.9666746383809129,1.1186026290505298,1.0462089809459763,1.04181225134877,0.9984405630273551,1.0828166687325587,1.0179791107455072,2.4829342197402546,1.129679653154822,1.33870141221544,1.0234342099724356,1.1527121127484252,1.1229276162231907,1.612785569417641,1.0669302732768138,1.4725385538633065,1.005064166877656,1.115877215305221
2024-12-15,1.0236336108053936,0.960658942187973,1.0606075672673163,1.0706572643078724,0.9949615602551961,0.9647741430852739,1.125122223685348,1.0024474523277418,2.479239313164279,1.2006303969964034,1.187130895801924,0.9903302864937726,1.133440909007295,1.0941246289453865,1.6015000316645687,1.0752554342992227,1.579565794643827,1.016022068617803,1.3394340192439653
2024-12-22,1.0142353620808773,0.975230561022572,1.0141882173608379,1.0266142395777216,0.9634660432203344,0.9532996146590657,1.162084514190914,1.0198101861021331,2.1922064027707133,1.32869041866983,1.0813275628639603,1.0088259238908404,1.1364311713759523,1.0893742099696657,1.4622787252342133,1.076731639636335,1.6876241117272963,1.0076127771223986,1.653966506426944
2024-12-29,1.08209733261722,1.002262763098158,1.084137577930114,1.008072225838301,0.9932485521838714,0.9804442770837087,1.1590413991296757,1.0043388468990873,2.0721162127304833,1.6930005811773838,0.9813726383612217,0.9572058303127858,1.2270943226251136,1.1044797000880167,1.2537917859369327,1.0996448463055661,1.7940210185521208,1.0147484705570076,1.3428866589128157
2025-01-05,1.0777881790656838,1.0478082142869205,1.0719775846215984,1.0846959412519606,1.0455428830266362,0.9803353422333927,1.188709451459328,1.0498953343512427,2.0585702805590587,2.116759561616686,0.9921316208551162,0.8847097167537004,1.3333170784218067,1.2159753590625877,1.3511537366819169,1.1377737068432972,1.8822558904450952,1.0576381158497155,1.1405665877464248
2025-01-12,1.226490249527032,1.0329571715681445,1.0499816242655093,1.131917627177429,1.1558225572315965,0.982225895516698,1.2315628514117278,1.0828737224965164,2.1075812684883295,1.7767480164792382,1.223346956827387,1.0571441580503964,1.268937985059903,1.228818087038884,1.499506183092148,1.1792491643072873,1.9592232307901156,1.173319459383036,1.1399264977534689
2025-01-19,1.4053037065236078,1.0592508440096493,1.0884577765421422,1.05716984897958,1.1364881474722002,0.9808272881827815,1.1718955716377821,1.0402831941500599,2.3951845343298346,1.4624516884331327,1.1391631620572642,1.2299408857029672,1.2463357903393355,1.17176613582015,1.580923474449213,1.2530142860474776,2.0095755095984895,1.1384458196678477,1.3286362251310282
2025-01-26,1.6007993979513413,1.0688297047655246,1.078749926734327,1.058465886281435,1.1049641881967216,1.0365973494027811,1.133618978820945,1.0489618511001702,2.6452295144276023,1.5916576056025662,1.191899248104314,1.1649543783186722,1.2157221577833528,1.2053340707343074,1.7404513783748028,1.3017755119371077,2.1401595611407083,1.0756175929190448,1.2976387692049738
2025-02-02,1.5109529947387188,1.04285723411821,1.0820811195671618,1.1202944573487617,1.141616707252566,1.0937483858766717,1.177538264519311,1.0459833088775772,2.5433021774307316,1.7778273707061583,1.3724616947234656,1.1301607558734899,1.2039523633335742,1.2043399980226424,1.7835454011427212,1.151377773366286,2.081921938890863,1.0926063088216347,1.1771921987983534
2025-02-09,1.2175252288181935,1.0200072449633975,1.0809538114659456,1.1025146308009284,1.1933537326061172,1.0855950284716303,1.1959406195188496,1.0395503369273507,2.5113998801125423,1.6073017054473056,1.3260632663593495,1.0982344503500616,1.2125210965909783,1.179173798198276,2.479576772074374,1.0390976217815298,1.8878600961421648,1.122430654652199,1.1857455082870092
2025-02-16,1.1326234035861922,0.9921494126179694,1.0155658441195687,1.1078701912186433,1.245677806966796,1.1246903366160377,1.2084954303867177,1.10154599715547,2.5500896829439967,1.5076671610708694,1.530661025094857,1.0953163631332103,1.1482766372215274,1.1789623735371657,1.8471196031391608,1.165733507967395,1.8161337929191974,1.137745713249889,1.2103639406878044
2025-02-23,1.1831820991836646,0.9981081755700202,1.023874877898111,1.1080716824542018,1.2038512750405364,1.0746542343764216,1.1942935771407626,1.1173304733327725,2.55080406023703,1.4058837982278944,1.579430278271112,1.1089951352742653,1.2572158675044423,1.1371179840267869,1.337799034641308,1.2505237017113449,1.8095654992026862,1.1588904314521704,1.2886689065901729
2025-03-02,1.1699965170285278,1.0098010351269382,1.073871021332472,1.0584385516755257,1.1207794981649315,0.9920658639397808,1.1255790472363771,1.097009727285921,2.6147832392378114,1.3174147206541769,1.480441062490485,1.1214992203299878,1.240349381241214,1.150050739310516,1.19127041873324,1.128112491886541,1.8133900113124326,1.1272272670489645,1.2694964177245531
2025-03-09,1.183619147077527,1.05447575691031,1.0797121893906,1.114793325425343,1.1840005337323798,1.025824348806314,1.108036803193632,1.1088774797711918,2.1059535323414953,1.3523708864589474,1.440636465575498,1.2442233802539318,1.0570312933117005,1.387051661199688,1.2221113054267412,1.138922697027277,1.9363383112794232,1.100504451699663,1.2478763260639185
2025-03-16,1.2367034987270722,1.1727795321175531,1.1242280021592028,1.222009735725016,1.2988643702453366,1.1432042407107441,1.2023024909329023,1.1460138568420488,1.6481288185210292,1.5378504855990607,1.4047705248385502,1.277931459229872,1.0881358292317427,1.319441308905675,1.2316652963838188,1.341344730310888,1.9074932741087356,1.187362189985616,1.265752544560842
2025-03-23,1.1852024763500761,1.1222255448812268,1.1027491323050753,1.1686953302776752,1.1649637146756062,1.1299061204522516,1.2073127195688256,1.1449878497735853,1.4974260181403927,1.3684838325513748,1.3595268304750625,1.1493821060818044,1.2254141402884702,1.1195940513752427,1.2046741334760758,1.2203369237996076,1.7554359002078654,1.1878503557587414,1.2080532827013317
2025-03-30,1.0671262107182273,1.0232783310244038,1.0310896334608735,1.0666352800550982,1.0175198129207754,1.025563184426117,1.1146765540642962,1.0935793341858613,1.4948826025991127,1.235017047322819,1.4011609700820529,1.0698160760015873,1.1663719511555077,1.0501307271422144,1.1492137012547357,1.0977538125743018,1.7093974497991833,1.0750477319739054,1.1837996442230683
2025-04-06,1.0048759658355273,0.9975131270694303,0.996067395568528,1.0047669548945586,0.990629872217136,0.9476511940349565,1.0509567216870537,1.045072769695945,1.4619210550004513,1.503831976716582,1.353822622481266,1.083945318732766,1.1199701199187824,1.0534497184929226,1.0131675882674955,1.0773877249848114,1.6079155408138222,1.0163596319180677,1.074468512208912
2025-04-13,1.0427726351199238,0.9639571339065851,1.0460898385565298,1.0149114185935377,1.0321715843834476,0.955407751666319,1.0216819340719825,1.0130887378801996,1.4665103490725906,1.4393583365334737,1.1926238778976535,1.0664063333026654,1.1389427691089173,1.0686549502969114,0.8153489598118251,1.0314583792957164,1.4844612101411259,1.0783206123891529,0.9505908183398472
2025-04-20,1.133398940751668,0.9662942356927916,1.0915821360875952,1.0670164176775445,1.0651926379075,1.022412188136816,1.0744357009535352,1.0199787668782996,1.7379730934383248,1.327537934607684,1.186899473725138,1.0951396298012588,1.2037561494734812,1.1062413805710707,0.7617261447750243,1.029887986151023,1.4095020460043581,1.173917025154076,1.1003636089671869
2025-04-27,1.1475974974547363,1.0831032070733853,1.0615458414574932,1.1150568008935118,1.1303457698254717,1.0688131577570856,1.1955703460005793,1.083993134996257,2.4099476268019933,1.6946449080271957,1.2704020708047554,1.136769485102588,1.168860200556608,1.0441405907255026,2.4624861546661294,1.0999707962201053,1.4866254347462053,1.1126554613311932,1.2574476481236154
2025-05-04,1.0834321643039106,1.0625507360742104,1.049711314686144,1.0838546489656253,1.118065649067435,1.0873422228269258,1.1552678942353838,1.0935248914346531,2.4604575126102057,1.4461140467211133,1.2157830650215793,1.054004851831156,1.107408746207515,1.0192183695365777,2.589680265819629,1.1225026649203274,1.6639450240569909,1.0249058615480946,1.1358967171277765
2025-05-11,1.0887900371194454,1.0003490869249643,1.0440065138267824,1.0605783676696565,1.1153666614645683,1.0947828896645426,1.1145669769248672,1.0376079689053306,2.218240809658526,1.2009072724979428,1.2141941744191311,1.0331088655570797,1.0947823768505287,1.1070089662281046,2.4894794796783173,1.0787549379641277,1.5980874217246255,1.0231375109279028,1.1410145200645307
2025-05-18,1.1472905762954848,1.0495791440687965,1.0498942410095071,1.1022079190019056,1.1379448495886724,1.0538683574327048,1.1220613282157827,1.0400467272759955,2.397729127381341,1.0844314410957974,1.2368349181439589,1.0814203426201972,1.1005169239903043,1.106334927366236,2.6030487598003145,1.081084945911554,1.5360001791792972,1.0481835816737646,1.1536513203410992
2025-05-25,1.1580735376365743,1.0924260647647015,1.0810175640384738,1.134949902678031,1.1059770040686312,1.0868043117362547,1.0627420018415186,1.0983786606875132,2.6383626475986293,1.021035401146815,1.2053857371343992,1.0675329603605723,1.1139420592578824,1.0854931990981356,2.717683933865618,1.1524597248524515,1.5303648610528426,1.0752575501488688,1.2434570863345222
2025-06-01,1.1335690384580053,1.089027502933959,1.061317256260088,1.1392806139231175,1.0743755086577595,1.1072074105871972,1.0570487540847835,1.105260533187042,2.653278160968367,0.9764850690180319,1.214074468752966,1.0718110898834854,1.1387118202908504,1.1019733197185237,2.591376930235703,1.0941317506969115,1.6225116901530225,1.0954480062081635,1.2022888586207143
2025-06-08,1.0910440324454027,1.0542819545046183,1.0401088308671225,1.1107293169806172,1.04261632212876,1.0287525540211524,1.130133286901801,1.065609509384037,2.500315791891002,1.0129882141501498,1.1725047678685137,1.061765049309018,1.1382072125957852,1.0839767312217368,2.5770337244454717,1.0556224829171605,1.6107801032744948,1.0887950735974024,1.0376967723855306
2025-06-15,1.026131661282159,0.9796962077601382,1.0449182908221915,1.0403157206941935,0.9762161911202846,0.9733633689093385,1.0671733341435963,0.9909154910392798,2.4590091068081676,1.089921781276627,1.1579730203326364,0.9992003021884248,1.0814405248150254,1.0499685264977736,2.1942874003257438,1.057766889462804,1.4218958493940173,1.001437215147696,0.9762911343353414
2025-06-22,0.967738524337507,0.9343844019675496,1.0122675300094595,0.9679745792292762,0.9324221185677067,0.9220589861812155,0.9808463955112086,0.9606099094271665,2.274929228501649,1.0553350894047187,1.151093919329958,0.9936880102443256,0.9867261756140353,1.0338628563683392,1.4707967870809249,1.0038385344462717,1.269003646817521,0.913951217578063,0.9371497470385474
2025-06-29,1.0286215504648755,0.9482159067237873,0.9841610423932908,0.9781741226842755,0.9915457855914639,0.9142268295814623,0.9875278504577016,0.9985502998535899,1.8956989236225104,0.9446248935937049,1.0257496688419265,1.0702359649890307,0.9692169573446464,1.039591019132449,1.1873913955917328,1.0117696678532915,1.1608084923697362,0.9592333716820634,0.8811604810777852
2025-07-06,1.1257511290298001,0.994050266817767,0.9879280772935588,0.9940304216372585,1.023210354146065,0.9833117069819312,1.036468710679766,0.9780018931157809,1.8939661492661672,0.7766393686926363,0.9579813281482893,1.0916857990970488,1.06083835031034,1.033323539597775,1.224677339588228,1.0590357890984017,1.1329443970269366,1.05897418195935,0.9908090814547422
2025-07-13,1.0890575616095517,1.0339218859954236,1.0014383402561546,0.9757330681235564,1.0043247388878087,1.0104461369419895,1.087307262422972,1.0037573130119295,2.3200621778657027,0.6391256982640569,1.0927347960297114,1.0707434155047728,1.0454771404474386,1.0397840951035877,1.2113898160491448,1.0716205074947296,1.1917435180198637,1.0707721590297363,0.9445350036368266
2025-07-20,1.0325161654038582,1.0233784493096194,1.000164082039269,1.0399287878632815,1.0317792283511606,0.9941612638285675,1.10723039124625,1.0426448667403936,2.54652377634066,0.9791485500846174,1.089686285843396,1.0235504836247042,1.0482860777714338,1.0586540488061937,1.2758131365840628,1.1012374159595908,1.1570342658486612,1.0274145605585354,0.8082070653482046
2025-07-27,1.0356393498050152,0.9807634440719052,1.0064864781692604,1.0400876875488443,0.9899714183477653,0.9726462884072202,1.0653738347421489,0.982936335025179,2.554411126761863,1.2436287343158516,0.9679123702974681,0.9693599816954631,1.0760371298516607,1.0473341787935662,1.4386150438640108,1.1451758859694026,1.0470277816911846,0.9923803348964243,1.0988278442030734
2025-08-03,1.027531968078335,0.9427357072802839,1.0059540487422673,0.9814245779372499,0.9646641045754973,1.005277644086373,1.0195812809614282,0.9595191388700841,2.4958178976874223,1.2977659725525432,0.9686931847735951,0.9577371089823202,0.9812544559783765,1.022657223143815,1.200971500933503,1.141576885520042,1.0130791079770105,0.9729298542856337,1.3564554134790598
2025-08-10,1.0007955223052878,0.9868817015150838,0.9814919951189465,0.9490000451134573,1.0049156895249918,1.0172333597151386,1.010208854251863,0.9834513797682267,2.618307811515176,1.1730786383211504,1.0727388827696769,0.96876915178868,0.9643662657278593,1.0320536727580258,1.0917960644618614,1.0632168667411395,1.0668659548791717,1.029452059233763,1.2009062874108203
2025-08-17,1.0813754598563157,1.034300882399505,1.0041183326311363,0.9699575515685658,1.0105226962787464,0.9944822196485961,1.0374544083409076,0.979050337229009,2.5480449116693347,1.2300861689134157,1.1085341437454412,0.9901854887637997,1.1244594373233665,1.089727948071642,1.683247127969266,1.0047142125403619,1.0597118805126136,1.0862461703950956,1.1925731727473936
2025-08-24,1.1311987126106202,1.0058009797270995,1.0249314196723953,1.0497657401507785,1.0542133201658475,1.0011152093897493,1.0670993784156064,1.0082568068306859,2.3409265004990316,1.1861145075639483,1.0992885401834578,1.0241128866339941,1.1020648962033355,1.0706123953921942,1.8752948921631472,1.0005990122314623,0.994736038617103,1.0399265202273233,1.17919483774882
2025-08-31,1.115828620821722,1.0271849135093818,1.0081215948623496,1.0712646881042587,1.006714871460172,1.0287575194339065,1.0350114449648873,1.0524421837568525,2.1891556609546554,1.1073571422069142,1.0141144224549237,1.0300943053026081,1.1162697058623348,1.0622845621465717,1.659106944987192,1.0101923688526657,0.924176671178538,1.0332603906557718,1.1475215455073462
2025-09-07,1.1059036390266077,1.0524262093906138,1.002389190522227,1.0333807013362664,1.282399893456432,0.9831922522781131,0.9979176159014868,1.041284900957498,2.1106655303763735,1.1334821346824087,0.9766834390435273,1.0002201276238805,1.1556048033624213,1.1026795242360463,1.8512369620143259,1.004531466069242,0.9272692838240527,1.0271224000239219,1.1581983223645214
2025-09-14,1.0901187272351551,1.0152755079888582,1.023655981825,1.0230244051180455,1.1928412425035972,0.976684511591484,0.986452647933794,1.045768756672826,2.1424340130885104,1.0897020972153997,1.0033770589144448,0.986345368112334,1.097680150949757,1.0860055852661374,1.6471975724110215,1.0059732507804895,1.1311961879353547,1.0088704054069568,1.1282611222156573
2025-09-21,1.0495268882947344,0.9842349746841861,1.019910167236779,1.0253030665973086,0.9887555155957432,1.009168125961695,0.9882427837901396,1.0377105589311841,2.1234434044120074,1.0502389636764158,1.0078871070419786,0.9776237827416916,1.0657305628570366,1.0496167558205212,1.408689355456901,1.0298736654933176,1.2923604065267325,1.0247776570487763,1.0652905895790543
2025-09-28,1.0232906419825094,0.9970599959057044,0.9786707387613126,1.0027471123150264,1.072491545781847,0.9593353370877242,1.0409407691445591,1.0322278552210113,2.0311133539395736,1.0626954105044342,1.0572308357889393,0.950484547277151,1.04914749365055,1.0904974844861544,1.3813959850727975,1.019480253850877,1.2340705176940496,0.9817598291974085,0.9808513504095702
2025-10-05,1.0690692135008704,0.9800197846223819,0.9828165464223838,1.0064213249190972,1.072920493878549,0.955903850149086,1.0757699767784203,1.0112934769722761,1.9985569809181931,1.0774409120022743,1.1052168122931154,0.9737730765824903,1.0503782756150435,1.1734892855511496,1.523885273269448,0.9961946553277786,1.1571613340119646,0.9931385218870015,0.9515780635151809
2025-10-12,1.092033860373041,0.9521302405481298,1.0122734929059491,1.0052746376026698,0.9777443150323247,1.0065090611105723,1.083622029908356,0.9694124275720952,2.081750966513137,1.11142830975132,1.092145111908518,1.0150375308218074,1.041793606454124,1.0943147808949898,1.82084973750898,0.9917694833564413,1.1545169366128953,1.0425832385869656,1.0839687672743914
2025-10-19,1.1128553128901744,0.9879680615029706,0.9607567414897064,1.0055994100169339,0.9982286452291333,1.006319752040122,1.1256566654825877,0.9717071795903355,2.186221976584538,1.1717596667618648,1.0870322740570801,1.026124561167837,1.053362170918949,0.996140048982767,2.2479271505479153,1.0129364008632749,1.3304370711733662,1.0262562161946174,1.0776398328872256
2025-10-26,1.1221702850048403,0.9994896569910201,0.9455733706779134,1.0307863785905982,1.0486197409744267,0.995107686092304,1.1918268184328957,1.016601266261943,2.196990196387255,1.1835054304037604,1.129467635509912,1.0265499821618214,1.1231928693196076,1.0223642475572345,2.491885201234986,1.0414899631055905,1.5719170763768813,1.0101479464632686,1.0105323295389324
2025-11-02,1.104285655890512,0.9797874373501579,1.0107554618769061,1.0379852177278877,1.044995714120469,1.0064806156115114,1.1544736036026901,1.0325415184236928,2.0737695297510426,1.0952534661152005,1.0808508188805381,1.0485776782761524,1.1032645134299743,1.086110002776984,2.496579252791919,1.0211635329287527,1.773006877319983,1.0155549017771144,1.2219374671817411
