"Topic: Number of Small Business Loans",,,,
"Geographic Extent: City of Boston",,,,
"Year(s): 1996, 1997, 1998, 1999, 2000, 2001, 2002, 2003, 2004, 2005, 2006, 2007, 2008, 2009, 2010, 2011, 2012, 2013, 2014, 2015, 2016, 2017, 2018, 2019, 2020, 2021, 2022, 2023, 2024",,,,
"Note: A business is considered small if it has <$1M in annual revenue.",,,,
"Source: FFIEC, Community Reinvestment Act data, https://github.com/acforrester/community-reinvestment-act; City of Boston Planning Department Research Division analysis",,,,
"Download type: geographically disaggregated",,,,
,,,,
"GEOID","YEAR","Loans to small businesses","Loans to large businesses","Share of small loans going to small businesses"
"Allston","1996","90","158","0.362903225806452"
"Allston","1997","85","130","0.395348837209302"
"Allston","1998","103","111","0.481308411214953"
"Allston","1999","119","115","0.508547008547009"
"Allston","2000","160","240","0.4"
"Allston","2001","219","270","0.447852760736196"
"Allston","2002","134","397","0.252354048964218"
"Allston","2003","181","383","0.320921985815603"
"Allston","2004","194","397","0.328257191201354"
"Allston","2005","269","322","0.455160744500846"
"Allston","2006","333","635","0.34400826446281"
"Allston","2007","396","660","0.375"
"Allston","2008","227","556","0.289910600255428"
"Allston","2009","82","241","0.253869969040248"
"Allston","2010","94","231","0.289230769230769"
"Allston","2011","167","228","0.422784810126582"
"Allston","2012","176","219","0.445569620253165"
"Allston","2013","216","219","0.496551724137931"
"Allston","2014","266","305","0.46584938704028"
"Allston","2015","213","241","0.469162995594714"
"Allston","2016","277","303","0.477586206896552"
"Allston","2017","273","313","0.465870307167235"
"Allston","2018","278","365","0.432348367029549"
"Allston","2019","302","346","0.466049382716049"
"Allston","2020","311","475","0.395674300254453"
"Allston","2021","340","446","0.432569974554707"
"Allston","2022","257","307","0.455673758865248"
"Allston","2023","241","274","0.467961165048544"
"Allston","2024","326","305","0.516640253565769"
"Back Bay","1996","171","385","0.307553956834532"
"Back Bay","1997","239","348","0.407155025553663"
"Back Bay","1998","216","298","0.420233463035019"
"Back Bay","1999","230","225","0.505494505494505"
"Back Bay","2000","272","443","0.38041958041958"
"Back Bay","2001","394","510","0.435840707964602"
"Back Bay","2002","323","973","0.249228395061728"
"Back Bay","2003","320","703","0.312805474095797"
"Back Bay","2004","310","702","0.306324110671937"
"Back Bay","2005","402","462","0.465277777777778"
"Back Bay","2006","570","1482","0.277777777777778"
"Back Bay","2007","555","1537","0.265296367112811"
"Back Bay","2008","325","1372","0.191514437242192"
"Back Bay","2009","124","624","0.165775401069519"
"Back Bay","2010","135","588","0.186721991701245"
"Back Bay","2011","325","514","0.387365911799762"
"Back Bay","2012","388","545","0.415862808145766"
"Back Bay","2013","410","495","0.453038674033149"
"Back Bay","2014","428","553","0.436289500509684"
"Back Bay","2015","468","552","0.458823529411765"
"Back Bay","2016","514","671","0.433755274261603"
"Back Bay","2017","507","776","0.395167575993765"
"Back Bay","2018","476","896","0.346938775510204"
"Back Bay","2019","500","864","0.366568914956012"
"Back Bay","2020","602","1309","0.315018315018315"
"Back Bay","2021","651","1073","0.377610208816705"
"Back Bay","2022","601","915","0.396437994722955"
"Back Bay","2023","640","870","0.423841059602649"
"Back Bay","2024","615","923","0.399869960988296"
"Beacon Hill","1996","57","97","0.37012987012987"
"Beacon Hill","1997","74","81","0.47741935483871"
"Beacon Hill","1998","73","73","0.5"
"Beacon Hill","1999","102","53","0.658064516129032"
"Beacon Hill","2000","68","159","0.299559471365639"
"Beacon Hill","2001","102","124","0.451327433628319"
"Beacon Hill","2002","94","169","0.357414448669202"
"Beacon Hill","2003","123","171","0.418367346938776"
"Beacon Hill","2004","97","182","0.347670250896057"
"Beacon Hill","2005","127","142","0.472118959107807"
"Beacon Hill","2006","175","419","0.294612794612795"
"Beacon Hill","2007","213","408","0.342995169082126"
"Beacon Hill","2008","132","341","0.27906976744186"
"Beacon Hill","2009","55","135","0.289473684210526"
"Beacon Hill","2010","45","141","0.241935483870968"
"Beacon Hill","2011","86","140","0.380530973451327"
"Beacon Hill","2012","96","112","0.461538461538462"
"Beacon Hill","2013","112","100","0.528301886792453"
"Beacon Hill","2014","100","116","0.462962962962963"
"Beacon Hill","2015","112","107","0.511415525114155"
"Beacon Hill","2016","133","157","0.458620689655172"
"Beacon Hill","2017","149","163","0.477564102564103"
"Beacon Hill","2018","124","190","0.394904458598726"
"Beacon Hill","2019","133","178","0.427652733118971"
"Beacon Hill","2020","124","263","0.320413436692506"
"Beacon Hill","2021","174","243","0.41726618705036"
"Beacon Hill","2022","159","168","0.486238532110092"
"Beacon Hill","2023","147","144","0.505154639175258"
"Beacon Hill","2024","142","141","0.501766784452297"
"Brighton","1996","101","136","0.426160337552743"
"Brighton","1997","110","138","0.443548387096774"
"Brighton","1998","141","114","0.552941176470588"
"Brighton","1999","148","162","0.47741935483871"
"Brighton","2000","188","289","0.394129979035639"
"Brighton","2001","244","318","0.434163701067616"
"Brighton","2002","213","473","0.310495626822157"
"Brighton","2003","279","456","0.379591836734694"
"Brighton","2004","258","514","0.33419689119171"
"Brighton","2005","406","421","0.49093107617896"
"Brighton","2006","517","926","0.358281358281358"
"Brighton","2007","621","968","0.390811831340466"
"Brighton","2008","357","819","0.303571428571429"
"Brighton","2009","134","355","0.274028629856851"
"Brighton","2010","138","344","0.286307053941909"
"Brighton","2011","209","313","0.400383141762452"
"Brighton","2012","290","299","0.492359932088285"
"Brighton","2013","298","270","0.524647887323944"
"Brighton","2014","294","330","0.471153846153846"
"Brighton","2015","302","276","0.522491349480969"
"Brighton","2016","376","342","0.523676880222841"
"Brighton","2017","432","339","0.560311284046693"
"Brighton","2018","380","461","0.451843043995244"
"Brighton","2019","436","447","0.493771234428086"
"Brighton","2020","407","587","0.409456740442656"
"Brighton","2021","436","560","0.437751004016064"
"Brighton","2022","405","452","0.472578763127188"
"Brighton","2023","486","437","0.526543878656555"
"Brighton","2024","597","446","0.572387344199425"
"Charlestown","1996","50","94","0.347222222222222"
"Charlestown","1997","42","78","0.35"
"Charlestown","1998","68","66","0.507462686567164"
"Charlestown","1999","71","66","0.518248175182482"
"Charlestown","2000","85","184","0.315985130111524"
"Charlestown","2001","99","335","0.228110599078341"
"Charlestown","2002","92","321","0.222760290556901"
"Charlestown","2003","123","277","0.3075"
"Charlestown","2004","151","276","0.353629976580796"
"Charlestown","2005","165","190","0.464788732394366"
"Charlestown","2006","221","555","0.28479381443299"
"Charlestown","2007","270","557","0.326481257557437"
"Charlestown","2008","129","475","0.213576158940397"
"Charlestown","2009","58","192","0.232"
"Charlestown","2010","38","206","0.155737704918033"
"Charlestown","2011","112","174","0.391608391608392"
"Charlestown","2012","148","206","0.418079096045198"
"Charlestown","2013","148","169","0.466876971608833"
"Charlestown","2014","160","220","0.421052631578947"
"Charlestown","2015","166","223","0.426735218508997"
"Charlestown","2016","173","288","0.37527114967462"
"Charlestown","2017","235","295","0.443396226415094"
"Charlestown","2018","202","323","0.384761904761905"
"Charlestown","2019","241","311","0.436594202898551"
"Charlestown","2020","214","430","0.332298136645963"
"Charlestown","2021","283","409","0.408959537572254"
"Charlestown","2022","244","329","0.425828970331588"
"Charlestown","2023","264","288","0.478260869565217"
"Charlestown","2024","290","323","0.473083197389886"
"Chinatown","1996","153","272","0.36"
"Chinatown","1997","135","296","0.31322505800464"
"Chinatown","1998","152","235","0.392764857881137"
"Chinatown","1999","183","163","0.528901734104046"
"Chinatown","2000","184","358","0.339483394833948"
"Chinatown","2001","281","456","0.381275440976933"
"Chinatown","2002","225","483","0.317796610169492"
"Chinatown","2003","167","350","0.323017408123791"
"Chinatown","2004","147","366","0.286549707602339"
"Chinatown","2005","174","248","0.412322274881517"
"Chinatown","2006","200","651","0.235017626321974"
"Chinatown","2007","227","652","0.258248009101251"
"Chinatown","2008","117","529","0.181114551083591"
"Chinatown","2009","50","263","0.159744408945687"
"Chinatown","2010","55","234","0.190311418685121"
"Chinatown","2011","114","232","0.329479768786127"
"Chinatown","2012","133","208","0.390029325513196"
"Chinatown","2013","134","196","0.406060606060606"
"Chinatown","2014","167","228","0.422784810126582"
"Chinatown","2015","189","261","0.42"
"Chinatown","2016","186","304","0.379591836734694"
"Chinatown","2017","201","301","0.400398406374502"
"Chinatown","2018","158","347","0.312871287128713"
"Chinatown","2019","191","354","0.35045871559633"
"Chinatown","2020","211","521","0.288251366120219"
"Chinatown","2021","220","405","0.352"
"Chinatown","2022","79","125","0.387254901960784"
"Chinatown","2023","93","110","0.458128078817734"
"Chinatown","2024","143","173","0.45253164556962"
"Dorchester","1996","156","219","0.416"
"Dorchester","1997","172","250","0.407582938388626"
"Dorchester","1998","219","255","0.462025316455696"
"Dorchester","1999","223","364","0.379897785349233"
"Dorchester","2000","284","529","0.349323493234932"
"Dorchester","2001","364","692","0.34469696969697"
"Dorchester","2002","282","1060","0.210134128166915"
"Dorchester","2003","412","998","0.292198581560284"
"Dorchester","2004","395","1014","0.280340667139815"
"Dorchester","2005","611","849","0.418493150684931"
"Dorchester","2006","837","1744","0.324292909724913"
"Dorchester","2007","845","1566","0.350476980506014"
"Dorchester","2008","451","1321","0.25451467268623"
"Dorchester","2009","208","664","0.238532110091743"
"Dorchester","2010","175","546","0.242718446601942"
"Dorchester","2011","325","578","0.359911406423034"
"Dorchester","2012","419","595","0.413214990138067"
"Dorchester","2013","427","446","0.489117983963345"
"Dorchester","2014","428","567","0.430150753768844"
"Dorchester","2015","576","510","0.530386740331492"
"Dorchester","2016","692","635","0.52147701582517"
"Dorchester","2017","694","656","0.514074074074074"
"Dorchester","2018","615","782","0.440229062276306"
"Dorchester","2019","731","897","0.449017199017199"
"Dorchester","2020","791","1162","0.405017921146953"
"Dorchester","2021","1115","1323","0.457342083675144"
"Dorchester","2022","1023","911","0.528955532574974"
"Dorchester","2023","1107","860","0.562785968479919"
"Dorchester","2024","1213","959","0.558471454880295"
"Downtown","1996","345","590","0.368983957219251"
"Downtown","1997","350","619","0.361197110423117"
"Downtown","1998","329","465","0.414357682619647"
"Downtown","1999","377","337","0.528011204481793"
"Downtown","2000","416","687","0.377153218495014"
"Downtown","2001","613","973","0.386506935687264"
"Downtown","2002","469","1027","0.313502673796791"
"Downtown","2003","607","1272","0.323044172432145"
"Downtown","2004","554","1354","0.290356394129979"
"Downtown","2005","652","862","0.430647291941876"
"Downtown","2006","760","2422","0.238843494657448"
"Downtown","2007","786","2387","0.247715096123542"
"Downtown","2008","428","2025","0.174480228291887"
"Downtown","2009","178","1053","0.144597887896019"
"Downtown","2010","204","905","0.18394950405771"
"Downtown","2011","432","940","0.314868804664723"
"Downtown","2012","583","950","0.380300065231572"
"Downtown","2013","578","875","0.397797660013765"
"Downtown","2014","669","967","0.408924205378973"
"Downtown","2015","743","1082","0.407123287671233"
"Downtown","2016","745","1236","0.376072690560323"
"Downtown","2017","828","1292","0.390566037735849"
"Downtown","2018","642","1425","0.310595065312046"
"Downtown","2019","707","1499","0.320489573889393"
"Downtown","2020","873","2157","0.288118811881188"
"Downtown","2021","906","1720","0.345011424219345"
"Downtown","2022","791","1868","0.297480255735239"
"Downtown","2023","824","1532","0.34974533106961"
"Downtown","2024","850","1525","0.357894736842105"
"East Boston","1996","85","125","0.404761904761905"
"East Boston","1997","59","113","0.343023255813953"
"East Boston","1998","75","95","0.441176470588235"
"East Boston","1999","122","145","0.456928838951311"
"East Boston","2000","131","243","0.350267379679144"
"East Boston","2001","165","275","0.375"
"East Boston","2002","105","373","0.219665271966527"
"East Boston","2003","178","352","0.335849056603774"
"East Boston","2004","168","366","0.314606741573034"
"East Boston","2005","224","273","0.450704225352113"
"East Boston","2006","274","604","0.312072892938497"
"East Boston","2007","352","563","0.384699453551913"
"East Boston","2008","203","507","0.285915492957746"
"East Boston","2009","80","185","0.30188679245283"
"East Boston","2010","81","231","0.259615384615385"
"East Boston","2011","121","191","0.387820512820513"
"East Boston","2012","159","170","0.483282674772036"
"East Boston","2013","143","152","0.484745762711864"
"East Boston","2014","157","182","0.463126843657817"
"East Boston","2015","204","219","0.482269503546099"
"East Boston","2016","285","244","0.53875236294896"
"East Boston","2017","271","257","0.513257575757576"
"East Boston","2018","239","299","0.444237918215613"
"East Boston","2019","271","346","0.439222042139384"
"East Boston","2020","300","465","0.392156862745098"
"East Boston","2021","377","478","0.44093567251462"
"East Boston","2022","404","396","0.505"
"East Boston","2023","479","371","0.563529411764706"
"East Boston","2024","512","394","0.565121412803532"
"Fenway","1996","61","128","0.322751322751323"
"Fenway","1997","98","107","0.478048780487805"
"Fenway","1998","88","104","0.458333333333333"
"Fenway","1999","96","77","0.554913294797688"
"Fenway","2000","122","211","0.366366366366366"
"Fenway","2001","148","270","0.354066985645933"
"Fenway","2002","130","282","0.315533980582524"
"Fenway","2003","156","293","0.347438752783964"
"Fenway","2004","113","323","0.259174311926606"
"Fenway","2005","211","193","0.522277227722772"
"Fenway","2006","285","491","0.367268041237113"
"Fenway","2007","308","558","0.355658198614319"
"Fenway","2008","164","482","0.253869969040248"
"Fenway","2009","64","203","0.239700374531835"
"Fenway","2010","64","186","0.256"
"Fenway","2011","102","174","0.369565217391304"
"Fenway","2012","125","185","0.403225806451613"
"Fenway","2013","175","172","0.504322766570605"
"Fenway","2014","179","180","0.498607242339833"
"Fenway","2015","203","185","0.52319587628866"
"Fenway","2016","190","202","0.48469387755102"
"Fenway","2017","202","245","0.451901565995526"
"Fenway","2018","207","303","0.405882352941176"
"Fenway","2019","240","271","0.469667318982387"
"Fenway","2020","189","315","0.375"
"Fenway","2021","234","332","0.413427561837456"
"Fenway","2022","187","216","0.464019851116625"
"Fenway","2023","215","212","0.503512880562061"
"Fenway","2024","227","234","0.492407809110629"
"Hyde Park","1996","63","75","0.456521739130435"
"Hyde Park","1997","54","83","0.394160583941606"
"Hyde Park","1998","98","65","0.601226993865031"
"Hyde Park","1999","79","105","0.429347826086957"
"Hyde Park","2000","97","210","0.315960912052117"
"Hyde Park","2001","105","265","0.283783783783784"
"Hyde Park","2002","123","344","0.26338329764454"
"Hyde Park","2003","151","358","0.296660117878193"
"Hyde Park","2004","152","381","0.285178236397749"
"Hyde Park","2005","236","271","0.465483234714004"
"Hyde Park","2006","279","595","0.319221967963387"
"Hyde Park","2007","265","565","0.319277108433735"
"Hyde Park","2008","147","485","0.232594936708861"
"Hyde Park","2009","60","242","0.198675496688742"
"Hyde Park","2010","62","213","0.225454545454545"
"Hyde Park","2011","105","231","0.3125"
"Hyde Park","2012","130","251","0.341207349081365"
"Hyde Park","2013","142","161","0.468646864686469"
"Hyde Park","2014","157","165","0.487577639751553"
"Hyde Park","2015","197","160","0.551820728291317"
"Hyde Park","2016","229","240","0.488272921108742"
"Hyde Park","2017","221","257","0.46234309623431"
"Hyde Park","2018","204","305","0.400785854616896"
"Hyde Park","2019","221","325","0.404761904761905"
"Hyde Park","2020","217","413","0.344444444444444"
"Hyde Park","2021","374","468","0.444180522565321"
"Hyde Park","2022","378","312","0.547826086956522"
"Hyde Park","2023","396","318","0.554621848739496"
"Hyde Park","2024","442","303","0.593288590604027"
"Jamaica Plain","1996","77","131","0.370192307692308"
"Jamaica Plain","1997","69","100","0.408284023668639"
"Jamaica Plain","1998","110","95","0.536585365853659"
"Jamaica Plain","1999","156","133","0.539792387543253"
"Jamaica Plain","2000","189","257","0.423766816143498"
"Jamaica Plain","2001","214","309","0.409177820267686"
"Jamaica Plain","2002","171","412","0.293310463121784"
"Jamaica Plain","2003","250","478","0.343406593406593"
"Jamaica Plain","2004","241","453","0.347262247838617"
"Jamaica Plain","2005","343","330","0.509658246656761"
"Jamaica Plain","2006","471","821","0.364551083591331"
"Jamaica Plain","2007","524","851","0.381090909090909"
"Jamaica Plain","2008","248","711","0.258602711157456"
"Jamaica Plain","2009","88","299","0.227390180878553"
"Jamaica Plain","2010","103","256","0.286908077994429"
"Jamaica Plain","2011","170","246","0.408653846153846"
"Jamaica Plain","2012","217","272","0.443762781186094"
"Jamaica Plain","2013","207","217","0.488207547169811"
"Jamaica Plain","2014","238","260","0.477911646586345"
"Jamaica Plain","2015","296","262","0.530465949820789"
"Jamaica Plain","2016","339","278","0.549432739059968"
"Jamaica Plain","2017","315","293","0.518092105263158"
"Jamaica Plain","2018","315","369","0.460526315789474"
"Jamaica Plain","2019","360","344","0.511363636363636"
"Jamaica Plain","2020","340","539","0.386803185437998"
"Jamaica Plain","2021","472","489","0.491155046826223"
"Jamaica Plain","2022","439","370","0.542645241038319"
"Jamaica Plain","2023","434","298","0.592896174863388"
"Jamaica Plain","2024","463","368","0.557160048134777"
"Longwood","1996","3","4","0.428571428571429"
"Longwood","1997","2","8","0.2"
"Longwood","1998","7","5","0.583333333333333"
"Longwood","1999","3","10","0.230769230769231"
"Longwood","2000","5","7","0.416666666666667"
"Longwood","2001","11","16","0.407407407407407"
"Longwood","2002","6","13","0.315789473684211"
"Longwood","2003","6","15","0.285714285714286"
"Longwood","2004","3","13","0.1875"
"Longwood","2005","8","10","0.444444444444444"
"Longwood","2006","8","27","0.228571428571429"
"Longwood","2007","11","16","0.407407407407407"
"Longwood","2008","5","21","0.192307692307692"
"Longwood","2009","0","13","0"
"Longwood","2010","0","3","0"
"Longwood","2011","10","7","0.588235294117647"
"Longwood","2012","1","5","0.166666666666667"
"Longwood","2013","2","12","0.142857142857143"
"Longwood","2014","4","10","0.285714285714286"
"Longwood","2015","6","16","0.272727272727273"
"Longwood","2016","9","11","0.45"
"Longwood","2017","8","18","0.307692307692308"
"Longwood","2018","5","15","0.25"
"Longwood","2019","8","28","0.222222222222222"
"Longwood","2020","10","10","0.5"
"Longwood","2021","6","9","0.4"
"Longwood","2022","8","10","0.444444444444444"
"Longwood","2023","3","11","0.214285714285714"
"Longwood","2024","11","18","0.379310344827586"
"Mattapan","1996","46","39","0.541176470588235"
"Mattapan","1997","32","33","0.492307692307692"
"Mattapan","1998","41","42","0.493975903614458"
"Mattapan","1999","54","49","0.524271844660194"
"Mattapan","2000","56","85","0.397163120567376"
"Mattapan","2001","55","130","0.297297297297297"
"Mattapan","2002","60","168","0.263157894736842"
"Mattapan","2003","71","158","0.310043668122271"
"Mattapan","2004","75","137","0.35377358490566"
"Mattapan","2005","109","129","0.457983193277311"
"Mattapan","2006","171","285","0.375"
"Mattapan","2007","183","269","0.404867256637168"
"Mattapan","2008","89","228","0.280757097791798"
"Mattapan","2009","25","105","0.192307692307692"
"Mattapan","2010","22","94","0.189655172413793"
"Mattapan","2011","55","126","0.303867403314917"
"Mattapan","2012","65","145","0.30952380952381"
"Mattapan","2013","72","85","0.45859872611465"
"Mattapan","2014","70","74","0.486111111111111"
"Mattapan","2015","102","79","0.56353591160221"
"Mattapan","2016","108","92","0.54"
"Mattapan","2017","123","102","0.546666666666667"
"Mattapan","2018","85","133","0.389908256880734"
"Mattapan","2019","131","127","0.507751937984496"
"Mattapan","2020","100","183","0.353356890459364"
"Mattapan","2021","192","253","0.431460674157303"
"Mattapan","2022","198","154","0.5625"
"Mattapan","2023","202","127","0.613981762917933"
"Mattapan","2024","218","145","0.600550964187328"
"Mission Hill","1996","19","53","0.263888888888889"
"Mission Hill","1997","21","47","0.308823529411765"
"Mission Hill","1998","29","50","0.367088607594937"
"Mission Hill","1999","33","49","0.402439024390244"
"Mission Hill","2000","52","73","0.416"
"Mission Hill","2001","73","80","0.477124183006536"
"Mission Hill","2002","56","114","0.329411764705882"
"Mission Hill","2003","60","109","0.355029585798817"
"Mission Hill","2004","57","117","0.327586206896552"
"Mission Hill","2005","95","73","0.56547619047619"
"Mission Hill","2006","105","239","0.305232558139535"
"Mission Hill","2007","108","211","0.338557993730408"
"Mission Hill","2008","62","197","0.239382239382239"
"Mission Hill","2009","18","66","0.214285714285714"
"Mission Hill","2010","23","65","0.261363636363636"
"Mission Hill","2011","37","58","0.389473684210526"
"Mission Hill","2012","40","74","0.350877192982456"
"Mission Hill","2013","68","45","0.601769911504425"
"Mission Hill","2014","66","52","0.559322033898305"
"Mission Hill","2015","59","55","0.517543859649123"
"Mission Hill","2016","62","62","0.5"
"Mission Hill","2017","75","69","0.520833333333333"
"Mission Hill","2018","79","76","0.509677419354839"
"Mission Hill","2019","65","86","0.43046357615894"
"Mission Hill","2020","89","103","0.463541666666667"
"Mission Hill","2021","109","119","0.478070175438596"
"Mission Hill","2022","80","80","0.5"
"Mission Hill","2023","85","65","0.566666666666667"
"Mission Hill","2024","98","92","0.515789473684211"
"North End","1996","151","193","0.438953488372093"
"North End","1997","153","218","0.412398921832884"
"North End","1998","138","172","0.445161290322581"
"North End","1999","148","126","0.54014598540146"
"North End","2000","180","229","0.440097799511002"
"North End","2001","236","352","0.401360544217687"
"North End","2002","173","391","0.306737588652482"
"North End","2003","207","401","0.340460526315789"
"North End","2004","199","428","0.317384370015949"
"North End","2005","238","284","0.455938697318008"
"North End","2006","319","826","0.278602620087336"
"North End","2007","298","768","0.279549718574109"
"North End","2008","190","726","0.207423580786026"
"North End","2009","66","376","0.149321266968326"
"North End","2010","89","310","0.223057644110276"
"North End","2011","178","326","0.353174603174603"
"North End","2012","210","315","0.4"
"North End","2013","211","248","0.459694989106754"
"North End","2014","216","283","0.432865731462926"
"North End","2015","216","287","0.429423459244533"
"North End","2016","269","334","0.446102819237148"
"North End","2017","247","357","0.408940397350993"
"North End","2018","205","385","0.347457627118644"
"North End","2019","223","445","0.333832335329341"
"North End","2020","281","601","0.31859410430839"
"North End","2021","318","545","0.368482039397451"
"North End","2022","166","262","0.38785046728972"
"North End","2023","156","202","0.435754189944134"
"North End","2024","160","227","0.41343669250646"
"Roslindale","1996","38","62","0.38"
"Roslindale","1997","59","66","0.472"
"Roslindale","1998","93","56","0.624161073825503"
"Roslindale","1999","77","123","0.385"
"Roslindale","2000","115","205","0.359375"
"Roslindale","2001","153","207","0.425"
"Roslindale","2002","113","295","0.276960784313726"
"Roslindale","2003","135","283","0.322966507177034"
"Roslindale","2004","140","336","0.294117647058824"
"Roslindale","2005","253","257","0.496078431372549"
"Roslindale","2006","280","589","0.322209436133487"
"Roslindale","2007","333","577","0.365934065934066"
"Roslindale","2008","207","459","0.310810810810811"
"Roslindale","2009","72","211","0.254416961130742"
"Roslindale","2010","55","179","0.235042735042735"
"Roslindale","2011","114","182","0.385135135135135"
"Roslindale","2012","163","224","0.421188630490956"
"Roslindale","2013","168","146","0.535031847133758"
"Roslindale","2014","164","176","0.482352941176471"
"Roslindale","2015","183","151","0.547904191616767"
"Roslindale","2016","197","173","0.532432432432432"
"Roslindale","2017","220","189","0.537897310513447"
"Roslindale","2018","179","226","0.441975308641975"
"Roslindale","2019","219","223","0.495475113122172"
"Roslindale","2020","211","319","0.39811320754717"
"Roslindale","2021","302","297","0.504173622704507"
"Roslindale","2022","278","245","0.531548757170172"
"Roslindale","2023","286","238","0.545801526717557"
"Roslindale","2024","321","278","0.535893155258765"
"Roxbury","1996","63","142","0.307317073170732"
"Roxbury","1997","73","134","0.352657004830918"
"Roxbury","1998","73","133","0.354368932038835"
"Roxbury","1999","91","134","0.404444444444444"
"Roxbury","2000","100","256","0.280898876404494"
"Roxbury","2001","192","331","0.367112810707457"
"Roxbury","2002","117","457","0.20383275261324"
"Roxbury","2003","174","399","0.303664921465969"
"Roxbury","2004","146","403","0.265938069216758"
"Roxbury","2005","200","332","0.37593984962406"
"Roxbury","2006","331","681","0.327075098814229"
"Roxbury","2007","329","626","0.344502617801047"
"Roxbury","2008","135","505","0.2109375"
"Roxbury","2009","51","236","0.177700348432056"
"Roxbury","2010","64","243","0.208469055374593"
"Roxbury","2011","132","263","0.334177215189873"
"Roxbury","2012","156","276","0.361111111111111"
"Roxbury","2013","164","215","0.432717678100264"
"Roxbury","2014","157","244","0.391521197007481"
"Roxbury","2015","212","236","0.473214285714286"
"Roxbury","2016","235","275","0.46078431372549"
"Roxbury","2017","307","353","0.465151515151515"
"Roxbury","2018","236","356","0.398648648648649"
"Roxbury","2019","319","398","0.444909344490934"
"Roxbury","2020","276","538","0.339066339066339"
"Roxbury","2021","397","557","0.416142557651992"
"Roxbury","2022","377","414","0.47661188369153"
"Roxbury","2023","408","339","0.546184738955823"
"Roxbury","2024","487","374","0.565621370499419"
"South Boston","1996","165","309","0.348101265822785"
"South Boston","1997","152","303","0.334065934065934"
"South Boston","1998","179","232","0.435523114355231"
"South Boston","1999","192","231","0.453900709219858"
"South Boston","2000","192","450","0.299065420560748"
"South Boston","2001","292","564","0.341121495327103"
"South Boston","2002","235","684","0.255712731229597"
"South Boston","2003","285","681","0.295031055900621"
"South Boston","2004","261","680","0.277364505844846"
"South Boston","2005","325","491","0.39828431372549"
"South Boston","2006","481","1157","0.293650793650794"
"South Boston","2007","528","1180","0.309133489461358"
"South Boston","2008","293","1021","0.222983257229833"
"South Boston","2009","108","472","0.186206896551724"
"South Boston","2010","112","471","0.192109777015437"
"South Boston","2011","247","475","0.342105263157895"
"South Boston","2012","241","339","0.41551724137931"
"South Boston","2013","283","359","0.440809968847352"
"South Boston","2014","328","406","0.446866485013624"
"South Boston","2015","364","423","0.462515883100381"
"South Boston","2016","369","630","0.369369369369369"
"South Boston","2017","434","574","0.430555555555556"
"South Boston","2018","340","718","0.321361058601134"
"South Boston","2019","394","683","0.365831012070566"
"South Boston","2020","381","963","0.283482142857143"
"South Boston","2021","498","820","0.377845220030349"
"South Boston","2022","350","458","0.433168316831683"
"South Boston","2023","429","443","0.49197247706422"
"South Boston","2024","410","533","0.434782608695652"
"South Boston Waterfront","1996","24","46","0.342857142857143"
"South Boston Waterfront","1997","17","44","0.278688524590164"
"South Boston Waterfront","1998","22","36","0.379310344827586"
"South Boston Waterfront","1999","19","30","0.387755102040816"
"South Boston Waterfront","2000","19","56","0.253333333333333"
"South Boston Waterfront","2001","31","62","0.333333333333333"
"South Boston Waterfront","2002","24","75","0.242424242424242"
"South Boston Waterfront","2003","30","88","0.254237288135593"
"South Boston Waterfront","2004","25","85","0.227272727272727"
"South Boston Waterfront","2005","29","60","0.325842696629214"
"South Boston Waterfront","2006","44","144","0.234042553191489"
"South Boston Waterfront","2007","47","138","0.254054054054054"
"South Boston Waterfront","2008","21","130","0.139072847682119"
"South Boston Waterfront","2009","10","58","0.147058823529412"
"South Boston Waterfront","2010","12","61","0.164383561643836"
"South Boston Waterfront","2011","24","67","0.263736263736264"
"South Boston Waterfront","2012","49","104","0.320261437908497"
"South Boston Waterfront","2013","61","100","0.37888198757764"
"South Boston Waterfront","2014","52","115","0.311377245508982"
"South Boston Waterfront","2015","70","120","0.368421052631579"
"South Boston Waterfront","2016","66","142","0.317307692307692"
"South Boston Waterfront","2017","75","136","0.355450236966825"
"South Boston Waterfront","2018","71","150","0.321266968325792"
"South Boston Waterfront","2019","63","164","0.277533039647577"
"South Boston Waterfront","2020","88","243","0.265861027190332"
"South Boston Waterfront","2021","102","214","0.322784810126582"
"South Boston Waterfront","2022","153","370","0.292543021032505"
"South Boston Waterfront","2023","153","335","0.313524590163934"
"South Boston Waterfront","2024","188","296","0.388429752066116"
"South End","1996","126","217","0.36734693877551"
"South End","1997","122","250","0.327956989247312"
"South End","1998","166","197","0.457300275482094"
"South End","1999","180","206","0.466321243523316"
"South End","2000","200","377","0.346620450606586"
"South End","2001","299","508","0.370508054522924"
"South End","2002","268","597","0.309826589595376"
"South End","2003","298","595","0.333706606942889"
"South End","2004","300","698","0.30060120240481"
"South End","2005","372","427","0.46558197747184"
"South End","2006","511","1235","0.292668957617411"
"South End","2007","553","1276","0.302351011481684"
"South End","2008","313","1107","0.220422535211268"
"South End","2009","131","523","0.200305810397554"
"South End","2010","146","535","0.2143906020558"
"South End","2011","337","398","0.458503401360544"
"South End","2012","349","453","0.435162094763092"
"South End","2013","412","359","0.534370946822309"
"South End","2014","352","492","0.417061611374408"
"South End","2015","402","463","0.464739884393064"
"South End","2016","511","547","0.482986767485822"
"South End","2017","559","504","0.525870178739417"
"South End","2018","430","648","0.398886827458256"
"South End","2019","454","657","0.408640864086409"
"South End","2020","530","926","0.364010989010989"
"South End","2021","628","843","0.426920462270564"
"South End","2022","469","651","0.41875"
"South End","2023","474","574","0.452290076335878"
"South End","2024","547","652","0.456213511259383"
"West End","1996","51","73","0.411290322580645"
"West End","1997","54","87","0.382978723404255"
"West End","1998","51","79","0.392307692307692"
"West End","1999","52","47","0.525252525252525"
"West End","2000","54","128","0.296703296703297"
"West End","2001","91","123","0.425233644859813"
"West End","2002","77","162","0.322175732217573"
"West End","2003","90","155","0.36734693877551"
"West End","2004","72","175","0.291497975708502"
"West End","2005","90","137","0.39647577092511"
"West End","2006","113","356","0.240938166311301"
"West End","2007","131","341","0.277542372881356"
"West End","2008","69","255","0.212962962962963"
"West End","2009","23","116","0.165467625899281"
"West End","2010","25","107","0.189393939393939"
"West End","2011","62","92","0.402597402597403"
"West End","2012","91","152","0.374485596707819"
"West End","2013","90","140","0.391304347826087"
"West End","2014","100","138","0.420168067226891"
"West End","2015","99","112","0.469194312796209"
"West End","2016","102","138","0.425"
"West End","2017","104","156","0.4"
"West End","2018","118","218","0.351190476190476"
"West End","2019","140","222","0.386740331491713"
"West End","2020","140","327","0.299785867237687"
"West End","2021","149","282","0.345707656612529"
"West End","2022","144","227","0.388140161725067"
"West End","2023","140","225","0.383561643835616"
"West End","2024","140","215","0.394366197183099"
"West Roxbury","1996","53","93","0.363013698630137"
"West Roxbury","1997","87","81","0.517857142857143"
"West Roxbury","1998","114","77","0.596858638743455"
"West Roxbury","1999","122","137","0.471042471042471"
"West Roxbury","2000","120","235","0.338028169014085"
"West Roxbury","2001","148","282","0.344186046511628"
"West Roxbury","2002","142","361","0.282306163021869"
"West Roxbury","2003","184","327","0.360078277886497"
"West Roxbury","2004","192","371","0.341030195381883"
"West Roxbury","2005","291","305","0.488255033557047"
"West Roxbury","2006","379","714","0.346752058554437"
"West Roxbury","2007","415","825","0.334677419354839"
"West Roxbury","2008","241","665","0.266004415011038"
"West Roxbury","2009","88","326","0.21256038647343"
"West Roxbury","2010","93","243","0.276785714285714"
"West Roxbury","2011","133","234","0.362397820163488"
"West Roxbury","2012","186","258","0.418918918918919"
"West Roxbury","2013","207","204","0.503649635036496"
"West Roxbury","2014","226","236","0.489177489177489"
"West Roxbury","2015","252","221","0.53276955602537"
"West Roxbury","2016","248","242","0.506122448979592"
"West Roxbury","2017","313","232","0.574311926605505"
"West Roxbury","2018","289","290","0.499136442141624"
"West Roxbury","2019","348","301","0.536209553158706"
"West Roxbury","2020","344","431","0.443870967741935"
"West Roxbury","2021","433","403","0.517942583732057"
"West Roxbury","2022","352","289","0.549141965678627"
"West Roxbury","2023","379","254","0.598736176935229"
"West Roxbury","2024","452","303","0.598675496688742"
